ISO-10303-21;
HEADER;
/* Generated by software containing ST-Developer
 * from STEP Tools, Inc. (www.steptools.com) 
 */
/* OPTION: using custom renumber hook */

FILE_DESCRIPTION(
/* description */ ('STEP AP242 Edition 2',
'CAx-IF Rec.Pracs.---Representation and Presentation of Product Manufa
cturing Information (PMI)---4.0---2014-10-13',
'CAx-IF Rec.Pracs.---3D Tessellated Geometry---0.4---2014-09-14','2;1',
'CAx-IF Rec.Pracs.---User Defined Attributes---1.5---2016-08-15'),
/* implementation_level */ '2;1');

FILE_NAME(
/* name */ 'Wand3 STEP file (1)',
/* time_stamp */ '2026-08-03T04:45:34Z',
/* author */ (''),
/* organization */ (''),
/* preprocessor_version */ 'ST-DEVELOPER v20',
/* originating_system */ 'ONSHAPE BY PTC INC, 1.218',
/* authorisation */ '  ');

FILE_SCHEMA (('AP242_MANAGED_MODEL_BASED_3D_ENGINEERING_MIM_LF { 1 0 10303 442 3 1 4 }'));
ENDSEC;

DATA;
#10=SHAPE_REPRESENTATION_RELATIONSHIP('','',#2195,#12);
#11=SHAPE_REPRESENTATION_RELATIONSHIP('','',#2196,#13);
#12=ADVANCED_BREP_SHAPE_REPRESENTATION('',(#2191),#3567);
#13=ADVANCED_BREP_SHAPE_REPRESENTATION('',(#2192),#3568);
#14=PLANE('',#2224);
#15=PLANE('',#2225);
#16=PLANE('',#2226);
#17=PLANE('',#2227);
#18=PLANE('',#2228);
#19=PLANE('',#2229);
#20=PLANE('',#2230);
#21=PLANE('',#2231);
#22=PLANE('',#2232);
#23=PLANE('',#2233);
#24=PLANE('',#2234);
#25=PLANE('',#2235);
#26=PLANE('',#2236);
#27=PLANE('',#2237);
#28=PLANE('',#2238);
#29=PLANE('',#2239);
#30=PLANE('',#2240);
#31=PLANE('',#2241);
#32=PLANE('',#2242);
#33=PLANE('',#2243);
#34=PLANE('',#2244);
#35=PLANE('',#2245);
#36=PLANE('',#2246);
#37=PLANE('',#2247);
#38=PLANE('',#2248);
#39=PLANE('',#2249);
#40=PLANE('',#2250);
#41=PLANE('',#2251);
#42=PLANE('',#2252);
#43=PLANE('',#2253);
#44=PLANE('',#2254);
#45=PLANE('',#2255);
#46=PLANE('',#2256);
#47=PLANE('',#2257);
#48=PLANE('',#2258);
#49=PLANE('',#2259);
#50=PLANE('',#2260);
#51=PLANE('',#2261);
#52=PLANE('',#2262);
#53=PLANE('',#2263);
#54=PLANE('',#2264);
#55=PLANE('',#2265);
#56=PLANE('',#2266);
#57=PLANE('',#2267);
#58=PLANE('',#2268);
#59=PLANE('',#2269);
#60=PLANE('',#2270);
#61=PLANE('',#2271);
#62=PLANE('',#2272);
#63=PLANE('',#2273);
#64=PLANE('',#2274);
#65=PLANE('',#2275);
#66=PLANE('',#2276);
#67=PLANE('',#2277);
#68=PLANE('',#2278);
#69=PLANE('',#2279);
#70=PLANE('',#2280);
#71=PLANE('',#2281);
#72=PLANE('',#2282);
#73=PLANE('',#2309);
#74=PLANE('',#2310);
#75=PLANE('',#2320);
#76=PLANE('',#2321);
#77=PLANE('',#2322);
#78=PLANE('',#2323);
#79=PLANE('',#2324);
#80=PLANE('',#2325);
#81=PLANE('',#2326);
#82=PLANE('',#2327);
#83=PLANE('',#2328);
#84=PLANE('',#2329);
#85=PLANE('',#2330);
#86=PLANE('',#2331);
#87=PLANE('',#2332);
#88=PLANE('',#2333);
#89=PLANE('',#2334);
#90=PLANE('',#2335);
#91=PLANE('',#2336);
#92=PLANE('',#2337);
#93=PLANE('',#2338);
#94=PLANE('',#2339);
#95=PLANE('',#2340);
#96=PLANE('',#2341);
#97=PLANE('',#2342);
#98=PLANE('',#2343);
#99=PLANE('',#2344);
#100=PLANE('',#2345);
#101=PLANE('',#2346);
#102=PLANE('',#2347);
#103=PLANE('',#2348);
#104=PLANE('',#2349);
#105=PLANE('',#2350);
#106=PLANE('',#2351);
#107=PLANE('',#2352);
#108=PLANE('',#2353);
#109=LINE('',#2939,#375);
#110=LINE('',#2943,#376);
#111=LINE('',#2948,#377);
#112=LINE('',#2952,#378);
#113=LINE('',#2957,#379);
#114=LINE('',#2961,#380);
#115=LINE('',#2965,#381);
#116=LINE('',#2969,#382);
#117=LINE('',#2973,#383);
#118=LINE('',#2977,#384);
#119=LINE('',#2981,#385);
#120=LINE('',#2985,#386);
#121=LINE('',#2989,#387);
#122=LINE('',#2994,#388);
#123=LINE('',#2998,#389);
#124=LINE('',#3002,#390);
#125=LINE('',#3006,#391);
#126=LINE('',#3010,#392);
#127=LINE('',#3014,#393);
#128=LINE('',#3018,#394);
#129=LINE('',#3022,#395);
#130=LINE('',#3026,#396);
#131=LINE('',#3028,#397);
#132=LINE('',#3030,#398);
#133=LINE('',#3032,#399);
#134=LINE('',#3034,#400);
#135=LINE('',#3036,#401);
#136=LINE('',#3038,#402);
#137=LINE('',#3040,#403);
#138=LINE('',#3042,#404);
#139=LINE('',#3044,#405);
#140=LINE('',#3046,#406);
#141=LINE('',#3048,#407);
#142=LINE('',#3050,#408);
#143=LINE('',#3052,#409);
#144=LINE('',#3054,#410);
#145=LINE('',#3056,#411);
#146=LINE('',#3058,#412);
#147=LINE('',#3060,#413);
#148=LINE('',#3062,#414);
#149=LINE('',#3064,#415);
#150=LINE('',#3066,#416);
#151=LINE('',#3068,#417);
#152=LINE('',#3070,#418);
#153=LINE('',#3072,#419);
#154=LINE('',#3074,#420);
#155=LINE('',#3076,#421);
#156=LINE('',#3078,#422);
#157=LINE('',#3080,#423);
#158=LINE('',#3082,#424);
#159=LINE('',#3084,#425);
#160=LINE('',#3086,#426);
#161=LINE('',#3088,#427);
#162=LINE('',#3090,#428);
#163=LINE('',#3092,#429);
#164=LINE('',#3094,#430);
#165=LINE('',#3096,#431);
#166=LINE('',#3098,#432);
#167=LINE('',#3100,#433);
#168=LINE('',#3102,#434);
#169=LINE('',#3104,#435);
#170=LINE('',#3106,#436);
#171=LINE('',#3107,#437);
#172=LINE('',#3109,#438);
#173=LINE('',#3111,#439);
#174=LINE('',#3113,#440);
#175=LINE('',#3115,#441);
#176=LINE('',#3117,#442);
#177=LINE('',#3119,#443);
#178=LINE('',#3121,#444);
#179=LINE('',#3123,#445);
#180=LINE('',#3125,#446);
#181=LINE('',#3127,#447);
#182=LINE('',#3128,#448);
#183=LINE('',#3130,#449);
#184=LINE('',#3132,#450);
#185=LINE('',#3134,#451);
#186=LINE('',#3136,#452);
#187=LINE('',#3138,#453);
#188=LINE('',#3140,#454);
#189=LINE('',#3142,#455);
#190=LINE('',#3144,#456);
#191=LINE('',#3146,#457);
#192=LINE('',#3148,#458);
#193=LINE('',#3150,#459);
#194=LINE('',#3153,#460);
#195=LINE('',#3155,#461);
#196=LINE('',#3157,#462);
#197=LINE('',#3159,#463);
#198=LINE('',#3161,#464);
#199=LINE('',#3163,#465);
#200=LINE('',#3165,#466);
#201=LINE('',#3167,#467);
#202=LINE('',#3169,#468);
#203=LINE('',#3171,#469);
#204=LINE('',#3173,#470);
#205=LINE('',#3175,#471);
#206=LINE('',#3177,#472);
#207=LINE('',#3179,#473);
#208=LINE('',#3181,#474);
#209=LINE('',#3183,#475);
#210=LINE('',#3184,#476);
#211=LINE('',#3185,#477);
#212=LINE('',#3186,#478);
#213=LINE('',#3188,#479);
#214=LINE('',#3190,#480);
#215=LINE('',#3192,#481);
#216=LINE('',#3194,#482);
#217=LINE('',#3196,#483);
#218=LINE('',#3198,#484);
#219=LINE('',#3200,#485);
#220=LINE('',#3202,#486);
#221=LINE('',#3204,#487);
#222=LINE('',#3206,#488);
#223=LINE('',#3208,#489);
#224=LINE('',#3210,#490);
#225=LINE('',#3213,#491);
#226=LINE('',#3214,#492);
#227=LINE('',#3216,#493);
#228=LINE('',#3218,#494);
#229=LINE('',#3220,#495);
#230=LINE('',#3222,#496);
#231=LINE('',#3225,#497);
#232=LINE('',#3226,#498);
#233=LINE('',#3228,#499);
#234=LINE('',#3230,#500);
#235=LINE('',#3232,#501);
#236=LINE('',#3234,#502);
#237=LINE('',#3236,#503);
#238=LINE('',#3238,#504);
#239=LINE('',#3239,#505);
#240=LINE('',#3240,#506);
#241=LINE('',#3241,#507);
#242=LINE('',#3242,#508);
#243=LINE('',#3243,#509);
#244=LINE('',#3245,#510);
#245=LINE('',#3247,#511);
#246=LINE('',#3249,#512);
#247=LINE('',#3251,#513);
#248=LINE('',#3253,#514);
#249=LINE('',#3255,#515);
#250=LINE('',#3257,#516);
#251=LINE('',#3259,#517);
#252=LINE('',#3261,#518);
#253=LINE('',#3263,#519);
#254=LINE('',#3265,#520);
#255=LINE('',#3267,#521);
#256=LINE('',#3269,#522);
#257=LINE('',#3271,#523);
#258=LINE('',#3273,#524);
#259=LINE('',#3275,#525);
#260=LINE('',#3277,#526);
#261=LINE('',#3279,#527);
#262=LINE('',#3280,#528);
#263=LINE('',#3282,#529);
#264=LINE('',#3284,#530);
#265=LINE('',#3285,#531);
#266=LINE('',#3287,#532);
#267=LINE('',#3288,#533);
#268=LINE('',#3289,#534);
#269=LINE('',#3306,#535);
#270=LINE('',#3310,#536);
#271=LINE('',#3314,#537);
#272=LINE('',#3318,#538);
#273=LINE('',#3323,#539);
#274=LINE('',#3327,#540);
#275=LINE('',#3331,#541);
#276=LINE('',#3335,#542);
#277=LINE('',#3340,#543);
#278=LINE('',#3344,#544);
#279=LINE('',#3349,#545);
#280=LINE('',#3353,#546);
#281=LINE('',#3358,#547);
#282=LINE('',#3362,#548);
#283=LINE('',#3367,#549);
#284=LINE('',#3371,#550);
#285=LINE('',#3373,#551);
#286=LINE('',#3378,#552);
#287=LINE('',#3382,#553);
#288=LINE('',#3385,#554);
#289=LINE('',#3386,#555);
#290=LINE('',#3388,#556);
#291=LINE('',#3390,#557);
#292=LINE('',#3392,#558);
#293=LINE('',#3407,#559);
#294=LINE('',#3409,#560);
#295=LINE('',#3411,#561);
#296=LINE('',#3413,#562);
#297=LINE('',#3415,#563);
#298=LINE('',#3417,#564);
#299=LINE('',#3418,#565);
#300=LINE('',#3420,#566);
#301=LINE('',#3422,#567);
#302=LINE('',#3424,#568);
#303=LINE('',#3426,#569);
#304=LINE('',#3428,#570);
#305=LINE('',#3430,#571);
#306=LINE('',#3432,#572);
#307=LINE('',#3434,#573);
#308=LINE('',#3436,#574);
#309=LINE('',#3438,#575);
#310=LINE('',#3440,#576);
#311=LINE('',#3441,#577);
#312=LINE('',#3442,#578);
#313=LINE('',#3444,#579);
#314=LINE('',#3446,#580);
#315=LINE('',#3448,#581);
#316=LINE('',#3450,#582);
#317=LINE('',#3452,#583);
#318=LINE('',#3454,#584);
#319=LINE('',#3456,#585);
#320=LINE('',#3458,#586);
#321=LINE('',#3460,#587);
#322=LINE('',#3462,#588);
#323=LINE('',#3464,#589);
#324=LINE('',#3465,#590);
#325=LINE('',#3467,#591);
#326=LINE('',#3469,#592);
#327=LINE('',#3471,#593);
#328=LINE('',#3473,#594);
#329=LINE('',#3475,#595);
#330=LINE('',#3477,#596);
#331=LINE('',#3479,#597);
#332=LINE('',#3481,#598);
#333=LINE('',#3483,#599);
#334=LINE('',#3485,#600);
#335=LINE('',#3486,#601);
#336=LINE('',#3487,#602);
#337=LINE('',#3489,#603);
#338=LINE('',#3491,#604);
#339=LINE('',#3493,#605);
#340=LINE('',#3495,#606);
#341=LINE('',#3497,#607);
#342=LINE('',#3499,#608);
#343=LINE('',#3501,#609);
#344=LINE('',#3503,#610);
#345=LINE('',#3505,#611);
#346=LINE('',#3507,#612);
#347=LINE('',#3509,#613);
#348=LINE('',#3511,#614);
#349=LINE('',#3513,#615);
#350=LINE('',#3515,#616);
#351=LINE('',#3517,#617);
#352=LINE('',#3519,#618);
#353=LINE('',#3521,#619);
#354=LINE('',#3523,#620);
#355=LINE('',#3525,#621);
#356=LINE('',#3527,#622);
#357=LINE('',#3529,#623);
#358=LINE('',#3533,#624);
#359=LINE('',#3535,#625);
#360=LINE('',#3537,#626);
#361=LINE('',#3539,#627);
#362=LINE('',#3541,#628);
#363=LINE('',#3543,#629);
#364=LINE('',#3545,#630);
#365=LINE('',#3547,#631);
#366=LINE('',#3549,#632);
#367=LINE('',#3551,#633);
#368=LINE('',#3553,#634);
#369=LINE('',#3556,#635);
#370=LINE('',#3557,#636);
#371=LINE('',#3559,#637);
#372=LINE('',#3560,#638);
#373=LINE('',#3562,#639);
#374=LINE('',#3563,#640);
#375=VECTOR('',#2360,1.);
#376=VECTOR('',#2363,1.);
#377=VECTOR('',#2368,1.);
#378=VECTOR('',#2371,1.);
#379=VECTOR('',#2376,1.);
#380=VECTOR('',#2379,1.);
#381=VECTOR('',#2382,1.);
#382=VECTOR('',#2385,1.);
#383=VECTOR('',#2388,1.);
#384=VECTOR('',#2391,1.);
#385=VECTOR('',#2394,1.);
#386=VECTOR('',#2397,1.);
#387=VECTOR('',#2400,1.);
#388=VECTOR('',#2405,1.);
#389=VECTOR('',#2408,1.);
#390=VECTOR('',#2411,1.);
#391=VECTOR('',#2414,1.);
#392=VECTOR('',#2417,1.);
#393=VECTOR('',#2420,1.);
#394=VECTOR('',#2423,1.);
#395=VECTOR('',#2426,1.);
#396=VECTOR('',#2429,1.);
#397=VECTOR('',#2432,1.);
#398=VECTOR('',#2433,1.);
#399=VECTOR('',#2434,1.);
#400=VECTOR('',#2437,1.);
#401=VECTOR('',#2438,1.);
#402=VECTOR('',#2439,1.);
#403=VECTOR('',#2440,1.);
#404=VECTOR('',#2443,1.);
#405=VECTOR('',#2444,1.);
#406=VECTOR('',#2447,1.);
#407=VECTOR('',#2448,1.);
#408=VECTOR('',#2449,1.);
#409=VECTOR('',#2452,1.);
#410=VECTOR('',#2453,1.);
#411=VECTOR('',#2454,1.);
#412=VECTOR('',#2455,1.);
#413=VECTOR('',#2458,1.);
#414=VECTOR('',#2459,1.);
#415=VECTOR('',#2462,1.);
#416=VECTOR('',#2463,1.);
#417=VECTOR('',#2466,1.);
#418=VECTOR('',#2467,1.);
#419=VECTOR('',#2468,1.);
#420=VECTOR('',#2471,1.);
#421=VECTOR('',#2472,1.);
#422=VECTOR('',#2475,1.);
#423=VECTOR('',#2478,1.);
#424=VECTOR('',#2479,1.);
#425=VECTOR('',#2480,1.);
#426=VECTOR('',#2483,1.);
#427=VECTOR('',#2484,1.);
#428=VECTOR('',#2485,1.);
#429=VECTOR('',#2488,1.);
#430=VECTOR('',#2489,1.);
#431=VECTOR('',#2490,1.);
#432=VECTOR('',#2491,1.);
#433=VECTOR('',#2494,1.);
#434=VECTOR('',#2495,1.);
#435=VECTOR('',#2496,1.);
#436=VECTOR('',#2499,1.);
#437=VECTOR('',#2500,1.);
#438=VECTOR('',#2501,1.);
#439=VECTOR('',#2504,1.);
#440=VECTOR('',#2505,1.);
#441=VECTOR('',#2508,1.);
#442=VECTOR('',#2509,1.);
#443=VECTOR('',#2510,1.);
#444=VECTOR('',#2513,1.);
#445=VECTOR('',#2514,1.);
#446=VECTOR('',#2515,1.);
#447=VECTOR('',#2518,1.);
#448=VECTOR('',#2519,1.);
#449=VECTOR('',#2520,1.);
#450=VECTOR('',#2523,1.);
#451=VECTOR('',#2524,1.);
#452=VECTOR('',#2527,1.);
#453=VECTOR('',#2528,1.);
#454=VECTOR('',#2531,1.);
#455=VECTOR('',#2532,1.);
#456=VECTOR('',#2535,1.);
#457=VECTOR('',#2538,1.);
#458=VECTOR('',#2539,1.);
#459=VECTOR('',#2542,1.);
#460=VECTOR('',#2543,1.);
#461=VECTOR('',#2544,1.);
#462=VECTOR('',#2545,1.);
#463=VECTOR('',#2546,1.);
#464=VECTOR('',#2547,1.);
#465=VECTOR('',#2548,1.);
#466=VECTOR('',#2549,1.);
#467=VECTOR('',#2550,1.);
#468=VECTOR('',#2551,1.);
#469=VECTOR('',#2552,1.);
#470=VECTOR('',#2553,1.);
#471=VECTOR('',#2554,1.);
#472=VECTOR('',#2555,1.);
#473=VECTOR('',#2556,1.);
#474=VECTOR('',#2557,1.);
#475=VECTOR('',#2560,1.);
#476=VECTOR('',#2561,1.);
#477=VECTOR('',#2562,1.);
#478=VECTOR('',#2563,1.);
#479=VECTOR('',#2566,1.);
#480=VECTOR('',#2567,1.);
#481=VECTOR('',#2568,1.);
#482=VECTOR('',#2571,1.);
#483=VECTOR('',#2572,1.);
#484=VECTOR('',#2575,1.);
#485=VECTOR('',#2576,1.);
#486=VECTOR('',#2577,1.);
#487=VECTOR('',#2580,1.);
#488=VECTOR('',#2581,1.);
#489=VECTOR('',#2584,1.);
#490=VECTOR('',#2587,1.);
#491=VECTOR('',#2588,1.);
#492=VECTOR('',#2589,1.);
#493=VECTOR('',#2592,1.);
#494=VECTOR('',#2593,1.);
#495=VECTOR('',#2594,1.);
#496=VECTOR('',#2597,1.);
#497=VECTOR('',#2598,1.);
#498=VECTOR('',#2599,1.);
#499=VECTOR('',#2600,1.);
#500=VECTOR('',#2603,1.);
#501=VECTOR('',#2604,1.);
#502=VECTOR('',#2607,1.);
#503=VECTOR('',#2608,1.);
#504=VECTOR('',#2611,1.);
#505=VECTOR('',#2612,1.);
#506=VECTOR('',#2613,1.);
#507=VECTOR('',#2614,1.);
#508=VECTOR('',#2615,1.);
#509=VECTOR('',#2616,1.);
#510=VECTOR('',#2617,1.);
#511=VECTOR('',#2620,1.);
#512=VECTOR('',#2621,1.);
#513=VECTOR('',#2622,1.);
#514=VECTOR('',#2625,1.);
#515=VECTOR('',#2626,1.);
#516=VECTOR('',#2629,1.);
#517=VECTOR('',#2630,1.);
#518=VECTOR('',#2633,1.);
#519=VECTOR('',#2636,1.);
#520=VECTOR('',#2639,1.);
#521=VECTOR('',#2640,1.);
#522=VECTOR('',#2641,1.);
#523=VECTOR('',#2644,1.);
#524=VECTOR('',#2647,1.);
#525=VECTOR('',#2648,1.);
#526=VECTOR('',#2649,1.);
#527=VECTOR('',#2652,1.);
#528=VECTOR('',#2653,1.);
#529=VECTOR('',#2654,1.);
#530=VECTOR('',#2657,1.);
#531=VECTOR('',#2658,1.);
#532=VECTOR('',#2661,1.);
#533=VECTOR('',#2662,1.);
#534=VECTOR('',#2663,1.);
#535=VECTOR('',#2692,1.);
#536=VECTOR('',#2695,1.);
#537=VECTOR('',#2698,1.);
#538=VECTOR('',#2701,1.);
#539=VECTOR('',#2706,1.);
#540=VECTOR('',#2709,1.);
#541=VECTOR('',#2712,1.);
#542=VECTOR('',#2715,1.);
#543=VECTOR('',#2720,1.);
#544=VECTOR('',#2723,1.);
#545=VECTOR('',#2728,1.);
#546=VECTOR('',#2731,1.);
#547=VECTOR('',#2736,1.);
#548=VECTOR('',#2739,1.);
#549=VECTOR('',#2744,1.);
#550=VECTOR('',#2747,1.);
#551=VECTOR('',#2750,1.);
#552=VECTOR('',#2753,1.);
#553=VECTOR('',#2758,1.);
#554=VECTOR('',#2759,1.);
#555=VECTOR('',#2760,1.);
#556=VECTOR('',#2763,1.);
#557=VECTOR('',#2764,1.);
#558=VECTOR('',#2765,1.);
#559=VECTOR('',#2786,1.);
#560=VECTOR('',#2787,1.);
#561=VECTOR('',#2790,1.);
#562=VECTOR('',#2791,1.);
#563=VECTOR('',#2794,1.);
#564=VECTOR('',#2795,1.);
#565=VECTOR('',#2796,1.);
#566=VECTOR('',#2797,1.);
#567=VECTOR('',#2798,1.);
#568=VECTOR('',#2799,1.);
#569=VECTOR('',#2800,1.);
#570=VECTOR('',#2801,1.);
#571=VECTOR('',#2802,1.);
#572=VECTOR('',#2803,1.);
#573=VECTOR('',#2804,1.);
#574=VECTOR('',#2805,1.);
#575=VECTOR('',#2806,1.);
#576=VECTOR('',#2807,1.);
#577=VECTOR('',#2808,1.);
#578=VECTOR('',#2809,1.);
#579=VECTOR('',#2810,1.);
#580=VECTOR('',#2811,1.);
#581=VECTOR('',#2812,1.);
#582=VECTOR('',#2813,1.);
#583=VECTOR('',#2814,1.);
#584=VECTOR('',#2815,1.);
#585=VECTOR('',#2816,1.);
#586=VECTOR('',#2817,1.);
#587=VECTOR('',#2818,1.);
#588=VECTOR('',#2819,1.);
#589=VECTOR('',#2822,1.);
#590=VECTOR('',#2823,1.);
#591=VECTOR('',#2824,1.);
#592=VECTOR('',#2825,1.);
#593=VECTOR('',#2826,1.);
#594=VECTOR('',#2827,1.);
#595=VECTOR('',#2828,1.);
#596=VECTOR('',#2829,1.);
#597=VECTOR('',#2830,1.);
#598=VECTOR('',#2831,1.);
#599=VECTOR('',#2832,1.);
#600=VECTOR('',#2833,1.);
#601=VECTOR('',#2834,1.);
#602=VECTOR('',#2835,1.);
#603=VECTOR('',#2836,1.);
#604=VECTOR('',#2837,1.);
#605=VECTOR('',#2838,1.);
#606=VECTOR('',#2839,1.);
#607=VECTOR('',#2840,1.);
#608=VECTOR('',#2841,1.);
#609=VECTOR('',#2842,1.);
#610=VECTOR('',#2843,1.);
#611=VECTOR('',#2844,1.);
#612=VECTOR('',#2845,1.);
#613=VECTOR('',#2848,1.);
#614=VECTOR('',#2851,1.);
#615=VECTOR('',#2854,1.);
#616=VECTOR('',#2857,1.);
#617=VECTOR('',#2860,1.);
#618=VECTOR('',#2863,1.);
#619=VECTOR('',#2866,1.);
#620=VECTOR('',#2869,1.);
#621=VECTOR('',#2872,1.);
#622=VECTOR('',#2875,1.);
#623=VECTOR('',#2878,1.);
#624=VECTOR('',#2885,1.);
#625=VECTOR('',#2888,1.);
#626=VECTOR('',#2891,1.);
#627=VECTOR('',#2894,1.);
#628=VECTOR('',#2897,1.);
#629=VECTOR('',#2900,1.);
#630=VECTOR('',#2903,1.);
#631=VECTOR('',#2906,1.);
#632=VECTOR('',#2909,1.);
#633=VECTOR('',#2912,1.);
#634=VECTOR('',#2915,1.);
#635=VECTOR('',#2920,1.);
#636=VECTOR('',#2921,1.);
#637=VECTOR('',#2924,1.);
#638=VECTOR('',#2925,1.);
#639=VECTOR('',#2928,1.);
#640=VECTOR('',#2929,1.);
#641=ORIENTED_EDGE('',*,*,#1265,.F.);
#642=ORIENTED_EDGE('',*,*,#1266,.T.);
#643=ORIENTED_EDGE('',*,*,#1267,.T.);
#644=ORIENTED_EDGE('',*,*,#1268,.F.);
#645=ORIENTED_EDGE('',*,*,#1269,.F.);
#646=ORIENTED_EDGE('',*,*,#1270,.T.);
#647=ORIENTED_EDGE('',*,*,#1271,.T.);
#648=ORIENTED_EDGE('',*,*,#1272,.F.);
#649=ORIENTED_EDGE('',*,*,#1273,.F.);
#650=ORIENTED_EDGE('',*,*,#1274,.T.);
#651=ORIENTED_EDGE('',*,*,#1275,.T.);
#652=ORIENTED_EDGE('',*,*,#1276,.T.);
#653=ORIENTED_EDGE('',*,*,#1277,.F.);
#654=ORIENTED_EDGE('',*,*,#1278,.F.);
#655=ORIENTED_EDGE('',*,*,#1279,.F.);
#656=ORIENTED_EDGE('',*,*,#1280,.T.);
#657=ORIENTED_EDGE('',*,*,#1281,.F.);
#658=ORIENTED_EDGE('',*,*,#1282,.F.);
#659=ORIENTED_EDGE('',*,*,#1283,.F.);
#660=ORIENTED_EDGE('',*,*,#1284,.T.);
#661=ORIENTED_EDGE('',*,*,#1285,.F.);
#662=ORIENTED_EDGE('',*,*,#1286,.F.);
#663=ORIENTED_EDGE('',*,*,#1287,.T.);
#664=ORIENTED_EDGE('',*,*,#1288,.T.);
#665=ORIENTED_EDGE('',*,*,#1289,.F.);
#666=ORIENTED_EDGE('',*,*,#1290,.T.);
#667=ORIENTED_EDGE('',*,*,#1291,.T.);
#668=ORIENTED_EDGE('',*,*,#1292,.T.);
#669=ORIENTED_EDGE('',*,*,#1293,.F.);
#670=ORIENTED_EDGE('',*,*,#1294,.F.);
#671=ORIENTED_EDGE('',*,*,#1295,.T.);
#672=ORIENTED_EDGE('',*,*,#1296,.F.);
#673=ORIENTED_EDGE('',*,*,#1297,.F.);
#674=ORIENTED_EDGE('',*,*,#1298,.F.);
#675=ORIENTED_EDGE('',*,*,#1299,.T.);
#676=ORIENTED_EDGE('',*,*,#1300,.F.);
#677=ORIENTED_EDGE('',*,*,#1301,.T.);
#678=ORIENTED_EDGE('',*,*,#1302,.F.);
#679=ORIENTED_EDGE('',*,*,#1303,.T.);
#680=ORIENTED_EDGE('',*,*,#1304,.F.);
#681=ORIENTED_EDGE('',*,*,#1305,.T.);
#682=ORIENTED_EDGE('',*,*,#1306,.F.);
#683=ORIENTED_EDGE('',*,*,#1307,.T.);
#684=ORIENTED_EDGE('',*,*,#1308,.F.);
#685=ORIENTED_EDGE('',*,*,#1309,.T.);
#686=ORIENTED_EDGE('',*,*,#1298,.T.);
#687=ORIENTED_EDGE('',*,*,#1310,.F.);
#688=ORIENTED_EDGE('',*,*,#1311,.F.);
#689=ORIENTED_EDGE('',*,*,#1312,.F.);
#690=ORIENTED_EDGE('',*,*,#1305,.F.);
#691=ORIENTED_EDGE('',*,*,#1313,.T.);
#692=ORIENTED_EDGE('',*,*,#1314,.T.);
#693=ORIENTED_EDGE('',*,*,#1315,.F.);
#694=ORIENTED_EDGE('',*,*,#1313,.F.);
#695=ORIENTED_EDGE('',*,*,#1304,.T.);
#696=ORIENTED_EDGE('',*,*,#1316,.T.);
#697=ORIENTED_EDGE('',*,*,#1317,.F.);
#698=ORIENTED_EDGE('',*,*,#1316,.F.);
#699=ORIENTED_EDGE('',*,*,#1303,.F.);
#700=ORIENTED_EDGE('',*,*,#1318,.F.);
#701=ORIENTED_EDGE('',*,*,#1319,.T.);
#702=ORIENTED_EDGE('',*,*,#1320,.T.);
#703=ORIENTED_EDGE('',*,*,#1321,.F.);
#704=ORIENTED_EDGE('',*,*,#1301,.F.);
#705=ORIENTED_EDGE('',*,*,#1322,.T.);
#706=ORIENTED_EDGE('',*,*,#1323,.T.);
#707=ORIENTED_EDGE('',*,*,#1324,.F.);
#708=ORIENTED_EDGE('',*,*,#1322,.F.);
#709=ORIENTED_EDGE('',*,*,#1300,.T.);
#710=ORIENTED_EDGE('',*,*,#1325,.T.);
#711=ORIENTED_EDGE('',*,*,#1326,.F.);
#712=ORIENTED_EDGE('',*,*,#1325,.F.);
#713=ORIENTED_EDGE('',*,*,#1299,.F.);
#714=ORIENTED_EDGE('',*,*,#1309,.F.);
#715=ORIENTED_EDGE('',*,*,#1327,.T.);
#716=ORIENTED_EDGE('',*,*,#1328,.T.);
#717=ORIENTED_EDGE('',*,*,#1310,.T.);
#718=ORIENTED_EDGE('',*,*,#1297,.T.);
#719=ORIENTED_EDGE('',*,*,#1329,.T.);
#720=ORIENTED_EDGE('',*,*,#1330,.F.);
#721=ORIENTED_EDGE('',*,*,#1331,.F.);
#722=ORIENTED_EDGE('',*,*,#1329,.F.);
#723=ORIENTED_EDGE('',*,*,#1296,.T.);
#724=ORIENTED_EDGE('',*,*,#1332,.T.);
#725=ORIENTED_EDGE('',*,*,#1333,.F.);
#726=ORIENTED_EDGE('',*,*,#1332,.F.);
#727=ORIENTED_EDGE('',*,*,#1295,.F.);
#728=ORIENTED_EDGE('',*,*,#1334,.T.);
#729=ORIENTED_EDGE('',*,*,#1335,.T.);
#730=ORIENTED_EDGE('',*,*,#1307,.F.);
#731=ORIENTED_EDGE('',*,*,#1336,.F.);
#732=ORIENTED_EDGE('',*,*,#1337,.T.);
#733=ORIENTED_EDGE('',*,*,#1338,.F.);
#734=ORIENTED_EDGE('',*,*,#1278,.T.);
#735=ORIENTED_EDGE('',*,*,#1339,.F.);
#736=ORIENTED_EDGE('',*,*,#1340,.F.);
#737=ORIENTED_EDGE('',*,*,#1341,.F.);
#738=ORIENTED_EDGE('',*,*,#1287,.F.);
#739=ORIENTED_EDGE('',*,*,#1342,.F.);
#740=ORIENTED_EDGE('',*,*,#1343,.T.);
#741=ORIENTED_EDGE('',*,*,#1344,.T.);
#742=ORIENTED_EDGE('',*,*,#1345,.F.);
#743=ORIENTED_EDGE('',*,*,#1346,.T.);
#744=ORIENTED_EDGE('',*,*,#1347,.T.);
#745=ORIENTED_EDGE('',*,*,#1343,.F.);
#746=ORIENTED_EDGE('',*,*,#1348,.T.);
#747=ORIENTED_EDGE('',*,*,#1285,.T.);
#748=ORIENTED_EDGE('',*,*,#1349,.T.);
#749=ORIENTED_EDGE('',*,*,#1350,.F.);
#750=ORIENTED_EDGE('',*,*,#1346,.F.);
#751=ORIENTED_EDGE('',*,*,#1349,.F.);
#752=ORIENTED_EDGE('',*,*,#1284,.F.);
#753=ORIENTED_EDGE('',*,*,#1351,.T.);
#754=ORIENTED_EDGE('',*,*,#1352,.T.);
#755=ORIENTED_EDGE('',*,*,#1351,.F.);
#756=ORIENTED_EDGE('',*,*,#1283,.T.);
#757=ORIENTED_EDGE('',*,*,#1353,.T.);
#758=ORIENTED_EDGE('',*,*,#1354,.T.);
#759=ORIENTED_EDGE('',*,*,#1355,.F.);
#760=ORIENTED_EDGE('',*,*,#1354,.F.);
#761=ORIENTED_EDGE('',*,*,#1356,.T.);
#762=ORIENTED_EDGE('',*,*,#1357,.T.);
#763=ORIENTED_EDGE('',*,*,#1358,.F.);
#764=ORIENTED_EDGE('',*,*,#1359,.T.);
#765=ORIENTED_EDGE('',*,*,#1281,.T.);
#766=ORIENTED_EDGE('',*,*,#1360,.T.);
#767=ORIENTED_EDGE('',*,*,#1361,.F.);
#768=ORIENTED_EDGE('',*,*,#1357,.F.);
#769=ORIENTED_EDGE('',*,*,#1360,.F.);
#770=ORIENTED_EDGE('',*,*,#1280,.F.);
#771=ORIENTED_EDGE('',*,*,#1362,.T.);
#772=ORIENTED_EDGE('',*,*,#1363,.T.);
#773=ORIENTED_EDGE('',*,*,#1362,.F.);
#774=ORIENTED_EDGE('',*,*,#1279,.T.);
#775=ORIENTED_EDGE('',*,*,#1338,.T.);
#776=ORIENTED_EDGE('',*,*,#1364,.T.);
#777=ORIENTED_EDGE('',*,*,#1365,.F.);
#778=ORIENTED_EDGE('',*,*,#1364,.F.);
#779=ORIENTED_EDGE('',*,*,#1340,.T.);
#780=ORIENTED_EDGE('',*,*,#1366,.T.);
#781=ORIENTED_EDGE('',*,*,#1367,.F.);
#782=ORIENTED_EDGE('',*,*,#1339,.T.);
#783=ORIENTED_EDGE('',*,*,#1277,.T.);
#784=ORIENTED_EDGE('',*,*,#1368,.F.);
#785=ORIENTED_EDGE('',*,*,#1366,.F.);
#786=ORIENTED_EDGE('',*,*,#1369,.F.);
#787=ORIENTED_EDGE('',*,*,#1288,.F.);
#788=ORIENTED_EDGE('',*,*,#1341,.T.);
#789=ORIENTED_EDGE('',*,*,#1370,.T.);
#790=ORIENTED_EDGE('',*,*,#1371,.F.);
#791=ORIENTED_EDGE('',*,*,#1372,.T.);
#792=ORIENTED_EDGE('',*,*,#1373,.T.);
#793=ORIENTED_EDGE('',*,*,#1374,.F.);
#794=ORIENTED_EDGE('',*,*,#1375,.F.);
#795=ORIENTED_EDGE('',*,*,#1376,.T.);
#796=ORIENTED_EDGE('',*,*,#1377,.T.);
#797=ORIENTED_EDGE('',*,*,#1378,.T.);
#798=ORIENTED_EDGE('',*,*,#1379,.T.);
#799=ORIENTED_EDGE('',*,*,#1380,.T.);
#800=ORIENTED_EDGE('',*,*,#1381,.F.);
#801=ORIENTED_EDGE('',*,*,#1382,.F.);
#802=ORIENTED_EDGE('',*,*,#1383,.F.);
#803=ORIENTED_EDGE('',*,*,#1384,.F.);
#804=ORIENTED_EDGE('',*,*,#1385,.T.);
#805=ORIENTED_EDGE('',*,*,#1386,.T.);
#806=ORIENTED_EDGE('',*,*,#1387,.T.);
#807=ORIENTED_EDGE('',*,*,#1291,.F.);
#808=ORIENTED_EDGE('',*,*,#1388,.T.);
#809=ORIENTED_EDGE('',*,*,#1275,.F.);
#810=ORIENTED_EDGE('',*,*,#1389,.F.);
#811=ORIENTED_EDGE('',*,*,#1271,.F.);
#812=ORIENTED_EDGE('',*,*,#1390,.T.);
#813=ORIENTED_EDGE('',*,*,#1267,.F.);
#814=ORIENTED_EDGE('',*,*,#1374,.T.);
#815=ORIENTED_EDGE('',*,*,#1391,.T.);
#816=ORIENTED_EDGE('',*,*,#1392,.T.);
#817=ORIENTED_EDGE('',*,*,#1393,.F.);
#818=ORIENTED_EDGE('',*,*,#1375,.T.);
#819=ORIENTED_EDGE('',*,*,#1393,.T.);
#820=ORIENTED_EDGE('',*,*,#1394,.T.);
#821=ORIENTED_EDGE('',*,*,#1395,.F.);
#822=ORIENTED_EDGE('',*,*,#1396,.T.);
#823=ORIENTED_EDGE('',*,*,#1397,.F.);
#824=ORIENTED_EDGE('',*,*,#1398,.F.);
#825=ORIENTED_EDGE('',*,*,#1378,.F.);
#826=ORIENTED_EDGE('',*,*,#1395,.T.);
#827=ORIENTED_EDGE('',*,*,#1399,.F.);
#828=ORIENTED_EDGE('',*,*,#1400,.F.);
#829=ORIENTED_EDGE('',*,*,#1376,.F.);
#830=ORIENTED_EDGE('',*,*,#1400,.T.);
#831=ORIENTED_EDGE('',*,*,#1401,.F.);
#832=ORIENTED_EDGE('',*,*,#1396,.F.);
#833=ORIENTED_EDGE('',*,*,#1377,.F.);
#834=ORIENTED_EDGE('',*,*,#1402,.F.);
#835=ORIENTED_EDGE('',*,*,#1403,.F.);
#836=ORIENTED_EDGE('',*,*,#1383,.T.);
#837=ORIENTED_EDGE('',*,*,#1404,.T.);
#838=ORIENTED_EDGE('',*,*,#1384,.T.);
#839=ORIENTED_EDGE('',*,*,#1403,.T.);
#840=ORIENTED_EDGE('',*,*,#1405,.T.);
#841=ORIENTED_EDGE('',*,*,#1406,.T.);
#842=ORIENTED_EDGE('',*,*,#1407,.F.);
#843=ORIENTED_EDGE('',*,*,#1408,.F.);
#844=ORIENTED_EDGE('',*,*,#1409,.F.);
#845=ORIENTED_EDGE('',*,*,#1385,.F.);
#846=ORIENTED_EDGE('',*,*,#1407,.T.);
#847=ORIENTED_EDGE('',*,*,#1410,.F.);
#848=ORIENTED_EDGE('',*,*,#1411,.F.);
#849=ORIENTED_EDGE('',*,*,#1412,.F.);
#850=ORIENTED_EDGE('',*,*,#1386,.F.);
#851=ORIENTED_EDGE('',*,*,#1409,.T.);
#852=ORIENTED_EDGE('',*,*,#1413,.F.);
#853=ORIENTED_EDGE('',*,*,#1414,.T.);
#854=ORIENTED_EDGE('',*,*,#1404,.F.);
#855=ORIENTED_EDGE('',*,*,#1382,.T.);
#856=ORIENTED_EDGE('',*,*,#1415,.T.);
#857=ORIENTED_EDGE('',*,*,#1391,.F.);
#858=ORIENTED_EDGE('',*,*,#1373,.F.);
#859=ORIENTED_EDGE('',*,*,#1416,.T.);
#860=ORIENTED_EDGE('',*,*,#1337,.F.);
#861=ORIENTED_EDGE('',*,*,#1417,.F.);
#862=ORIENTED_EDGE('',*,*,#1315,.T.);
#863=ORIENTED_EDGE('',*,*,#1418,.T.);
#864=ORIENTED_EDGE('',*,*,#1319,.F.);
#865=ORIENTED_EDGE('',*,*,#1419,.F.);
#866=ORIENTED_EDGE('',*,*,#1324,.T.);
#867=ORIENTED_EDGE('',*,*,#1420,.T.);
#868=ORIENTED_EDGE('',*,*,#1327,.F.);
#869=ORIENTED_EDGE('',*,*,#1311,.T.);
#870=ORIENTED_EDGE('',*,*,#1331,.T.);
#871=ORIENTED_EDGE('',*,*,#1421,.T.);
#872=ORIENTED_EDGE('',*,*,#1422,.T.);
#873=ORIENTED_EDGE('',*,*,#1414,.F.);
#874=ORIENTED_EDGE('',*,*,#1423,.T.);
#875=ORIENTED_EDGE('',*,*,#1424,.F.);
#876=ORIENTED_EDGE('',*,*,#1425,.T.);
#877=ORIENTED_EDGE('',*,*,#1402,.T.);
#878=ORIENTED_EDGE('',*,*,#1371,.T.);
#879=ORIENTED_EDGE('',*,*,#1412,.T.);
#880=ORIENTED_EDGE('',*,*,#1426,.F.);
#881=ORIENTED_EDGE('',*,*,#1427,.F.);
#882=ORIENTED_EDGE('',*,*,#1405,.F.);
#883=ORIENTED_EDGE('',*,*,#1425,.F.);
#884=ORIENTED_EDGE('',*,*,#1428,.T.);
#885=ORIENTED_EDGE('',*,*,#1429,.T.);
#886=ORIENTED_EDGE('',*,*,#1430,.F.);
#887=ORIENTED_EDGE('',*,*,#1292,.F.);
#888=ORIENTED_EDGE('',*,*,#1387,.F.);
#889=ORIENTED_EDGE('',*,*,#1266,.F.);
#890=ORIENTED_EDGE('',*,*,#1390,.F.);
#891=ORIENTED_EDGE('',*,*,#1270,.F.);
#892=ORIENTED_EDGE('',*,*,#1431,.T.);
#893=ORIENTED_EDGE('',*,*,#1268,.T.);
#894=ORIENTED_EDGE('',*,*,#1432,.F.);
#895=ORIENTED_EDGE('',*,*,#1290,.F.);
#896=ORIENTED_EDGE('',*,*,#1433,.F.);
#897=ORIENTED_EDGE('',*,*,#1434,.F.);
#898=ORIENTED_EDGE('',*,*,#1389,.T.);
#899=ORIENTED_EDGE('',*,*,#1274,.F.);
#900=ORIENTED_EDGE('',*,*,#1435,.T.);
#901=ORIENTED_EDGE('',*,*,#1272,.T.);
#902=ORIENTED_EDGE('',*,*,#1434,.T.);
#903=ORIENTED_EDGE('',*,*,#1436,.T.);
#904=ORIENTED_EDGE('',*,*,#1437,.F.);
#905=ORIENTED_EDGE('',*,*,#1438,.F.);
#906=ORIENTED_EDGE('',*,*,#1439,.F.);
#907=ORIENTED_EDGE('',*,*,#1380,.F.);
#908=ORIENTED_EDGE('',*,*,#1440,.F.);
#909=ORIENTED_EDGE('',*,*,#1441,.T.);
#910=ORIENTED_EDGE('',*,*,#1428,.F.);
#911=ORIENTED_EDGE('',*,*,#1424,.T.);
#912=ORIENTED_EDGE('',*,*,#1433,.T.);
#913=ORIENTED_EDGE('',*,*,#1289,.T.);
#914=ORIENTED_EDGE('',*,*,#1369,.T.);
#915=ORIENTED_EDGE('',*,*,#1442,.T.);
#916=ORIENTED_EDGE('',*,*,#1426,.T.);
#917=ORIENTED_EDGE('',*,*,#1413,.T.);
#918=ORIENTED_EDGE('',*,*,#1408,.T.);
#919=ORIENTED_EDGE('',*,*,#1443,.F.);
#920=ORIENTED_EDGE('',*,*,#1436,.F.);
#921=ORIENTED_EDGE('',*,*,#1444,.T.);
#922=ORIENTED_EDGE('',*,*,#1293,.T.);
#923=ORIENTED_EDGE('',*,*,#1430,.T.);
#924=ORIENTED_EDGE('',*,*,#1265,.T.);
#925=ORIENTED_EDGE('',*,*,#1431,.F.);
#926=ORIENTED_EDGE('',*,*,#1269,.T.);
#927=ORIENTED_EDGE('',*,*,#1435,.F.);
#928=ORIENTED_EDGE('',*,*,#1273,.T.);
#929=ORIENTED_EDGE('',*,*,#1432,.T.);
#930=ORIENTED_EDGE('',*,*,#1438,.T.);
#931=ORIENTED_EDGE('',*,*,#1445,.F.);
#932=ORIENTED_EDGE('',*,*,#1410,.T.);
#933=ORIENTED_EDGE('',*,*,#1406,.F.);
#934=ORIENTED_EDGE('',*,*,#1429,.F.);
#935=ORIENTED_EDGE('',*,*,#1441,.F.);
#936=ORIENTED_EDGE('',*,*,#1446,.F.);
#937=ORIENTED_EDGE('',*,*,#1397,.T.);
#938=ORIENTED_EDGE('',*,*,#1401,.T.);
#939=ORIENTED_EDGE('',*,*,#1399,.T.);
#940=ORIENTED_EDGE('',*,*,#1394,.F.);
#941=ORIENTED_EDGE('',*,*,#1392,.F.);
#942=ORIENTED_EDGE('',*,*,#1422,.F.);
#943=ORIENTED_EDGE('',*,*,#1443,.T.);
#944=ORIENTED_EDGE('',*,*,#1411,.T.);
#945=ORIENTED_EDGE('',*,*,#1445,.T.);
#946=ORIENTED_EDGE('',*,*,#1437,.T.);
#947=ORIENTED_EDGE('',*,*,#1379,.F.);
#948=ORIENTED_EDGE('',*,*,#1398,.T.);
#949=ORIENTED_EDGE('',*,*,#1446,.T.);
#950=ORIENTED_EDGE('',*,*,#1440,.T.);
#951=ORIENTED_EDGE('',*,*,#1415,.F.);
#952=ORIENTED_EDGE('',*,*,#1381,.T.);
#953=ORIENTED_EDGE('',*,*,#1439,.T.);
#954=ORIENTED_EDGE('',*,*,#1423,.F.);
#955=ORIENTED_EDGE('',*,*,#1323,.F.);
#956=ORIENTED_EDGE('',*,*,#1326,.T.);
#957=ORIENTED_EDGE('',*,*,#1328,.F.);
#958=ORIENTED_EDGE('',*,*,#1420,.F.);
#959=ORIENTED_EDGE('',*,*,#1334,.F.);
#960=ORIENTED_EDGE('',*,*,#1294,.T.);
#961=ORIENTED_EDGE('',*,*,#1444,.F.);
#962=ORIENTED_EDGE('',*,*,#1421,.F.);
#963=ORIENTED_EDGE('',*,*,#1330,.T.);
#964=ORIENTED_EDGE('',*,*,#1333,.T.);
#965=ORIENTED_EDGE('',*,*,#1314,.F.);
#966=ORIENTED_EDGE('',*,*,#1317,.T.);
#967=ORIENTED_EDGE('',*,*,#1320,.F.);
#968=ORIENTED_EDGE('',*,*,#1418,.F.);
#969=ORIENTED_EDGE('',*,*,#1388,.F.);
#970=ORIENTED_EDGE('',*,*,#1308,.T.);
#971=ORIENTED_EDGE('',*,*,#1335,.F.);
#972=ORIENTED_EDGE('',*,*,#1416,.F.);
#973=ORIENTED_EDGE('',*,*,#1372,.F.);
#974=ORIENTED_EDGE('',*,*,#1427,.T.);
#975=ORIENTED_EDGE('',*,*,#1442,.F.);
#976=ORIENTED_EDGE('',*,*,#1370,.F.);
#977=ORIENTED_EDGE('',*,*,#1344,.F.);
#978=ORIENTED_EDGE('',*,*,#1347,.F.);
#979=ORIENTED_EDGE('',*,*,#1350,.T.);
#980=ORIENTED_EDGE('',*,*,#1352,.F.);
#981=ORIENTED_EDGE('',*,*,#1355,.T.);
#982=ORIENTED_EDGE('',*,*,#1358,.T.);
#983=ORIENTED_EDGE('',*,*,#1361,.T.);
#984=ORIENTED_EDGE('',*,*,#1363,.F.);
#985=ORIENTED_EDGE('',*,*,#1365,.T.);
#986=ORIENTED_EDGE('',*,*,#1367,.T.);
#987=ORIENTED_EDGE('',*,*,#1368,.T.);
#988=ORIENTED_EDGE('',*,*,#1276,.F.);
#989=ORIENTED_EDGE('',*,*,#1318,.T.);
#990=ORIENTED_EDGE('',*,*,#1302,.T.);
#991=ORIENTED_EDGE('',*,*,#1321,.T.);
#992=ORIENTED_EDGE('',*,*,#1419,.T.);
#993=ORIENTED_EDGE('',*,*,#1336,.T.);
#994=ORIENTED_EDGE('',*,*,#1306,.T.);
#995=ORIENTED_EDGE('',*,*,#1312,.T.);
#996=ORIENTED_EDGE('',*,*,#1417,.T.);
#997=ORIENTED_EDGE('',*,*,#1353,.F.);
#998=ORIENTED_EDGE('',*,*,#1282,.T.);
#999=ORIENTED_EDGE('',*,*,#1359,.F.);
#1000=ORIENTED_EDGE('',*,*,#1356,.F.);
#1001=ORIENTED_EDGE('',*,*,#1342,.T.);
#1002=ORIENTED_EDGE('',*,*,#1286,.T.);
#1003=ORIENTED_EDGE('',*,*,#1348,.F.);
#1004=ORIENTED_EDGE('',*,*,#1345,.T.);
#1005=ORIENTED_EDGE('',*,*,#1447,.F.);
#1006=ORIENTED_EDGE('',*,*,#1448,.T.);
#1007=ORIENTED_EDGE('',*,*,#1449,.T.);
#1008=ORIENTED_EDGE('',*,*,#1450,.F.);
#1009=ORIENTED_EDGE('',*,*,#1451,.T.);
#1010=ORIENTED_EDGE('',*,*,#1452,.F.);
#1011=ORIENTED_EDGE('',*,*,#1453,.T.);
#1012=ORIENTED_EDGE('',*,*,#1454,.F.);
#1013=ORIENTED_EDGE('',*,*,#1455,.F.);
#1014=ORIENTED_EDGE('',*,*,#1456,.T.);
#1015=ORIENTED_EDGE('',*,*,#1457,.T.);
#1016=ORIENTED_EDGE('',*,*,#1458,.F.);
#1017=ORIENTED_EDGE('',*,*,#1459,.T.);
#1018=ORIENTED_EDGE('',*,*,#1460,.F.);
#1019=ORIENTED_EDGE('',*,*,#1461,.F.);
#1020=ORIENTED_EDGE('',*,*,#1462,.F.);
#1021=ORIENTED_EDGE('',*,*,#1463,.F.);
#1022=ORIENTED_EDGE('',*,*,#1464,.T.);
#1023=ORIENTED_EDGE('',*,*,#1465,.T.);
#1024=ORIENTED_EDGE('',*,*,#1466,.F.);
#1025=ORIENTED_EDGE('',*,*,#1467,.F.);
#1026=ORIENTED_EDGE('',*,*,#1468,.T.);
#1027=ORIENTED_EDGE('',*,*,#1469,.T.);
#1028=ORIENTED_EDGE('',*,*,#1470,.F.);
#1029=ORIENTED_EDGE('',*,*,#1471,.F.);
#1030=ORIENTED_EDGE('',*,*,#1472,.T.);
#1031=ORIENTED_EDGE('',*,*,#1473,.T.);
#1032=ORIENTED_EDGE('',*,*,#1474,.F.);
#1033=ORIENTED_EDGE('',*,*,#1475,.F.);
#1034=ORIENTED_EDGE('',*,*,#1476,.T.);
#1035=ORIENTED_EDGE('',*,*,#1477,.F.);
#1036=ORIENTED_EDGE('',*,*,#1478,.F.);
#1037=ORIENTED_EDGE('',*,*,#1479,.T.);
#1038=ORIENTED_EDGE('',*,*,#1480,.T.);
#1039=ORIENTED_EDGE('',*,*,#1481,.F.);
#1040=ORIENTED_EDGE('',*,*,#1482,.T.);
#1041=ORIENTED_EDGE('',*,*,#1483,.T.);
#1042=ORIENTED_EDGE('',*,*,#1484,.T.);
#1043=ORIENTED_EDGE('',*,*,#1479,.F.);
#1044=ORIENTED_EDGE('',*,*,#1485,.F.);
#1045=ORIENTED_EDGE('',*,*,#1486,.T.);
#1046=ORIENTED_EDGE('',*,*,#1481,.T.);
#1047=ORIENTED_EDGE('',*,*,#1487,.F.);
#1048=ORIENTED_EDGE('',*,*,#1488,.F.);
#1049=ORIENTED_EDGE('',*,*,#1488,.T.);
#1050=ORIENTED_EDGE('',*,*,#1489,.T.);
#1051=ORIENTED_EDGE('',*,*,#1483,.F.);
#1052=ORIENTED_EDGE('',*,*,#1490,.T.);
#1053=ORIENTED_EDGE('',*,*,#1491,.T.);
#1054=ORIENTED_EDGE('',*,*,#1492,.F.);
#1055=ORIENTED_EDGE('',*,*,#1493,.T.);
#1056=ORIENTED_EDGE('',*,*,#1494,.F.);
#1057=ORIENTED_EDGE('',*,*,#1495,.T.);
#1058=ORIENTED_EDGE('',*,*,#1459,.F.);
#1059=ORIENTED_EDGE('',*,*,#1496,.T.);
#1060=ORIENTED_EDGE('',*,*,#1497,.T.);
#1061=ORIENTED_EDGE('',*,*,#1451,.F.);
#1062=ORIENTED_EDGE('',*,*,#1498,.F.);
#1063=ORIENTED_EDGE('',*,*,#1494,.T.);
#1064=ORIENTED_EDGE('',*,*,#1492,.T.);
#1065=ORIENTED_EDGE('',*,*,#1499,.T.);
#1066=ORIENTED_EDGE('',*,*,#1478,.T.);
#1067=ORIENTED_EDGE('',*,*,#1500,.T.);
#1068=ORIENTED_EDGE('',*,*,#1466,.T.);
#1069=ORIENTED_EDGE('',*,*,#1501,.F.);
#1070=ORIENTED_EDGE('',*,*,#1502,.F.);
#1071=ORIENTED_EDGE('',*,*,#1503,.F.);
#1072=ORIENTED_EDGE('',*,*,#1504,.T.);
#1073=ORIENTED_EDGE('',*,*,#1505,.F.);
#1074=ORIENTED_EDGE('',*,*,#1506,.F.);
#1075=ORIENTED_EDGE('',*,*,#1507,.F.);
#1076=ORIENTED_EDGE('',*,*,#1508,.T.);
#1077=ORIENTED_EDGE('',*,*,#1509,.F.);
#1078=ORIENTED_EDGE('',*,*,#1510,.T.);
#1079=ORIENTED_EDGE('',*,*,#1511,.T.);
#1080=ORIENTED_EDGE('',*,*,#1512,.T.);
#1081=ORIENTED_EDGE('',*,*,#1496,.F.);
#1082=ORIENTED_EDGE('',*,*,#1458,.T.);
#1083=ORIENTED_EDGE('',*,*,#1513,.F.);
#1084=ORIENTED_EDGE('',*,*,#1452,.T.);
#1085=ORIENTED_EDGE('',*,*,#1497,.F.);
#1086=ORIENTED_EDGE('',*,*,#1514,.F.);
#1087=ORIENTED_EDGE('',*,*,#1515,.F.);
#1088=ORIENTED_EDGE('',*,*,#1516,.F.);
#1089=ORIENTED_EDGE('',*,*,#1517,.T.);
#1090=ORIENTED_EDGE('',*,*,#1518,.F.);
#1091=ORIENTED_EDGE('',*,*,#1519,.T.);
#1092=ORIENTED_EDGE('',*,*,#1520,.T.);
#1093=ORIENTED_EDGE('',*,*,#1521,.T.);
#1094=ORIENTED_EDGE('',*,*,#1522,.F.);
#1095=ORIENTED_EDGE('',*,*,#1523,.T.);
#1096=ORIENTED_EDGE('',*,*,#1524,.T.);
#1097=ORIENTED_EDGE('',*,*,#1525,.F.);
#1098=ORIENTED_EDGE('',*,*,#1476,.F.);
#1099=ORIENTED_EDGE('',*,*,#1526,.F.);
#1100=ORIENTED_EDGE('',*,*,#1527,.F.);
#1101=ORIENTED_EDGE('',*,*,#1528,.F.);
#1102=ORIENTED_EDGE('',*,*,#1529,.T.);
#1103=ORIENTED_EDGE('',*,*,#1530,.F.);
#1104=ORIENTED_EDGE('',*,*,#1531,.F.);
#1105=ORIENTED_EDGE('',*,*,#1532,.F.);
#1106=ORIENTED_EDGE('',*,*,#1533,.T.);
#1107=ORIENTED_EDGE('',*,*,#1534,.F.);
#1108=ORIENTED_EDGE('',*,*,#1535,.T.);
#1109=ORIENTED_EDGE('',*,*,#1536,.T.);
#1110=ORIENTED_EDGE('',*,*,#1448,.F.);
#1111=ORIENTED_EDGE('',*,*,#1537,.F.);
#1112=ORIENTED_EDGE('',*,*,#1462,.T.);
#1113=ORIENTED_EDGE('',*,*,#1538,.F.);
#1114=ORIENTED_EDGE('',*,*,#1539,.F.);
#1115=ORIENTED_EDGE('',*,*,#1540,.T.);
#1116=ORIENTED_EDGE('',*,*,#1541,.F.);
#1117=ORIENTED_EDGE('',*,*,#1542,.T.);
#1118=ORIENTED_EDGE('',*,*,#1543,.T.);
#1119=ORIENTED_EDGE('',*,*,#1544,.T.);
#1120=ORIENTED_EDGE('',*,*,#1545,.F.);
#1121=ORIENTED_EDGE('',*,*,#1546,.T.);
#1122=ORIENTED_EDGE('',*,*,#1547,.T.);
#1123=ORIENTED_EDGE('',*,*,#1548,.T.);
#1124=ORIENTED_EDGE('',*,*,#1464,.F.);
#1125=ORIENTED_EDGE('',*,*,#1493,.F.);
#1126=ORIENTED_EDGE('',*,*,#1491,.F.);
#1127=ORIENTED_EDGE('',*,*,#1498,.T.);
#1128=ORIENTED_EDGE('',*,*,#1450,.T.);
#1129=ORIENTED_EDGE('',*,*,#1549,.T.);
#1130=ORIENTED_EDGE('',*,*,#1514,.T.);
#1131=ORIENTED_EDGE('',*,*,#1549,.F.);
#1132=ORIENTED_EDGE('',*,*,#1449,.F.);
#1133=ORIENTED_EDGE('',*,*,#1536,.F.);
#1134=ORIENTED_EDGE('',*,*,#1550,.T.);
#1135=ORIENTED_EDGE('',*,*,#1515,.T.);
#1136=ORIENTED_EDGE('',*,*,#1516,.T.);
#1137=ORIENTED_EDGE('',*,*,#1550,.F.);
#1138=ORIENTED_EDGE('',*,*,#1535,.F.);
#1139=ORIENTED_EDGE('',*,*,#1551,.T.);
#1140=ORIENTED_EDGE('',*,*,#1517,.F.);
#1141=ORIENTED_EDGE('',*,*,#1551,.F.);
#1142=ORIENTED_EDGE('',*,*,#1534,.T.);
#1143=ORIENTED_EDGE('',*,*,#1552,.T.);
#1144=ORIENTED_EDGE('',*,*,#1518,.T.);
#1145=ORIENTED_EDGE('',*,*,#1552,.F.);
#1146=ORIENTED_EDGE('',*,*,#1533,.F.);
#1147=ORIENTED_EDGE('',*,*,#1553,.T.);
#1148=ORIENTED_EDGE('',*,*,#1519,.F.);
#1149=ORIENTED_EDGE('',*,*,#1553,.F.);
#1150=ORIENTED_EDGE('',*,*,#1532,.T.);
#1151=ORIENTED_EDGE('',*,*,#1554,.T.);
#1152=ORIENTED_EDGE('',*,*,#1520,.F.);
#1153=ORIENTED_EDGE('',*,*,#1554,.F.);
#1154=ORIENTED_EDGE('',*,*,#1531,.T.);
#1155=ORIENTED_EDGE('',*,*,#1555,.T.);
#1156=ORIENTED_EDGE('',*,*,#1521,.F.);
#1157=ORIENTED_EDGE('',*,*,#1555,.F.);
#1158=ORIENTED_EDGE('',*,*,#1530,.T.);
#1159=ORIENTED_EDGE('',*,*,#1556,.T.);
#1160=ORIENTED_EDGE('',*,*,#1522,.T.);
#1161=ORIENTED_EDGE('',*,*,#1556,.F.);
#1162=ORIENTED_EDGE('',*,*,#1529,.F.);
#1163=ORIENTED_EDGE('',*,*,#1557,.T.);
#1164=ORIENTED_EDGE('',*,*,#1523,.F.);
#1165=ORIENTED_EDGE('',*,*,#1557,.F.);
#1166=ORIENTED_EDGE('',*,*,#1528,.T.);
#1167=ORIENTED_EDGE('',*,*,#1558,.T.);
#1168=ORIENTED_EDGE('',*,*,#1524,.F.);
#1169=ORIENTED_EDGE('',*,*,#1558,.F.);
#1170=ORIENTED_EDGE('',*,*,#1527,.T.);
#1171=ORIENTED_EDGE('',*,*,#1559,.T.);
#1172=ORIENTED_EDGE('',*,*,#1526,.T.);
#1173=ORIENTED_EDGE('',*,*,#1475,.T.);
#1174=ORIENTED_EDGE('',*,*,#1499,.F.);
#1175=ORIENTED_EDGE('',*,*,#1559,.F.);
#1176=ORIENTED_EDGE('',*,*,#1500,.F.);
#1177=ORIENTED_EDGE('',*,*,#1477,.T.);
#1178=ORIENTED_EDGE('',*,*,#1525,.T.);
#1179=ORIENTED_EDGE('',*,*,#1463,.T.);
#1180=ORIENTED_EDGE('',*,*,#1501,.T.);
#1181=ORIENTED_EDGE('',*,*,#1465,.F.);
#1182=ORIENTED_EDGE('',*,*,#1548,.F.);
#1183=ORIENTED_EDGE('',*,*,#1560,.T.);
#1184=ORIENTED_EDGE('',*,*,#1502,.T.);
#1185=ORIENTED_EDGE('',*,*,#1560,.F.);
#1186=ORIENTED_EDGE('',*,*,#1547,.F.);
#1187=ORIENTED_EDGE('',*,*,#1561,.T.);
#1188=ORIENTED_EDGE('',*,*,#1503,.T.);
#1189=ORIENTED_EDGE('',*,*,#1561,.F.);
#1190=ORIENTED_EDGE('',*,*,#1546,.F.);
#1191=ORIENTED_EDGE('',*,*,#1562,.T.);
#1192=ORIENTED_EDGE('',*,*,#1504,.F.);
#1193=ORIENTED_EDGE('',*,*,#1562,.F.);
#1194=ORIENTED_EDGE('',*,*,#1545,.T.);
#1195=ORIENTED_EDGE('',*,*,#1563,.T.);
#1196=ORIENTED_EDGE('',*,*,#1505,.T.);
#1197=ORIENTED_EDGE('',*,*,#1563,.F.);
#1198=ORIENTED_EDGE('',*,*,#1544,.F.);
#1199=ORIENTED_EDGE('',*,*,#1564,.T.);
#1200=ORIENTED_EDGE('',*,*,#1506,.T.);
#1201=ORIENTED_EDGE('',*,*,#1564,.F.);
#1202=ORIENTED_EDGE('',*,*,#1543,.F.);
#1203=ORIENTED_EDGE('',*,*,#1565,.T.);
#1204=ORIENTED_EDGE('',*,*,#1507,.T.);
#1205=ORIENTED_EDGE('',*,*,#1565,.F.);
#1206=ORIENTED_EDGE('',*,*,#1542,.F.);
#1207=ORIENTED_EDGE('',*,*,#1566,.T.);
#1208=ORIENTED_EDGE('',*,*,#1508,.F.);
#1209=ORIENTED_EDGE('',*,*,#1566,.F.);
#1210=ORIENTED_EDGE('',*,*,#1541,.T.);
#1211=ORIENTED_EDGE('',*,*,#1567,.T.);
#1212=ORIENTED_EDGE('',*,*,#1509,.T.);
#1213=ORIENTED_EDGE('',*,*,#1567,.F.);
#1214=ORIENTED_EDGE('',*,*,#1540,.F.);
#1215=ORIENTED_EDGE('',*,*,#1568,.T.);
#1216=ORIENTED_EDGE('',*,*,#1510,.F.);
#1217=ORIENTED_EDGE('',*,*,#1568,.F.);
#1218=ORIENTED_EDGE('',*,*,#1539,.T.);
#1219=ORIENTED_EDGE('',*,*,#1569,.T.);
#1220=ORIENTED_EDGE('',*,*,#1538,.T.);
#1221=ORIENTED_EDGE('',*,*,#1461,.T.);
#1222=ORIENTED_EDGE('',*,*,#1570,.T.);
#1223=ORIENTED_EDGE('',*,*,#1511,.F.);
#1224=ORIENTED_EDGE('',*,*,#1569,.F.);
#1225=ORIENTED_EDGE('',*,*,#1570,.F.);
#1226=ORIENTED_EDGE('',*,*,#1460,.T.);
#1227=ORIENTED_EDGE('',*,*,#1495,.F.);
#1228=ORIENTED_EDGE('',*,*,#1512,.F.);
#1229=ORIENTED_EDGE('',*,*,#1571,.F.);
#1230=ORIENTED_EDGE('',*,*,#1472,.F.);
#1231=ORIENTED_EDGE('',*,*,#1572,.T.);
#1232=ORIENTED_EDGE('',*,*,#1454,.T.);
#1233=ORIENTED_EDGE('',*,*,#1573,.T.);
#1234=ORIENTED_EDGE('',*,*,#1473,.F.);
#1235=ORIENTED_EDGE('',*,*,#1571,.T.);
#1236=ORIENTED_EDGE('',*,*,#1453,.F.);
#1237=ORIENTED_EDGE('',*,*,#1513,.T.);
#1238=ORIENTED_EDGE('',*,*,#1457,.F.);
#1239=ORIENTED_EDGE('',*,*,#1574,.F.);
#1240=ORIENTED_EDGE('',*,*,#1469,.F.);
#1241=ORIENTED_EDGE('',*,*,#1484,.F.);
#1242=ORIENTED_EDGE('',*,*,#1489,.F.);
#1243=ORIENTED_EDGE('',*,*,#1487,.T.);
#1244=ORIENTED_EDGE('',*,*,#1480,.F.);
#1245=ORIENTED_EDGE('',*,*,#1572,.F.);
#1246=ORIENTED_EDGE('',*,*,#1471,.T.);
#1247=ORIENTED_EDGE('',*,*,#1575,.F.);
#1248=ORIENTED_EDGE('',*,*,#1467,.T.);
#1249=ORIENTED_EDGE('',*,*,#1576,.T.);
#1250=ORIENTED_EDGE('',*,*,#1455,.T.);
#1251=ORIENTED_EDGE('',*,*,#1537,.T.);
#1252=ORIENTED_EDGE('',*,*,#1447,.T.);
#1253=ORIENTED_EDGE('',*,*,#1490,.F.);
#1254=ORIENTED_EDGE('',*,*,#1485,.T.);
#1255=ORIENTED_EDGE('',*,*,#1482,.F.);
#1256=ORIENTED_EDGE('',*,*,#1486,.F.);
#1257=ORIENTED_EDGE('',*,*,#1576,.F.);
#1258=ORIENTED_EDGE('',*,*,#1470,.T.);
#1259=ORIENTED_EDGE('',*,*,#1574,.T.);
#1260=ORIENTED_EDGE('',*,*,#1456,.F.);
#1261=ORIENTED_EDGE('',*,*,#1575,.T.);
#1262=ORIENTED_EDGE('',*,*,#1474,.T.);
#1263=ORIENTED_EDGE('',*,*,#1573,.F.);
#1264=ORIENTED_EDGE('',*,*,#1468,.F.);
#1265=EDGE_CURVE('',#1577,#1578,#1786,.T.);
#1266=EDGE_CURVE('',#1577,#1579,#109,.T.);
#1267=EDGE_CURVE('',#1579,#1580,#1787,.T.);
#1268=EDGE_CURVE('',#1578,#1580,#110,.T.);
#1269=EDGE_CURVE('',#1581,#1582,#1788,.T.);
#1270=EDGE_CURVE('',#1581,#1583,#111,.T.);
#1271=EDGE_CURVE('',#1583,#1584,#1789,.T.);
#1272=EDGE_CURVE('',#1582,#1584,#112,.T.);
#1273=EDGE_CURVE('',#1585,#1586,#1790,.T.);
#1274=EDGE_CURVE('',#1585,#1587,#113,.T.);
#1275=EDGE_CURVE('',#1587,#1588,#1791,.T.);
#1276=EDGE_CURVE('',#1588,#1589,#114,.T.);
#1277=EDGE_CURVE('',#1590,#1589,#1792,.T.);
#1278=EDGE_CURVE('',#1591,#1590,#115,.T.);
#1279=EDGE_CURVE('',#1592,#1591,#1793,.T.);
#1280=EDGE_CURVE('',#1592,#1593,#116,.T.);
#1281=EDGE_CURVE('',#1594,#1593,#1794,.T.);
#1282=EDGE_CURVE('',#1595,#1594,#117,.T.);
#1283=EDGE_CURVE('',#1596,#1595,#1795,.T.);
#1284=EDGE_CURVE('',#1596,#1597,#118,.T.);
#1285=EDGE_CURVE('',#1598,#1597,#1796,.T.);
#1286=EDGE_CURVE('',#1599,#1598,#119,.T.);
#1287=EDGE_CURVE('',#1599,#1600,#1797,.T.);
#1288=EDGE_CURVE('',#1600,#1601,#120,.T.);
#1289=EDGE_CURVE('',#1602,#1601,#1798,.T.);
#1290=EDGE_CURVE('',#1602,#1586,#121,.T.);
#1291=EDGE_CURVE('',#1603,#1604,#1799,.T.);
#1292=EDGE_CURVE('',#1604,#1605,#122,.T.);
#1293=EDGE_CURVE('',#1606,#1605,#1800,.T.);
#1294=EDGE_CURVE('',#1607,#1606,#123,.T.);
#1295=EDGE_CURVE('',#1607,#1608,#1801,.T.);
#1296=EDGE_CURVE('',#1609,#1608,#124,.T.);
#1297=EDGE_CURVE('',#1610,#1609,#1802,.T.);
#1298=EDGE_CURVE('',#1611,#1610,#125,.T.);
#1299=EDGE_CURVE('',#1611,#1612,#1803,.T.);
#1300=EDGE_CURVE('',#1613,#1612,#126,.T.);
#1301=EDGE_CURVE('',#1613,#1614,#1804,.T.);
#1302=EDGE_CURVE('',#1615,#1614,#127,.T.);
#1303=EDGE_CURVE('',#1615,#1616,#1805,.T.);
#1304=EDGE_CURVE('',#1617,#1616,#128,.T.);
#1305=EDGE_CURVE('',#1617,#1618,#1806,.T.);
#1306=EDGE_CURVE('',#1619,#1618,#129,.T.);
#1307=EDGE_CURVE('',#1619,#1620,#1807,.T.);
#1308=EDGE_CURVE('',#1603,#1620,#130,.T.);
#1309=EDGE_CURVE('',#1621,#1611,#131,.T.);
#1310=EDGE_CURVE('',#1622,#1610,#132,.T.);
#1311=EDGE_CURVE('',#1621,#1622,#133,.T.);
#1312=EDGE_CURVE('',#1618,#1623,#134,.T.);
#1313=EDGE_CURVE('',#1617,#1624,#135,.T.);
#1314=EDGE_CURVE('',#1624,#1625,#136,.T.);
#1315=EDGE_CURVE('',#1623,#1625,#137,.T.);
#1316=EDGE_CURVE('',#1616,#1626,#138,.T.);
#1317=EDGE_CURVE('',#1624,#1626,#139,.T.);
#1318=EDGE_CURVE('',#1627,#1615,#140,.T.);
#1319=EDGE_CURVE('',#1627,#1628,#141,.T.);
#1320=EDGE_CURVE('',#1628,#1626,#142,.T.);
#1321=EDGE_CURVE('',#1614,#1629,#143,.T.);
#1322=EDGE_CURVE('',#1613,#1630,#144,.T.);
#1323=EDGE_CURVE('',#1630,#1631,#145,.T.);
#1324=EDGE_CURVE('',#1629,#1631,#146,.T.);
#1325=EDGE_CURVE('',#1612,#1632,#147,.T.);
#1326=EDGE_CURVE('',#1630,#1632,#148,.T.);
#1327=EDGE_CURVE('',#1621,#1633,#149,.T.);
#1328=EDGE_CURVE('',#1633,#1632,#150,.T.);
#1329=EDGE_CURVE('',#1609,#1634,#151,.T.);
#1330=EDGE_CURVE('',#1635,#1634,#152,.T.);
#1331=EDGE_CURVE('',#1622,#1635,#153,.T.);
#1332=EDGE_CURVE('',#1608,#1636,#154,.T.);
#1333=EDGE_CURVE('',#1634,#1636,#155,.T.);
#1334=EDGE_CURVE('',#1607,#1636,#156,.T.);
#1335=EDGE_CURVE('',#1637,#1620,#157,.T.);
#1336=EDGE_CURVE('',#1638,#1619,#158,.T.);
#1337=EDGE_CURVE('',#1638,#1637,#159,.T.);
#1338=EDGE_CURVE('',#1591,#1639,#160,.T.);
#1339=EDGE_CURVE('',#1640,#1590,#161,.T.);
#1340=EDGE_CURVE('',#1639,#1640,#162,.T.);
#1341=EDGE_CURVE('',#1600,#1641,#163,.T.);
#1342=EDGE_CURVE('',#1642,#1599,#164,.T.);
#1343=EDGE_CURVE('',#1642,#1643,#165,.T.);
#1344=EDGE_CURVE('',#1643,#1641,#166,.T.);
#1345=EDGE_CURVE('',#1644,#1642,#167,.T.);
#1346=EDGE_CURVE('',#1644,#1645,#168,.T.);
#1347=EDGE_CURVE('',#1645,#1643,#169,.T.);
#1348=EDGE_CURVE('',#1644,#1598,#170,.T.);
#1349=EDGE_CURVE('',#1597,#1646,#171,.T.);
#1350=EDGE_CURVE('',#1645,#1646,#172,.T.);
#1351=EDGE_CURVE('',#1596,#1647,#173,.T.);
#1352=EDGE_CURVE('',#1647,#1646,#174,.T.);
#1353=EDGE_CURVE('',#1595,#1648,#175,.T.);
#1354=EDGE_CURVE('',#1648,#1649,#176,.T.);
#1355=EDGE_CURVE('',#1647,#1649,#177,.T.);
#1356=EDGE_CURVE('',#1648,#1650,#178,.T.);
#1357=EDGE_CURVE('',#1650,#1651,#179,.T.);
#1358=EDGE_CURVE('',#1649,#1651,#180,.T.);
#1359=EDGE_CURVE('',#1650,#1594,#181,.T.);
#1360=EDGE_CURVE('',#1593,#1652,#182,.T.);
#1361=EDGE_CURVE('',#1651,#1652,#183,.T.);
#1362=EDGE_CURVE('',#1592,#1653,#184,.T.);
#1363=EDGE_CURVE('',#1653,#1652,#185,.T.);
#1364=EDGE_CURVE('',#1639,#1654,#186,.T.);
#1365=EDGE_CURVE('',#1653,#1654,#187,.T.);
#1366=EDGE_CURVE('',#1640,#1655,#188,.T.);
#1367=EDGE_CURVE('',#1654,#1655,#189,.T.);
#1368=EDGE_CURVE('',#1655,#1589,#190,.T.);
#1369=EDGE_CURVE('',#1601,#1656,#191,.T.);
#1370=EDGE_CURVE('',#1641,#1656,#192,.T.);
#1371=EDGE_CURVE('',#1657,#1658,#193,.T.);
#1372=EDGE_CURVE('',#1657,#1659,#194,.T.);
#1373=EDGE_CURVE('',#1659,#1660,#195,.T.);
#1374=EDGE_CURVE('',#1661,#1660,#196,.T.);
#1375=EDGE_CURVE('',#1662,#1661,#197,.T.);
#1376=EDGE_CURVE('',#1662,#1663,#198,.T.);
#1377=EDGE_CURVE('',#1663,#1664,#199,.T.);
#1378=EDGE_CURVE('',#1664,#1665,#200,.T.);
#1379=EDGE_CURVE('',#1665,#1666,#201,.T.);
#1380=EDGE_CURVE('',#1666,#1667,#202,.T.);
#1381=EDGE_CURVE('',#1668,#1667,#203,.T.);
#1382=EDGE_CURVE('',#1669,#1668,#204,.T.);
#1383=EDGE_CURVE('',#1670,#1669,#205,.T.);
#1384=EDGE_CURVE('',#1671,#1670,#206,.T.);
#1385=EDGE_CURVE('',#1671,#1672,#207,.T.);
#1386=EDGE_CURVE('',#1672,#1658,#208,.T.);
#1387=EDGE_CURVE('',#1579,#1604,#209,.T.);
#1388=EDGE_CURVE('',#1603,#1588,#210,.T.);
#1389=EDGE_CURVE('',#1584,#1587,#211,.T.);
#1390=EDGE_CURVE('',#1583,#1580,#212,.T.);
#1391=EDGE_CURVE('',#1660,#1673,#213,.T.);
#1392=EDGE_CURVE('',#1673,#1674,#214,.T.);
#1393=EDGE_CURVE('',#1661,#1674,#215,.T.);
#1394=EDGE_CURVE('',#1674,#1675,#216,.T.);
#1395=EDGE_CURVE('',#1662,#1675,#217,.T.);
#1396=EDGE_CURVE('',#1664,#1676,#218,.T.);
#1397=EDGE_CURVE('',#1677,#1676,#219,.T.);
#1398=EDGE_CURVE('',#1665,#1677,#220,.T.);
#1399=EDGE_CURVE('',#1678,#1675,#221,.T.);
#1400=EDGE_CURVE('',#1663,#1678,#222,.T.);
#1401=EDGE_CURVE('',#1676,#1678,#223,.T.);
#1402=EDGE_CURVE('',#1679,#1680,#224,.T.);
#1403=EDGE_CURVE('',#1670,#1679,#225,.T.);
#1404=EDGE_CURVE('',#1669,#1680,#226,.T.);
#1405=EDGE_CURVE('',#1679,#1681,#227,.T.);
#1406=EDGE_CURVE('',#1681,#1682,#228,.T.);
#1407=EDGE_CURVE('',#1671,#1682,#229,.T.);
#1408=EDGE_CURVE('',#1683,#1684,#230,.T.);
#1409=EDGE_CURVE('',#1672,#1683,#231,.T.);
#1410=EDGE_CURVE('',#1685,#1682,#232,.T.);
#1411=EDGE_CURVE('',#1684,#1685,#233,.T.);
#1412=EDGE_CURVE('',#1658,#1686,#234,.T.);
#1413=EDGE_CURVE('',#1686,#1683,#235,.T.);
#1414=EDGE_CURVE('',#1687,#1680,#236,.T.);
#1415=EDGE_CURVE('',#1668,#1687,#237,.T.);
#1416=EDGE_CURVE('',#1659,#1637,#238,.T.);
#1417=EDGE_CURVE('',#1623,#1638,#239,.T.);
#1418=EDGE_CURVE('',#1625,#1628,#240,.T.);
#1419=EDGE_CURVE('',#1629,#1627,#241,.T.);
#1420=EDGE_CURVE('',#1631,#1633,#242,.T.);
#1421=EDGE_CURVE('',#1635,#1688,#243,.T.);
#1422=EDGE_CURVE('',#1688,#1673,#244,.T.);
#1423=EDGE_CURVE('',#1687,#1689,#245,.T.);
#1424=EDGE_CURVE('',#1690,#1689,#246,.T.);
#1425=EDGE_CURVE('',#1690,#1679,#247,.T.);
#1426=EDGE_CURVE('',#1691,#1686,#248,.T.);
#1427=EDGE_CURVE('',#1657,#1691,#249,.T.);
#1428=EDGE_CURVE('',#1690,#1692,#250,.T.);
#1429=EDGE_CURVE('',#1692,#1681,#251,.T.);
#1430=EDGE_CURVE('',#1605,#1577,#252,.T.);
#1431=EDGE_CURVE('',#1581,#1578,#253,.T.);
#1432=EDGE_CURVE('',#1586,#1693,#254,.T.);
#1433=EDGE_CURVE('',#1694,#1602,#255,.T.);
#1434=EDGE_CURVE('',#1693,#1694,#256,.T.);
#1435=EDGE_CURVE('',#1585,#1582,#257,.T.);
#1436=EDGE_CURVE('',#1694,#1695,#258,.T.);
#1437=EDGE_CURVE('',#1696,#1695,#259,.T.);
#1438=EDGE_CURVE('',#1693,#1696,#260,.T.);
#1439=EDGE_CURVE('',#1667,#1689,#261,.T.);
#1440=EDGE_CURVE('',#1697,#1666,#262,.T.);
#1441=EDGE_CURVE('',#1697,#1692,#263,.T.);
#1442=EDGE_CURVE('',#1656,#1691,#264,.T.);
#1443=EDGE_CURVE('',#1695,#1684,#265,.T.);
#1444=EDGE_CURVE('',#1688,#1606,#266,.T.);
#1445=EDGE_CURVE('',#1685,#1696,#267,.T.);
#1446=EDGE_CURVE('',#1677,#1697,#268,.T.);
#1447=EDGE_CURVE('',#1698,#1699,#1808,.T.);
#1448=EDGE_CURVE('',#1698,#1700,#269,.T.);
#1449=EDGE_CURVE('',#1700,#1701,#1809,.T.);
#1450=EDGE_CURVE('',#1702,#1701,#270,.T.);
#1451=EDGE_CURVE('',#1702,#1703,#1810,.T.);
#1452=EDGE_CURVE('',#1704,#1703,#271,.T.);
#1453=EDGE_CURVE('',#1704,#1705,#1811,.T.);
#1454=EDGE_CURVE('',#1699,#1705,#272,.T.);
#1455=EDGE_CURVE('',#1706,#1707,#1812,.T.);
#1456=EDGE_CURVE('',#1706,#1708,#273,.T.);
#1457=EDGE_CURVE('',#1708,#1709,#1813,.T.);
#1458=EDGE_CURVE('',#1710,#1709,#274,.T.);
#1459=EDGE_CURVE('',#1710,#1711,#1814,.T.);
#1460=EDGE_CURVE('',#1712,#1711,#275,.T.);
#1461=EDGE_CURVE('',#1713,#1712,#1815,.T.);
#1462=EDGE_CURVE('',#1707,#1713,#276,.T.);
#1463=EDGE_CURVE('',#1714,#1715,#1816,.T.);
#1464=EDGE_CURVE('',#1714,#1716,#277,.T.);
#1465=EDGE_CURVE('',#1716,#1717,#1817,.T.);
#1466=EDGE_CURVE('',#1715,#1717,#278,.T.);
#1467=EDGE_CURVE('',#1718,#1719,#1818,.T.);
#1468=EDGE_CURVE('',#1718,#1720,#279,.T.);
#1469=EDGE_CURVE('',#1720,#1721,#1819,.T.);
#1470=EDGE_CURVE('',#1719,#1721,#280,.T.);
#1471=EDGE_CURVE('',#1722,#1723,#1820,.T.);
#1472=EDGE_CURVE('',#1722,#1724,#281,.T.);
#1473=EDGE_CURVE('',#1724,#1725,#1821,.T.);
#1474=EDGE_CURVE('',#1723,#1725,#282,.T.);
#1475=EDGE_CURVE('',#1726,#1727,#1822,.T.);
#1476=EDGE_CURVE('',#1726,#1728,#283,.T.);
#1477=EDGE_CURVE('',#1729,#1728,#1823,.T.);
#1478=EDGE_CURVE('',#1727,#1729,#284,.T.);
#1479=EDGE_CURVE('',#1730,#1731,#285,.T.);
#1480=EDGE_CURVE('',#1731,#1732,#1824,.T.);
#1481=EDGE_CURVE('',#1733,#1732,#286,.T.);
#1482=EDGE_CURVE('',#1733,#1730,#1825,.T.);
#1483=EDGE_CURVE('',#1734,#1735,#287,.T.);
#1484=EDGE_CURVE('',#1735,#1731,#288,.T.);
#1485=EDGE_CURVE('',#1734,#1730,#289,.T.);
#1486=EDGE_CURVE('',#1736,#1733,#290,.T.);
#1487=EDGE_CURVE('',#1737,#1732,#291,.T.);
#1488=EDGE_CURVE('',#1736,#1737,#292,.T.);
#1489=EDGE_CURVE('',#1737,#1735,#1826,.T.);
#1490=EDGE_CURVE('',#1734,#1736,#1827,.T.);
#1491=EDGE_CURVE('',#1738,#1738,#1828,.T.);
#1492=EDGE_CURVE('',#1739,#1739,#1829,.T.);
#1493=EDGE_CURVE('',#1740,#1740,#1830,.T.);
#1494=EDGE_CURVE('',#1741,#1741,#1831,.T.);
#1495=EDGE_CURVE('',#1742,#1711,#293,.T.);
#1496=EDGE_CURVE('',#1710,#1742,#294,.T.);
#1497=EDGE_CURVE('',#1743,#1703,#295,.T.);
#1498=EDGE_CURVE('',#1743,#1702,#296,.T.);
#1499=EDGE_CURVE('',#1744,#1727,#297,.T.);
#1500=EDGE_CURVE('',#1729,#1715,#298,.T.);
#1501=EDGE_CURVE('',#1745,#1717,#299,.T.);
#1502=EDGE_CURVE('',#1746,#1745,#300,.T.);
#1503=EDGE_CURVE('',#1747,#1746,#301,.T.);
#1504=EDGE_CURVE('',#1747,#1748,#302,.T.);
#1505=EDGE_CURVE('',#1749,#1748,#303,.T.);
#1506=EDGE_CURVE('',#1750,#1749,#304,.T.);
#1507=EDGE_CURVE('',#1751,#1750,#305,.T.);
#1508=EDGE_CURVE('',#1751,#1752,#306,.T.);
#1509=EDGE_CURVE('',#1753,#1752,#307,.T.);
#1510=EDGE_CURVE('',#1753,#1754,#308,.T.);
#1511=EDGE_CURVE('',#1754,#1755,#309,.T.);
#1512=EDGE_CURVE('',#1755,#1742,#310,.T.);
#1513=EDGE_CURVE('',#1704,#1709,#311,.T.);
#1514=EDGE_CURVE('',#1756,#1743,#312,.T.);
#1515=EDGE_CURVE('',#1757,#1756,#313,.T.);
#1516=EDGE_CURVE('',#1758,#1757,#314,.T.);
#1517=EDGE_CURVE('',#1758,#1759,#315,.T.);
#1518=EDGE_CURVE('',#1760,#1759,#316,.T.);
#1519=EDGE_CURVE('',#1760,#1761,#317,.T.);
#1520=EDGE_CURVE('',#1761,#1762,#318,.T.);
#1521=EDGE_CURVE('',#1762,#1763,#319,.T.);
#1522=EDGE_CURVE('',#1764,#1763,#320,.T.);
#1523=EDGE_CURVE('',#1764,#1765,#321,.T.);
#1524=EDGE_CURVE('',#1765,#1744,#322,.T.);
#1525=EDGE_CURVE('',#1728,#1714,#323,.T.);
#1526=EDGE_CURVE('',#1766,#1726,#324,.T.);
#1527=EDGE_CURVE('',#1767,#1766,#325,.T.);
#1528=EDGE_CURVE('',#1768,#1767,#326,.T.);
#1529=EDGE_CURVE('',#1768,#1769,#327,.T.);
#1530=EDGE_CURVE('',#1770,#1769,#328,.T.);
#1531=EDGE_CURVE('',#1771,#1770,#329,.T.);
#1532=EDGE_CURVE('',#1772,#1771,#330,.T.);
#1533=EDGE_CURVE('',#1772,#1773,#331,.T.);
#1534=EDGE_CURVE('',#1774,#1773,#332,.T.);
#1535=EDGE_CURVE('',#1774,#1775,#333,.T.);
#1536=EDGE_CURVE('',#1775,#1700,#334,.T.);
#1537=EDGE_CURVE('',#1707,#1698,#335,.T.);
#1538=EDGE_CURVE('',#1776,#1713,#336,.T.);
#1539=EDGE_CURVE('',#1777,#1776,#337,.T.);
#1540=EDGE_CURVE('',#1777,#1778,#338,.T.);
#1541=EDGE_CURVE('',#1779,#1778,#339,.T.);
#1542=EDGE_CURVE('',#1779,#1780,#340,.T.);
#1543=EDGE_CURVE('',#1780,#1781,#341,.T.);
#1544=EDGE_CURVE('',#1781,#1782,#342,.T.);
#1545=EDGE_CURVE('',#1783,#1782,#343,.T.);
#1546=EDGE_CURVE('',#1783,#1784,#344,.T.);
#1547=EDGE_CURVE('',#1784,#1785,#345,.T.);
#1548=EDGE_CURVE('',#1785,#1716,#346,.T.);
#1549=EDGE_CURVE('',#1701,#1756,#347,.T.);
#1550=EDGE_CURVE('',#1775,#1757,#348,.T.);
#1551=EDGE_CURVE('',#1774,#1758,#349,.T.);
#1552=EDGE_CURVE('',#1773,#1759,#350,.T.);
#1553=EDGE_CURVE('',#1772,#1760,#351,.T.);
#1554=EDGE_CURVE('',#1771,#1761,#352,.T.);
#1555=EDGE_CURVE('',#1770,#1762,#353,.T.);
#1556=EDGE_CURVE('',#1769,#1763,#354,.T.);
#1557=EDGE_CURVE('',#1768,#1764,#355,.T.);
#1558=EDGE_CURVE('',#1767,#1765,#356,.T.);
#1559=EDGE_CURVE('',#1766,#1744,#357,.T.);
#1560=EDGE_CURVE('',#1785,#1745,#358,.T.);
#1561=EDGE_CURVE('',#1784,#1746,#359,.T.);
#1562=EDGE_CURVE('',#1783,#1747,#360,.T.);
#1563=EDGE_CURVE('',#1782,#1748,#361,.T.);
#1564=EDGE_CURVE('',#1781,#1749,#362,.T.);
#1565=EDGE_CURVE('',#1780,#1750,#363,.T.);
#1566=EDGE_CURVE('',#1779,#1751,#364,.T.);
#1567=EDGE_CURVE('',#1778,#1752,#365,.T.);
#1568=EDGE_CURVE('',#1777,#1753,#366,.T.);
#1569=EDGE_CURVE('',#1776,#1754,#367,.T.);
#1570=EDGE_CURVE('',#1712,#1755,#368,.T.);
#1571=EDGE_CURVE('',#1724,#1705,#369,.T.);
#1572=EDGE_CURVE('',#1722,#1699,#370,.T.);
#1573=EDGE_CURVE('',#1720,#1725,#371,.T.);
#1574=EDGE_CURVE('',#1721,#1708,#372,.T.);
#1575=EDGE_CURVE('',#1718,#1723,#373,.T.);
#1576=EDGE_CURVE('',#1719,#1706,#374,.T.);
#1577=VERTEX_POINT('',#2937);
#1578=VERTEX_POINT('',#2938);
#1579=VERTEX_POINT('',#2940);
#1580=VERTEX_POINT('',#2942);
#1581=VERTEX_POINT('',#2946);
#1582=VERTEX_POINT('',#2947);
#1583=VERTEX_POINT('',#2949);
#1584=VERTEX_POINT('',#2951);
#1585=VERTEX_POINT('',#2955);
#1586=VERTEX_POINT('',#2956);
#1587=VERTEX_POINT('',#2958);
#1588=VERTEX_POINT('',#2960);
#1589=VERTEX_POINT('',#2962);
#1590=VERTEX_POINT('',#2964);
#1591=VERTEX_POINT('',#2966);
#1592=VERTEX_POINT('',#2968);
#1593=VERTEX_POINT('',#2970);
#1594=VERTEX_POINT('',#2972);
#1595=VERTEX_POINT('',#2974);
#1596=VERTEX_POINT('',#2976);
#1597=VERTEX_POINT('',#2978);
#1598=VERTEX_POINT('',#2980);
#1599=VERTEX_POINT('',#2982);
#1600=VERTEX_POINT('',#2984);
#1601=VERTEX_POINT('',#2986);
#1602=VERTEX_POINT('',#2988);
#1603=VERTEX_POINT('',#2992);
#1604=VERTEX_POINT('',#2993);
#1605=VERTEX_POINT('',#2995);
#1606=VERTEX_POINT('',#2997);
#1607=VERTEX_POINT('',#2999);
#1608=VERTEX_POINT('',#3001);
#1609=VERTEX_POINT('',#3003);
#1610=VERTEX_POINT('',#3005);
#1611=VERTEX_POINT('',#3007);
#1612=VERTEX_POINT('',#3009);
#1613=VERTEX_POINT('',#3011);
#1614=VERTEX_POINT('',#3013);
#1615=VERTEX_POINT('',#3015);
#1616=VERTEX_POINT('',#3017);
#1617=VERTEX_POINT('',#3019);
#1618=VERTEX_POINT('',#3021);
#1619=VERTEX_POINT('',#3023);
#1620=VERTEX_POINT('',#3025);
#1621=VERTEX_POINT('',#3029);
#1622=VERTEX_POINT('',#3031);
#1623=VERTEX_POINT('',#3035);
#1624=VERTEX_POINT('',#3037);
#1625=VERTEX_POINT('',#3039);
#1626=VERTEX_POINT('',#3043);
#1627=VERTEX_POINT('',#3047);
#1628=VERTEX_POINT('',#3049);
#1629=VERTEX_POINT('',#3053);
#1630=VERTEX_POINT('',#3055);
#1631=VERTEX_POINT('',#3057);
#1632=VERTEX_POINT('',#3061);
#1633=VERTEX_POINT('',#3065);
#1634=VERTEX_POINT('',#3069);
#1635=VERTEX_POINT('',#3071);
#1636=VERTEX_POINT('',#3075);
#1637=VERTEX_POINT('',#3081);
#1638=VERTEX_POINT('',#3083);
#1639=VERTEX_POINT('',#3087);
#1640=VERTEX_POINT('',#3089);
#1641=VERTEX_POINT('',#3093);
#1642=VERTEX_POINT('',#3095);
#1643=VERTEX_POINT('',#3097);
#1644=VERTEX_POINT('',#3101);
#1645=VERTEX_POINT('',#3103);
#1646=VERTEX_POINT('',#3108);
#1647=VERTEX_POINT('',#3112);
#1648=VERTEX_POINT('',#3116);
#1649=VERTEX_POINT('',#3118);
#1650=VERTEX_POINT('',#3122);
#1651=VERTEX_POINT('',#3124);
#1652=VERTEX_POINT('',#3129);
#1653=VERTEX_POINT('',#3133);
#1654=VERTEX_POINT('',#3137);
#1655=VERTEX_POINT('',#3141);
#1656=VERTEX_POINT('',#3147);
#1657=VERTEX_POINT('',#3151);
#1658=VERTEX_POINT('',#3152);
#1659=VERTEX_POINT('',#3154);
#1660=VERTEX_POINT('',#3156);
#1661=VERTEX_POINT('',#3158);
#1662=VERTEX_POINT('',#3160);
#1663=VERTEX_POINT('',#3162);
#1664=VERTEX_POINT('',#3164);
#1665=VERTEX_POINT('',#3166);
#1666=VERTEX_POINT('',#3168);
#1667=VERTEX_POINT('',#3170);
#1668=VERTEX_POINT('',#3172);
#1669=VERTEX_POINT('',#3174);
#1670=VERTEX_POINT('',#3176);
#1671=VERTEX_POINT('',#3178);
#1672=VERTEX_POINT('',#3180);
#1673=VERTEX_POINT('',#3189);
#1674=VERTEX_POINT('',#3191);
#1675=VERTEX_POINT('',#3195);
#1676=VERTEX_POINT('',#3199);
#1677=VERTEX_POINT('',#3201);
#1678=VERTEX_POINT('',#3205);
#1679=VERTEX_POINT('',#3211);
#1680=VERTEX_POINT('',#3212);
#1681=VERTEX_POINT('',#3217);
#1682=VERTEX_POINT('',#3219);
#1683=VERTEX_POINT('',#3223);
#1684=VERTEX_POINT('',#3224);
#1685=VERTEX_POINT('',#3227);
#1686=VERTEX_POINT('',#3231);
#1687=VERTEX_POINT('',#3235);
#1688=VERTEX_POINT('',#3244);
#1689=VERTEX_POINT('',#3248);
#1690=VERTEX_POINT('',#3250);
#1691=VERTEX_POINT('',#3254);
#1692=VERTEX_POINT('',#3258);
#1693=VERTEX_POINT('',#3266);
#1694=VERTEX_POINT('',#3268);
#1695=VERTEX_POINT('',#3274);
#1696=VERTEX_POINT('',#3276);
#1697=VERTEX_POINT('',#3281);
#1698=VERTEX_POINT('',#3304);
#1699=VERTEX_POINT('',#3305);
#1700=VERTEX_POINT('',#3307);
#1701=VERTEX_POINT('',#3309);
#1702=VERTEX_POINT('',#3311);
#1703=VERTEX_POINT('',#3313);
#1704=VERTEX_POINT('',#3315);
#1705=VERTEX_POINT('',#3317);
#1706=VERTEX_POINT('',#3321);
#1707=VERTEX_POINT('',#3322);
#1708=VERTEX_POINT('',#3324);
#1709=VERTEX_POINT('',#3326);
#1710=VERTEX_POINT('',#3328);
#1711=VERTEX_POINT('',#3330);
#1712=VERTEX_POINT('',#3332);
#1713=VERTEX_POINT('',#3334);
#1714=VERTEX_POINT('',#3338);
#1715=VERTEX_POINT('',#3339);
#1716=VERTEX_POINT('',#3341);
#1717=VERTEX_POINT('',#3343);
#1718=VERTEX_POINT('',#3347);
#1719=VERTEX_POINT('',#3348);
#1720=VERTEX_POINT('',#3350);
#1721=VERTEX_POINT('',#3352);
#1722=VERTEX_POINT('',#3356);
#1723=VERTEX_POINT('',#3357);
#1724=VERTEX_POINT('',#3359);
#1725=VERTEX_POINT('',#3361);
#1726=VERTEX_POINT('',#3365);
#1727=VERTEX_POINT('',#3366);
#1728=VERTEX_POINT('',#3368);
#1729=VERTEX_POINT('',#3370);
#1730=VERTEX_POINT('',#3374);
#1731=VERTEX_POINT('',#3375);
#1732=VERTEX_POINT('',#3377);
#1733=VERTEX_POINT('',#3379);
#1734=VERTEX_POINT('',#3383);
#1735=VERTEX_POINT('',#3384);
#1736=VERTEX_POINT('',#3389);
#1737=VERTEX_POINT('',#3391);
#1738=VERTEX_POINT('',#3398);
#1739=VERTEX_POINT('',#3400);
#1740=VERTEX_POINT('',#3403);
#1741=VERTEX_POINT('',#3405);
#1742=VERTEX_POINT('',#3408);
#1743=VERTEX_POINT('',#3412);
#1744=VERTEX_POINT('',#3416);
#1745=VERTEX_POINT('',#3419);
#1746=VERTEX_POINT('',#3421);
#1747=VERTEX_POINT('',#3423);
#1748=VERTEX_POINT('',#3425);
#1749=VERTEX_POINT('',#3427);
#1750=VERTEX_POINT('',#3429);
#1751=VERTEX_POINT('',#3431);
#1752=VERTEX_POINT('',#3433);
#1753=VERTEX_POINT('',#3435);
#1754=VERTEX_POINT('',#3437);
#1755=VERTEX_POINT('',#3439);
#1756=VERTEX_POINT('',#3443);
#1757=VERTEX_POINT('',#3445);
#1758=VERTEX_POINT('',#3447);
#1759=VERTEX_POINT('',#3449);
#1760=VERTEX_POINT('',#3451);
#1761=VERTEX_POINT('',#3453);
#1762=VERTEX_POINT('',#3455);
#1763=VERTEX_POINT('',#3457);
#1764=VERTEX_POINT('',#3459);
#1765=VERTEX_POINT('',#3461);
#1766=VERTEX_POINT('',#3466);
#1767=VERTEX_POINT('',#3468);
#1768=VERTEX_POINT('',#3470);
#1769=VERTEX_POINT('',#3472);
#1770=VERTEX_POINT('',#3474);
#1771=VERTEX_POINT('',#3476);
#1772=VERTEX_POINT('',#3478);
#1773=VERTEX_POINT('',#3480);
#1774=VERTEX_POINT('',#3482);
#1775=VERTEX_POINT('',#3484);
#1776=VERTEX_POINT('',#3488);
#1777=VERTEX_POINT('',#3490);
#1778=VERTEX_POINT('',#3492);
#1779=VERTEX_POINT('',#3494);
#1780=VERTEX_POINT('',#3496);
#1781=VERTEX_POINT('',#3498);
#1782=VERTEX_POINT('',#3500);
#1783=VERTEX_POINT('',#3502);
#1784=VERTEX_POINT('',#3504);
#1785=VERTEX_POINT('',#3506);
#1786=CIRCLE('',#2199,0.008);
#1787=CIRCLE('',#2200,0.008);
#1788=CIRCLE('',#2202,0.008);
#1789=CIRCLE('',#2203,0.008);
#1790=CIRCLE('',#2205,0.008);
#1791=CIRCLE('',#2206,0.008);
#1792=CIRCLE('',#2207,0.008);
#1793=CIRCLE('',#2208,0.008);
#1794=CIRCLE('',#2209,0.008);
#1795=CIRCLE('',#2210,0.008);
#1796=CIRCLE('',#2211,0.008);
#1797=CIRCLE('',#2212,0.008);
#1798=CIRCLE('',#2213,0.008);
#1799=CIRCLE('',#2215,0.008);
#1800=CIRCLE('',#2216,0.008);
#1801=CIRCLE('',#2217,0.008);
#1802=CIRCLE('',#2218,0.008);
#1803=CIRCLE('',#2219,0.008);
#1804=CIRCLE('',#2220,0.008);
#1805=CIRCLE('',#2221,0.008);
#1806=CIRCLE('',#2222,0.008);
#1807=CIRCLE('',#2223,0.008);
#1808=CIRCLE('',#2285,0.008);
#1809=CIRCLE('',#2286,0.008);
#1810=CIRCLE('',#2287,0.008);
#1811=CIRCLE('',#2288,0.008);
#1812=CIRCLE('',#2290,0.008);
#1813=CIRCLE('',#2291,0.008);
#1814=CIRCLE('',#2292,0.008);
#1815=CIRCLE('',#2293,0.008);
#1816=CIRCLE('',#2295,0.008);
#1817=CIRCLE('',#2296,0.008);
#1818=CIRCLE('',#2298,0.008);
#1819=CIRCLE('',#2299,0.008);
#1820=CIRCLE('',#2301,0.008);
#1821=CIRCLE('',#2302,0.008);
#1822=CIRCLE('',#2304,0.008);
#1823=CIRCLE('',#2305,0.008);
#1824=CIRCLE('',#2307,0.0025);
#1825=CIRCLE('',#2308,0.0025);
#1826=CIRCLE('',#2312,0.0025);
#1827=CIRCLE('',#2313,0.0025);
#1828=CIRCLE('',#2315,0.006);
#1829=CIRCLE('',#2316,0.006);
#1830=CIRCLE('',#2318,0.006);
#1831=CIRCLE('',#2319,0.006);
#1832=EDGE_LOOP('',(#641,#642,#643,#644));
#1833=EDGE_LOOP('',(#645,#646,#647,#648));
#1834=EDGE_LOOP('',(#649,#650,#651,#652,#653,#654,#655,#656,#657,#658,#659,
#660,#661,#662,#663,#664,#665,#666));
#1835=EDGE_LOOP('',(#667,#668,#669,#670,#671,#672,#673,#674,#675,#676,#677,
#678,#679,#680,#681,#682,#683,#684));
#1836=EDGE_LOOP('',(#685,#686,#687,#688));
#1837=EDGE_LOOP('',(#689,#690,#691,#692,#693));
#1838=EDGE_LOOP('',(#694,#695,#696,#697));
#1839=EDGE_LOOP('',(#698,#699,#700,#701,#702));
#1840=EDGE_LOOP('',(#703,#704,#705,#706,#707));
#1841=EDGE_LOOP('',(#708,#709,#710,#711));
#1842=EDGE_LOOP('',(#712,#713,#714,#715,#716));
#1843=EDGE_LOOP('',(#717,#718,#719,#720,#721));
#1844=EDGE_LOOP('',(#722,#723,#724,#725));
#1845=EDGE_LOOP('',(#726,#727,#728));
#1846=EDGE_LOOP('',(#729,#730,#731,#732));
#1847=EDGE_LOOP('',(#733,#734,#735,#736));
#1848=EDGE_LOOP('',(#737,#738,#739,#740,#741));
#1849=EDGE_LOOP('',(#742,#743,#744,#745));
#1850=EDGE_LOOP('',(#746,#747,#748,#749,#750));
#1851=EDGE_LOOP('',(#751,#752,#753,#754));
#1852=EDGE_LOOP('',(#755,#756,#757,#758,#759));
#1853=EDGE_LOOP('',(#760,#761,#762,#763));
#1854=EDGE_LOOP('',(#764,#765,#766,#767,#768));
#1855=EDGE_LOOP('',(#769,#770,#771,#772));
#1856=EDGE_LOOP('',(#773,#774,#775,#776,#777));
#1857=EDGE_LOOP('',(#778,#779,#780,#781));
#1858=EDGE_LOOP('',(#782,#783,#784,#785));
#1859=EDGE_LOOP('',(#786,#787,#788,#789));
#1860=EDGE_LOOP('',(#790,#791,#792,#793,#794,#795,#796,#797,#798,#799,#800,
#801,#802,#803,#804,#805));
#1861=EDGE_LOOP('',(#806,#807,#808,#809,#810,#811,#812,#813));
#1862=EDGE_LOOP('',(#814,#815,#816,#817));
#1863=EDGE_LOOP('',(#818,#819,#820,#821));
#1864=EDGE_LOOP('',(#822,#823,#824,#825));
#1865=EDGE_LOOP('',(#826,#827,#828,#829));
#1866=EDGE_LOOP('',(#830,#831,#832,#833));
#1867=EDGE_LOOP('',(#834,#835,#836,#837));
#1868=EDGE_LOOP('',(#838,#839,#840,#841,#842));
#1869=EDGE_LOOP('',(#843,#844,#845,#846,#847,#848));
#1870=EDGE_LOOP('',(#849,#850,#851,#852));
#1871=EDGE_LOOP('',(#853,#854,#855,#856));
#1872=EDGE_LOOP('',(#857,#858,#859,#860,#861,#862,#863,#864,#865,#866,#867,
#868,#869,#870,#871,#872));
#1873=EDGE_LOOP('',(#873,#874,#875,#876,#877));
#1874=EDGE_LOOP('',(#878,#879,#880,#881));
#1875=EDGE_LOOP('',(#882,#883,#884,#885));
#1876=EDGE_LOOP('',(#886,#887,#888,#889));
#1877=EDGE_LOOP('',(#890,#891,#892,#893));
#1878=EDGE_LOOP('',(#894,#895,#896,#897));
#1879=EDGE_LOOP('',(#898,#899,#900,#901));
#1880=EDGE_LOOP('',(#902,#903,#904,#905));
#1881=EDGE_LOOP('',(#906,#907,#908,#909,#910,#911));
#1882=EDGE_LOOP('',(#912,#913,#914,#915,#916,#917,#918,#919,#920));
#1883=EDGE_LOOP('',(#921,#922,#923,#924,#925,#926,#927,#928,#929,#930,#931,
#932,#933,#934,#935,#936,#937,#938,#939,#940,#941,#942));
#1884=EDGE_LOOP('',(#943,#944,#945,#946));
#1885=EDGE_LOOP('',(#947,#948,#949,#950));
#1886=EDGE_LOOP('',(#951,#952,#953,#954));
#1887=EDGE_LOOP('',(#955,#956,#957,#958));
#1888=EDGE_LOOP('',(#959,#960,#961,#962,#963,#964));
#1889=EDGE_LOOP('',(#965,#966,#967,#968));
#1890=EDGE_LOOP('',(#969,#970,#971,#972,#973,#974,#975,#976,#977,#978,#979,
#980,#981,#982,#983,#984,#985,#986,#987,#988));
#1891=EDGE_LOOP('',(#989,#990,#991,#992));
#1892=EDGE_LOOP('',(#993,#994,#995,#996));
#1893=EDGE_LOOP('',(#997,#998,#999,#1000));
#1894=EDGE_LOOP('',(#1001,#1002,#1003,#1004));
#1895=EDGE_LOOP('',(#1005,#1006,#1007,#1008,#1009,#1010,#1011,#1012));
#1896=EDGE_LOOP('',(#1013,#1014,#1015,#1016,#1017,#1018,#1019,#1020));
#1897=EDGE_LOOP('',(#1021,#1022,#1023,#1024));
#1898=EDGE_LOOP('',(#1025,#1026,#1027,#1028));
#1899=EDGE_LOOP('',(#1029,#1030,#1031,#1032));
#1900=EDGE_LOOP('',(#1033,#1034,#1035,#1036));
#1901=EDGE_LOOP('',(#1037,#1038,#1039,#1040));
#1902=EDGE_LOOP('',(#1041,#1042,#1043,#1044));
#1903=EDGE_LOOP('',(#1045,#1046,#1047,#1048));
#1904=EDGE_LOOP('',(#1049,#1050,#1051,#1052));
#1905=EDGE_LOOP('',(#1053));
#1906=EDGE_LOOP('',(#1054));
#1907=EDGE_LOOP('',(#1055));
#1908=EDGE_LOOP('',(#1056));
#1909=EDGE_LOOP('',(#1057,#1058,#1059));
#1910=EDGE_LOOP('',(#1060,#1061,#1062));
#1911=EDGE_LOOP('',(#1063));
#1912=EDGE_LOOP('',(#1064));
#1913=EDGE_LOOP('',(#1065,#1066,#1067,#1068,#1069,#1070,#1071,#1072,#1073,
#1074,#1075,#1076,#1077,#1078,#1079,#1080,#1081,#1082,#1083,#1084,#1085,
#1086,#1087,#1088,#1089,#1090,#1091,#1092,#1093,#1094,#1095,#1096));
#1914=EDGE_LOOP('',(#1097,#1098,#1099,#1100,#1101,#1102,#1103,#1104,#1105,
#1106,#1107,#1108,#1109,#1110,#1111,#1112,#1113,#1114,#1115,#1116,#1117,
#1118,#1119,#1120,#1121,#1122,#1123,#1124));
#1915=EDGE_LOOP('',(#1125));
#1916=EDGE_LOOP('',(#1126));
#1917=EDGE_LOOP('',(#1127,#1128,#1129,#1130));
#1918=EDGE_LOOP('',(#1131,#1132,#1133,#1134,#1135));
#1919=EDGE_LOOP('',(#1136,#1137,#1138,#1139));
#1920=EDGE_LOOP('',(#1140,#1141,#1142,#1143));
#1921=EDGE_LOOP('',(#1144,#1145,#1146,#1147));
#1922=EDGE_LOOP('',(#1148,#1149,#1150,#1151));
#1923=EDGE_LOOP('',(#1152,#1153,#1154,#1155));
#1924=EDGE_LOOP('',(#1156,#1157,#1158,#1159));
#1925=EDGE_LOOP('',(#1160,#1161,#1162,#1163));
#1926=EDGE_LOOP('',(#1164,#1165,#1166,#1167));
#1927=EDGE_LOOP('',(#1168,#1169,#1170,#1171));
#1928=EDGE_LOOP('',(#1172,#1173,#1174,#1175));
#1929=EDGE_LOOP('',(#1176,#1177,#1178,#1179));
#1930=EDGE_LOOP('',(#1180,#1181,#1182,#1183));
#1931=EDGE_LOOP('',(#1184,#1185,#1186,#1187));
#1932=EDGE_LOOP('',(#1188,#1189,#1190,#1191));
#1933=EDGE_LOOP('',(#1192,#1193,#1194,#1195));
#1934=EDGE_LOOP('',(#1196,#1197,#1198,#1199));
#1935=EDGE_LOOP('',(#1200,#1201,#1202,#1203));
#1936=EDGE_LOOP('',(#1204,#1205,#1206,#1207));
#1937=EDGE_LOOP('',(#1208,#1209,#1210,#1211));
#1938=EDGE_LOOP('',(#1212,#1213,#1214,#1215));
#1939=EDGE_LOOP('',(#1216,#1217,#1218,#1219));
#1940=EDGE_LOOP('',(#1220,#1221,#1222,#1223,#1224));
#1941=EDGE_LOOP('',(#1225,#1226,#1227,#1228));
#1942=EDGE_LOOP('',(#1229,#1230,#1231,#1232));
#1943=EDGE_LOOP('',(#1233,#1234,#1235,#1236,#1237,#1238,#1239,#1240));
#1944=EDGE_LOOP('',(#1241,#1242,#1243,#1244));
#1945=EDGE_LOOP('',(#1245,#1246,#1247,#1248,#1249,#1250,#1251,#1252));
#1946=EDGE_LOOP('',(#1253,#1254,#1255,#1256));
#1947=EDGE_LOOP('',(#1257,#1258,#1259,#1260));
#1948=EDGE_LOOP('',(#1261,#1262,#1263,#1264));
#1949=FACE_BOUND('',#1832,.T.);
#1950=FACE_BOUND('',#1833,.T.);
#1951=FACE_BOUND('',#1834,.T.);
#1952=FACE_BOUND('',#1835,.T.);
#1953=FACE_BOUND('',#1836,.T.);
#1954=FACE_BOUND('',#1837,.T.);
#1955=FACE_BOUND('',#1838,.T.);
#1956=FACE_BOUND('',#1839,.T.);
#1957=FACE_BOUND('',#1840,.T.);
#1958=FACE_BOUND('',#1841,.T.);
#1959=FACE_BOUND('',#1842,.T.);
#1960=FACE_BOUND('',#1843,.T.);
#1961=FACE_BOUND('',#1844,.T.);
#1962=FACE_BOUND('',#1845,.T.);
#1963=FACE_BOUND('',#1846,.T.);
#1964=FACE_BOUND('',#1847,.T.);
#1965=FACE_BOUND('',#1848,.T.);
#1966=FACE_BOUND('',#1849,.T.);
#1967=FACE_BOUND('',#1850,.T.);
#1968=FACE_BOUND('',#1851,.T.);
#1969=FACE_BOUND('',#1852,.T.);
#1970=FACE_BOUND('',#1853,.T.);
#1971=FACE_BOUND('',#1854,.T.);
#1972=FACE_BOUND('',#1855,.T.);
#1973=FACE_BOUND('',#1856,.T.);
#1974=FACE_BOUND('',#1857,.T.);
#1975=FACE_BOUND('',#1858,.T.);
#1976=FACE_BOUND('',#1859,.T.);
#1977=FACE_BOUND('',#1860,.T.);
#1978=FACE_BOUND('',#1861,.T.);
#1979=FACE_BOUND('',#1862,.T.);
#1980=FACE_BOUND('',#1863,.T.);
#1981=FACE_BOUND('',#1864,.T.);
#1982=FACE_BOUND('',#1865,.T.);
#1983=FACE_BOUND('',#1866,.T.);
#1984=FACE_BOUND('',#1867,.T.);
#1985=FACE_BOUND('',#1868,.T.);
#1986=FACE_BOUND('',#1869,.T.);
#1987=FACE_BOUND('',#1870,.T.);
#1988=FACE_BOUND('',#1871,.T.);
#1989=FACE_BOUND('',#1872,.T.);
#1990=FACE_BOUND('',#1873,.T.);
#1991=FACE_BOUND('',#1874,.T.);
#1992=FACE_BOUND('',#1875,.T.);
#1993=FACE_BOUND('',#1876,.T.);
#1994=FACE_BOUND('',#1877,.T.);
#1995=FACE_BOUND('',#1878,.T.);
#1996=FACE_BOUND('',#1879,.T.);
#1997=FACE_BOUND('',#1880,.T.);
#1998=FACE_BOUND('',#1881,.T.);
#1999=FACE_BOUND('',#1882,.T.);
#2000=FACE_BOUND('',#1883,.T.);
#2001=FACE_BOUND('',#1884,.T.);
#2002=FACE_BOUND('',#1885,.T.);
#2003=FACE_BOUND('',#1886,.T.);
#2004=FACE_BOUND('',#1887,.T.);
#2005=FACE_BOUND('',#1888,.T.);
#2006=FACE_BOUND('',#1889,.T.);
#2007=FACE_BOUND('',#1890,.T.);
#2008=FACE_BOUND('',#1891,.T.);
#2009=FACE_BOUND('',#1892,.T.);
#2010=FACE_BOUND('',#1893,.T.);
#2011=FACE_BOUND('',#1894,.T.);
#2012=FACE_BOUND('',#1895,.T.);
#2013=FACE_BOUND('',#1896,.T.);
#2014=FACE_BOUND('',#1897,.T.);
#2015=FACE_BOUND('',#1898,.T.);
#2016=FACE_BOUND('',#1899,.T.);
#2017=FACE_BOUND('',#1900,.T.);
#2018=FACE_BOUND('',#1901,.T.);
#2019=FACE_BOUND('',#1902,.T.);
#2020=FACE_BOUND('',#1903,.T.);
#2021=FACE_BOUND('',#1904,.T.);
#2022=FACE_BOUND('',#1905,.T.);
#2023=FACE_BOUND('',#1906,.T.);
#2024=FACE_BOUND('',#1907,.T.);
#2025=FACE_BOUND('',#1908,.T.);
#2026=FACE_BOUND('',#1909,.T.);
#2027=FACE_BOUND('',#1910,.T.);
#2028=FACE_BOUND('',#1911,.T.);
#2029=FACE_BOUND('',#1912,.T.);
#2030=FACE_BOUND('',#1913,.T.);
#2031=FACE_BOUND('',#1914,.T.);
#2032=FACE_BOUND('',#1915,.T.);
#2033=FACE_BOUND('',#1916,.T.);
#2034=FACE_BOUND('',#1917,.T.);
#2035=FACE_BOUND('',#1918,.T.);
#2036=FACE_BOUND('',#1919,.T.);
#2037=FACE_BOUND('',#1920,.T.);
#2038=FACE_BOUND('',#1921,.T.);
#2039=FACE_BOUND('',#1922,.T.);
#2040=FACE_BOUND('',#1923,.T.);
#2041=FACE_BOUND('',#1924,.T.);
#2042=FACE_BOUND('',#1925,.T.);
#2043=FACE_BOUND('',#1926,.T.);
#2044=FACE_BOUND('',#1927,.T.);
#2045=FACE_BOUND('',#1928,.T.);
#2046=FACE_BOUND('',#1929,.T.);
#2047=FACE_BOUND('',#1930,.T.);
#2048=FACE_BOUND('',#1931,.T.);
#2049=FACE_BOUND('',#1932,.T.);
#2050=FACE_BOUND('',#1933,.T.);
#2051=FACE_BOUND('',#1934,.T.);
#2052=FACE_BOUND('',#1935,.T.);
#2053=FACE_BOUND('',#1936,.T.);
#2054=FACE_BOUND('',#1937,.T.);
#2055=FACE_BOUND('',#1938,.T.);
#2056=FACE_BOUND('',#1939,.T.);
#2057=FACE_BOUND('',#1940,.T.);
#2058=FACE_BOUND('',#1941,.T.);
#2059=FACE_BOUND('',#1942,.T.);
#2060=FACE_BOUND('',#1943,.T.);
#2061=FACE_BOUND('',#1944,.T.);
#2062=FACE_BOUND('',#1945,.T.);
#2063=FACE_BOUND('',#1946,.T.);
#2064=FACE_BOUND('',#1947,.T.);
#2065=FACE_BOUND('',#1948,.T.);
#2066=CYLINDRICAL_SURFACE('',#2198,0.008);
#2067=CYLINDRICAL_SURFACE('',#2201,0.008);
#2068=CYLINDRICAL_SURFACE('',#2204,0.008);
#2069=CYLINDRICAL_SURFACE('',#2214,0.008);
#2070=CYLINDRICAL_SURFACE('',#2284,0.008);
#2071=CYLINDRICAL_SURFACE('',#2289,0.008);
#2072=CYLINDRICAL_SURFACE('',#2294,0.008);
#2073=CYLINDRICAL_SURFACE('',#2297,0.008);
#2074=CYLINDRICAL_SURFACE('',#2300,0.008);
#2075=CYLINDRICAL_SURFACE('',#2303,0.008);
#2076=CYLINDRICAL_SURFACE('',#2306,0.0025);
#2077=CYLINDRICAL_SURFACE('',#2311,0.0025);
#2078=CYLINDRICAL_SURFACE('',#2314,0.006);
#2079=CYLINDRICAL_SURFACE('',#2317,0.006);
#2080=ADVANCED_FACE('',(#1949),#2066,.T.);
#2081=ADVANCED_FACE('',(#1950),#2067,.T.);
#2082=ADVANCED_FACE('',(#1951),#2068,.T.);
#2083=ADVANCED_FACE('',(#1952),#2069,.T.);
#2084=ADVANCED_FACE('',(#1953),#14,.T.);
#2085=ADVANCED_FACE('',(#1954),#15,.F.);
#2086=ADVANCED_FACE('',(#1955),#16,.T.);
#2087=ADVANCED_FACE('',(#1956),#17,.F.);
#2088=ADVANCED_FACE('',(#1957),#18,.F.);
#2089=ADVANCED_FACE('',(#1958),#19,.T.);
#2090=ADVANCED_FACE('',(#1959),#20,.F.);
#2091=ADVANCED_FACE('',(#1960),#21,.T.);
#2092=ADVANCED_FACE('',(#1961),#22,.T.);
#2093=ADVANCED_FACE('',(#1962),#23,.T.);
#2094=ADVANCED_FACE('',(#1963),#24,.F.);
#2095=ADVANCED_FACE('',(#1964),#25,.T.);
#2096=ADVANCED_FACE('',(#1965),#26,.T.);
#2097=ADVANCED_FACE('',(#1966),#27,.F.);
#2098=ADVANCED_FACE('',(#1967),#28,.F.);
#2099=ADVANCED_FACE('',(#1968),#29,.F.);
#2100=ADVANCED_FACE('',(#1969),#30,.F.);
#2101=ADVANCED_FACE('',(#1970),#31,.F.);
#2102=ADVANCED_FACE('',(#1971),#32,.F.);
#2103=ADVANCED_FACE('',(#1972),#33,.F.);
#2104=ADVANCED_FACE('',(#1973),#34,.F.);
#2105=ADVANCED_FACE('',(#1974),#35,.F.);
#2106=ADVANCED_FACE('',(#1975),#36,.F.);
#2107=ADVANCED_FACE('',(#1976),#37,.F.);
#2108=ADVANCED_FACE('',(#1977),#38,.F.);
#2109=ADVANCED_FACE('',(#1978),#39,.F.);
#2110=ADVANCED_FACE('',(#1979),#40,.F.);
#2111=ADVANCED_FACE('',(#1980),#41,.F.);
#2112=ADVANCED_FACE('',(#1981),#42,.T.);
#2113=ADVANCED_FACE('',(#1982),#43,.T.);
#2114=ADVANCED_FACE('',(#1983),#44,.T.);
#2115=ADVANCED_FACE('',(#1984),#45,.F.);
#2116=ADVANCED_FACE('',(#1985),#46,.T.);
#2117=ADVANCED_FACE('',(#1986),#47,.T.);
#2118=ADVANCED_FACE('',(#1987),#48,.F.);
#2119=ADVANCED_FACE('',(#1988),#49,.T.);
#2120=ADVANCED_FACE('',(#1989),#50,.T.);
#2121=ADVANCED_FACE('',(#1990),#51,.T.);
#2122=ADVANCED_FACE('',(#1991),#52,.F.);
#2123=ADVANCED_FACE('',(#1992),#53,.T.);
#2124=ADVANCED_FACE('',(#1993),#54,.T.);
#2125=ADVANCED_FACE('',(#1994),#55,.F.);
#2126=ADVANCED_FACE('',(#1995),#56,.T.);
#2127=ADVANCED_FACE('',(#1996),#57,.F.);
#2128=ADVANCED_FACE('',(#1997),#58,.T.);
#2129=ADVANCED_FACE('',(#1998),#59,.F.);
#2130=ADVANCED_FACE('',(#1999),#60,.T.);
#2131=ADVANCED_FACE('',(#2000),#61,.T.);
#2132=ADVANCED_FACE('',(#2001),#62,.T.);
#2133=ADVANCED_FACE('',(#2002),#63,.T.);
#2134=ADVANCED_FACE('',(#2003),#64,.F.);
#2135=ADVANCED_FACE('',(#2004),#65,.T.);
#2136=ADVANCED_FACE('',(#2005),#66,.T.);
#2137=ADVANCED_FACE('',(#2006),#67,.T.);
#2138=ADVANCED_FACE('',(#2007),#68,.T.);
#2139=ADVANCED_FACE('',(#2008),#69,.T.);
#2140=ADVANCED_FACE('',(#2009),#70,.T.);
#2141=ADVANCED_FACE('',(#2010),#71,.T.);
#2142=ADVANCED_FACE('',(#2011),#72,.T.);
#2143=ADVANCED_FACE('',(#2012),#2070,.T.);
#2144=ADVANCED_FACE('',(#2013),#2071,.T.);
#2145=ADVANCED_FACE('',(#2014),#2072,.T.);
#2146=ADVANCED_FACE('',(#2015),#2073,.T.);
#2147=ADVANCED_FACE('',(#2016),#2074,.T.);
#2148=ADVANCED_FACE('',(#2017),#2075,.T.);
#2149=ADVANCED_FACE('',(#2018),#2076,.F.);
#2150=ADVANCED_FACE('',(#2019),#73,.F.);
#2151=ADVANCED_FACE('',(#2020),#74,.T.);
#2152=ADVANCED_FACE('',(#2021),#2077,.F.);
#2153=ADVANCED_FACE('',(#2022,#2023),#2078,.F.);
#2154=ADVANCED_FACE('',(#2024,#2025),#2079,.F.);
#2155=ADVANCED_FACE('',(#2026),#75,.F.);
#2156=ADVANCED_FACE('',(#2027),#76,.F.);
#2157=ADVANCED_FACE('',(#2028,#2029,#2030),#77,.F.);
#2158=ADVANCED_FACE('',(#2031,#2032,#2033),#78,.T.);
#2159=ADVANCED_FACE('',(#2034),#79,.F.);
#2160=ADVANCED_FACE('',(#2035),#80,.F.);
#2161=ADVANCED_FACE('',(#2036),#81,.F.);
#2162=ADVANCED_FACE('',(#2037),#82,.T.);
#2163=ADVANCED_FACE('',(#2038),#83,.F.);
#2164=ADVANCED_FACE('',(#2039),#84,.T.);
#2165=ADVANCED_FACE('',(#2040),#85,.F.);
#2166=ADVANCED_FACE('',(#2041),#86,.T.);
#2167=ADVANCED_FACE('',(#2042),#87,.F.);
#2168=ADVANCED_FACE('',(#2043),#88,.T.);
#2169=ADVANCED_FACE('',(#2044),#89,.F.);
#2170=ADVANCED_FACE('',(#2045),#90,.T.);
#2171=ADVANCED_FACE('',(#2046),#91,.T.);
#2172=ADVANCED_FACE('',(#2047),#92,.T.);
#2173=ADVANCED_FACE('',(#2048),#93,.T.);
#2174=ADVANCED_FACE('',(#2049),#94,.T.);
#2175=ADVANCED_FACE('',(#2050),#95,.T.);
#2176=ADVANCED_FACE('',(#2051),#96,.T.);
#2177=ADVANCED_FACE('',(#2052),#97,.T.);
#2178=ADVANCED_FACE('',(#2053),#98,.T.);
#2179=ADVANCED_FACE('',(#2054),#99,.T.);
#2180=ADVANCED_FACE('',(#2055),#100,.T.);
#2181=ADVANCED_FACE('',(#2056),#101,.T.);
#2182=ADVANCED_FACE('',(#2057),#102,.F.);
#2183=ADVANCED_FACE('',(#2058),#103,.T.);
#2184=ADVANCED_FACE('',(#2059),#104,.T.);
#2185=ADVANCED_FACE('',(#2060,#2061),#105,.F.);
#2186=ADVANCED_FACE('',(#2062,#2063),#106,.T.);
#2187=ADVANCED_FACE('',(#2064),#107,.F.);
#2188=ADVANCED_FACE('',(#2065),#108,.F.);
#2189=CLOSED_SHELL('',(#2080,#2081,#2082,#2083,#2084,#2085,#2086,#2087,
#2088,#2089,#2090,#2091,#2092,#2093,#2094,#2095,#2096,#2097,#2098,#2099,
#2100,#2101,#2102,#2103,#2104,#2105,#2106,#2107,#2108,#2109,#2110,#2111,
#2112,#2113,#2114,#2115,#2116,#2117,#2118,#2119,#2120,#2121,#2122,#2123,
#2124,#2125,#2126,#2127,#2128,#2129,#2130,#2131,#2132,#2133,#2134,#2135,
#2136,#2137,#2138,#2139,#2140,#2141,#2142));
#2190=CLOSED_SHELL('',(#2143,#2144,#2145,#2146,#2147,#2148,#2149,#2150,
#2151,#2152,#2153,#2154,#2155,#2156,#2157,#2158,#2159,#2160,#2161,#2162,
#2163,#2164,#2165,#2166,#2167,#2168,#2169,#2170,#2171,#2172,#2173,#2174,
#2175,#2176,#2177,#2178,#2179,#2180,#2181,#2182,#2183,#2184,#2185,#2186,
#2187,#2188));
#2191=MANIFOLD_SOLID_BREP('Part 65',#2189);
#2192=MANIFOLD_SOLID_BREP('Part 66',#2190);
#2193=SHAPE_DEFINITION_REPRESENTATION(#3577,#2195);
#2194=SHAPE_DEFINITION_REPRESENTATION(#3578,#2196);
#2195=SHAPE_REPRESENTATION('Part 65',(#2197),#3567);
#2196=SHAPE_REPRESENTATION('Part 66',(#2283),#3568);
#2197=AXIS2_PLACEMENT_3D('',#2934,#2354,#2355);
#2198=AXIS2_PLACEMENT_3D('',#2935,#2356,#2357);
#2199=AXIS2_PLACEMENT_3D('',#2936,#2358,#2359);
#2200=AXIS2_PLACEMENT_3D('',#2941,#2361,#2362);
#2201=AXIS2_PLACEMENT_3D('',#2944,#2364,#2365);
#2202=AXIS2_PLACEMENT_3D('',#2945,#2366,#2367);
#2203=AXIS2_PLACEMENT_3D('',#2950,#2369,#2370);
#2204=AXIS2_PLACEMENT_3D('',#2953,#2372,#2373);
#2205=AXIS2_PLACEMENT_3D('',#2954,#2374,#2375);
#2206=AXIS2_PLACEMENT_3D('',#2959,#2377,#2378);
#2207=AXIS2_PLACEMENT_3D('',#2963,#2380,#2381);
#2208=AXIS2_PLACEMENT_3D('',#2967,#2383,#2384);
#2209=AXIS2_PLACEMENT_3D('',#2971,#2386,#2387);
#2210=AXIS2_PLACEMENT_3D('',#2975,#2389,#2390);
#2211=AXIS2_PLACEMENT_3D('',#2979,#2392,#2393);
#2212=AXIS2_PLACEMENT_3D('',#2983,#2395,#2396);
#2213=AXIS2_PLACEMENT_3D('',#2987,#2398,#2399);
#2214=AXIS2_PLACEMENT_3D('',#2990,#2401,#2402);
#2215=AXIS2_PLACEMENT_3D('',#2991,#2403,#2404);
#2216=AXIS2_PLACEMENT_3D('',#2996,#2406,#2407);
#2217=AXIS2_PLACEMENT_3D('',#3000,#2409,#2410);
#2218=AXIS2_PLACEMENT_3D('',#3004,#2412,#2413);
#2219=AXIS2_PLACEMENT_3D('',#3008,#2415,#2416);
#2220=AXIS2_PLACEMENT_3D('',#3012,#2418,#2419);
#2221=AXIS2_PLACEMENT_3D('',#3016,#2421,#2422);
#2222=AXIS2_PLACEMENT_3D('',#3020,#2424,#2425);
#2223=AXIS2_PLACEMENT_3D('',#3024,#2427,#2428);
#2224=AXIS2_PLACEMENT_3D('',#3027,#2430,#2431);
#2225=AXIS2_PLACEMENT_3D('',#3033,#2435,#2436);
#2226=AXIS2_PLACEMENT_3D('',#3041,#2441,#2442);
#2227=AXIS2_PLACEMENT_3D('',#3045,#2445,#2446);
#2228=AXIS2_PLACEMENT_3D('',#3051,#2450,#2451);
#2229=AXIS2_PLACEMENT_3D('',#3059,#2456,#2457);
#2230=AXIS2_PLACEMENT_3D('',#3063,#2460,#2461);
#2231=AXIS2_PLACEMENT_3D('',#3067,#2464,#2465);
#2232=AXIS2_PLACEMENT_3D('',#3073,#2469,#2470);
#2233=AXIS2_PLACEMENT_3D('',#3077,#2473,#2474);
#2234=AXIS2_PLACEMENT_3D('',#3079,#2476,#2477);
#2235=AXIS2_PLACEMENT_3D('',#3085,#2481,#2482);
#2236=AXIS2_PLACEMENT_3D('',#3091,#2486,#2487);
#2237=AXIS2_PLACEMENT_3D('',#3099,#2492,#2493);
#2238=AXIS2_PLACEMENT_3D('',#3105,#2497,#2498);
#2239=AXIS2_PLACEMENT_3D('',#3110,#2502,#2503);
#2240=AXIS2_PLACEMENT_3D('',#3114,#2506,#2507);
#2241=AXIS2_PLACEMENT_3D('',#3120,#2511,#2512);
#2242=AXIS2_PLACEMENT_3D('',#3126,#2516,#2517);
#2243=AXIS2_PLACEMENT_3D('',#3131,#2521,#2522);
#2244=AXIS2_PLACEMENT_3D('',#3135,#2525,#2526);
#2245=AXIS2_PLACEMENT_3D('',#3139,#2529,#2530);
#2246=AXIS2_PLACEMENT_3D('',#3143,#2533,#2534);
#2247=AXIS2_PLACEMENT_3D('',#3145,#2536,#2537);
#2248=AXIS2_PLACEMENT_3D('',#3149,#2540,#2541);
#2249=AXIS2_PLACEMENT_3D('',#3182,#2558,#2559);
#2250=AXIS2_PLACEMENT_3D('',#3187,#2564,#2565);
#2251=AXIS2_PLACEMENT_3D('',#3193,#2569,#2570);
#2252=AXIS2_PLACEMENT_3D('',#3197,#2573,#2574);
#2253=AXIS2_PLACEMENT_3D('',#3203,#2578,#2579);
#2254=AXIS2_PLACEMENT_3D('',#3207,#2582,#2583);
#2255=AXIS2_PLACEMENT_3D('',#3209,#2585,#2586);
#2256=AXIS2_PLACEMENT_3D('',#3215,#2590,#2591);
#2257=AXIS2_PLACEMENT_3D('',#3221,#2595,#2596);
#2258=AXIS2_PLACEMENT_3D('',#3229,#2601,#2602);
#2259=AXIS2_PLACEMENT_3D('',#3233,#2605,#2606);
#2260=AXIS2_PLACEMENT_3D('',#3237,#2609,#2610);
#2261=AXIS2_PLACEMENT_3D('',#3246,#2618,#2619);
#2262=AXIS2_PLACEMENT_3D('',#3252,#2623,#2624);
#2263=AXIS2_PLACEMENT_3D('',#3256,#2627,#2628);
#2264=AXIS2_PLACEMENT_3D('',#3260,#2631,#2632);
#2265=AXIS2_PLACEMENT_3D('',#3262,#2634,#2635);
#2266=AXIS2_PLACEMENT_3D('',#3264,#2637,#2638);
#2267=AXIS2_PLACEMENT_3D('',#3270,#2642,#2643);
#2268=AXIS2_PLACEMENT_3D('',#3272,#2645,#2646);
#2269=AXIS2_PLACEMENT_3D('',#3278,#2650,#2651);
#2270=AXIS2_PLACEMENT_3D('',#3283,#2655,#2656);
#2271=AXIS2_PLACEMENT_3D('',#3286,#2659,#2660);
#2272=AXIS2_PLACEMENT_3D('',#3290,#2664,#2665);
#2273=AXIS2_PLACEMENT_3D('',#3291,#2666,#2667);
#2274=AXIS2_PLACEMENT_3D('',#3292,#2668,#2669);
#2275=AXIS2_PLACEMENT_3D('',#3293,#2670,#2671);
#2276=AXIS2_PLACEMENT_3D('',#3294,#2672,#2673);
#2277=AXIS2_PLACEMENT_3D('',#3295,#2674,#2675);
#2278=AXIS2_PLACEMENT_3D('',#3296,#2676,#2677);
#2279=AXIS2_PLACEMENT_3D('',#3297,#2678,#2679);
#2280=AXIS2_PLACEMENT_3D('',#3298,#2680,#2681);
#2281=AXIS2_PLACEMENT_3D('',#3299,#2682,#2683);
#2282=AXIS2_PLACEMENT_3D('',#3300,#2684,#2685);
#2283=AXIS2_PLACEMENT_3D('',#3301,#2686,#2687);
#2284=AXIS2_PLACEMENT_3D('',#3302,#2688,#2689);
#2285=AXIS2_PLACEMENT_3D('',#3303,#2690,#2691);
#2286=AXIS2_PLACEMENT_3D('',#3308,#2693,#2694);
#2287=AXIS2_PLACEMENT_3D('',#3312,#2696,#2697);
#2288=AXIS2_PLACEMENT_3D('',#3316,#2699,#2700);
#2289=AXIS2_PLACEMENT_3D('',#3319,#2702,#2703);
#2290=AXIS2_PLACEMENT_3D('',#3320,#2704,#2705);
#2291=AXIS2_PLACEMENT_3D('',#3325,#2707,#2708);
#2292=AXIS2_PLACEMENT_3D('',#3329,#2710,#2711);
#2293=AXIS2_PLACEMENT_3D('',#3333,#2713,#2714);
#2294=AXIS2_PLACEMENT_3D('',#3336,#2716,#2717);
#2295=AXIS2_PLACEMENT_3D('',#3337,#2718,#2719);
#2296=AXIS2_PLACEMENT_3D('',#3342,#2721,#2722);
#2297=AXIS2_PLACEMENT_3D('',#3345,#2724,#2725);
#2298=AXIS2_PLACEMENT_3D('',#3346,#2726,#2727);
#2299=AXIS2_PLACEMENT_3D('',#3351,#2729,#2730);
#2300=AXIS2_PLACEMENT_3D('',#3354,#2732,#2733);
#2301=AXIS2_PLACEMENT_3D('',#3355,#2734,#2735);
#2302=AXIS2_PLACEMENT_3D('',#3360,#2737,#2738);
#2303=AXIS2_PLACEMENT_3D('',#3363,#2740,#2741);
#2304=AXIS2_PLACEMENT_3D('',#3364,#2742,#2743);
#2305=AXIS2_PLACEMENT_3D('',#3369,#2745,#2746);
#2306=AXIS2_PLACEMENT_3D('',#3372,#2748,#2749);
#2307=AXIS2_PLACEMENT_3D('',#3376,#2751,#2752);
#2308=AXIS2_PLACEMENT_3D('',#3380,#2754,#2755);
#2309=AXIS2_PLACEMENT_3D('',#3381,#2756,#2757);
#2310=AXIS2_PLACEMENT_3D('',#3387,#2761,#2762);
#2311=AXIS2_PLACEMENT_3D('',#3393,#2766,#2767);
#2312=AXIS2_PLACEMENT_3D('',#3394,#2768,#2769);
#2313=AXIS2_PLACEMENT_3D('',#3395,#2770,#2771);
#2314=AXIS2_PLACEMENT_3D('',#3396,#2772,#2773);
#2315=AXIS2_PLACEMENT_3D('',#3397,#2774,#2775);
#2316=AXIS2_PLACEMENT_3D('',#3399,#2776,#2777);
#2317=AXIS2_PLACEMENT_3D('',#3401,#2778,#2779);
#2318=AXIS2_PLACEMENT_3D('',#3402,#2780,#2781);
#2319=AXIS2_PLACEMENT_3D('',#3404,#2782,#2783);
#2320=AXIS2_PLACEMENT_3D('',#3406,#2784,#2785);
#2321=AXIS2_PLACEMENT_3D('',#3410,#2788,#2789);
#2322=AXIS2_PLACEMENT_3D('',#3414,#2792,#2793);
#2323=AXIS2_PLACEMENT_3D('',#3463,#2820,#2821);
#2324=AXIS2_PLACEMENT_3D('',#3508,#2846,#2847);
#2325=AXIS2_PLACEMENT_3D('',#3510,#2849,#2850);
#2326=AXIS2_PLACEMENT_3D('',#3512,#2852,#2853);
#2327=AXIS2_PLACEMENT_3D('',#3514,#2855,#2856);
#2328=AXIS2_PLACEMENT_3D('',#3516,#2858,#2859);
#2329=AXIS2_PLACEMENT_3D('',#3518,#2861,#2862);
#2330=AXIS2_PLACEMENT_3D('',#3520,#2864,#2865);
#2331=AXIS2_PLACEMENT_3D('',#3522,#2867,#2868);
#2332=AXIS2_PLACEMENT_3D('',#3524,#2870,#2871);
#2333=AXIS2_PLACEMENT_3D('',#3526,#2873,#2874);
#2334=AXIS2_PLACEMENT_3D('',#3528,#2876,#2877);
#2335=AXIS2_PLACEMENT_3D('',#3530,#2879,#2880);
#2336=AXIS2_PLACEMENT_3D('',#3531,#2881,#2882);
#2337=AXIS2_PLACEMENT_3D('',#3532,#2883,#2884);
#2338=AXIS2_PLACEMENT_3D('',#3534,#2886,#2887);
#2339=AXIS2_PLACEMENT_3D('',#3536,#2889,#2890);
#2340=AXIS2_PLACEMENT_3D('',#3538,#2892,#2893);
#2341=AXIS2_PLACEMENT_3D('',#3540,#2895,#2896);
#2342=AXIS2_PLACEMENT_3D('',#3542,#2898,#2899);
#2343=AXIS2_PLACEMENT_3D('',#3544,#2901,#2902);
#2344=AXIS2_PLACEMENT_3D('',#3546,#2904,#2905);
#2345=AXIS2_PLACEMENT_3D('',#3548,#2907,#2908);
#2346=AXIS2_PLACEMENT_3D('',#3550,#2910,#2911);
#2347=AXIS2_PLACEMENT_3D('',#3552,#2913,#2914);
#2348=AXIS2_PLACEMENT_3D('',#3554,#2916,#2917);
#2349=AXIS2_PLACEMENT_3D('',#3555,#2918,#2919);
#2350=AXIS2_PLACEMENT_3D('',#3558,#2922,#2923);
#2351=AXIS2_PLACEMENT_3D('',#3561,#2926,#2927);
#2352=AXIS2_PLACEMENT_3D('',#3564,#2930,#2931);
#2353=AXIS2_PLACEMENT_3D('',#3565,#2932,#2933);
#2354=DIRECTION('',(0.,0.,1.));
#2355=DIRECTION('',(1.,0.,0.));
#2356=DIRECTION('',(0.,0.,-1.));
#2357=DIRECTION('',(0.,1.,0.));
#2358=DIRECTION('',(0.,0.,-1.));
#2359=DIRECTION('',(0.,1.,0.));
#2360=DIRECTION('',(0.,0.,1.));
#2361=DIRECTION('',(0.,0.,-1.));
#2362=DIRECTION('',(0.,1.,0.));
#2363=DIRECTION('',(0.,0.,1.));
#2364=DIRECTION('',(0.,0.,1.));
#2365=DIRECTION('',(0.,-1.,0.));
#2366=DIRECTION('',(0.,0.,-1.));
#2367=DIRECTION('',(0.,1.,0.));
#2368=DIRECTION('',(0.,0.,1.));
#2369=DIRECTION('',(0.,0.,-1.));
#2370=DIRECTION('',(0.,1.,0.));
#2371=DIRECTION('',(0.,0.,1.));
#2372=DIRECTION('',(0.,0.,-1.));
#2373=DIRECTION('',(0.,1.,0.));
#2374=DIRECTION('',(0.,0.,-1.));
#2375=DIRECTION('',(0.,1.,0.));
#2376=DIRECTION('',(0.,0.,1.));
#2377=DIRECTION('',(0.,0.,-1.));
#2378=DIRECTION('',(0.,1.,0.));
#2379=DIRECTION('',(0.,0.,-1.));
#2380=DIRECTION('',(0.,0.,1.));
#2381=DIRECTION('',(0.,-1.,0.));
#2382=DIRECTION('',(0.,0.,1.));
#2383=DIRECTION('',(0.,0.,-1.));
#2384=DIRECTION('',(0.,1.,0.));
#2385=DIRECTION('',(0.,0.,-1.));
#2386=DIRECTION('',(0.,0.,1.));
#2387=DIRECTION('',(0.,-1.,0.));
#2388=DIRECTION('',(0.,0.,1.));
#2389=DIRECTION('',(0.,0.,-1.));
#2390=DIRECTION('',(0.,1.,0.));
#2391=DIRECTION('',(0.,0.,-1.));
#2392=DIRECTION('',(0.,0.,1.));
#2393=DIRECTION('',(0.,-1.,0.));
#2394=DIRECTION('',(0.,0.,1.));
#2395=DIRECTION('',(0.,0.,1.));
#2396=DIRECTION('',(0.,-1.,0.));
#2397=DIRECTION('',(0.,0.,-1.));
#2398=DIRECTION('',(0.,0.,-1.));
#2399=DIRECTION('',(0.,1.,0.));
#2400=DIRECTION('',(0.,0.,-1.));
#2401=DIRECTION('',(0.,0.,-1.));
#2402=DIRECTION('',(0.,1.,0.));
#2403=DIRECTION('',(0.,0.,-1.));
#2404=DIRECTION('',(0.,1.,0.));
#2405=DIRECTION('',(0.,0.,-1.));
#2406=DIRECTION('',(0.,0.,-1.));
#2407=DIRECTION('',(0.,1.,0.));
#2408=DIRECTION('',(0.,0.,-1.));
#2409=DIRECTION('',(0.,0.,1.));
#2410=DIRECTION('',(0.,-1.,0.));
#2411=DIRECTION('',(0.,0.,-1.));
#2412=DIRECTION('',(0.,0.,-1.));
#2413=DIRECTION('',(0.,1.,0.));
#2414=DIRECTION('',(0.,0.,-1.));
#2415=DIRECTION('',(0.,0.,-1.));
#2416=DIRECTION('',(0.,1.,0.));
#2417=DIRECTION('',(0.,0.,-1.));
#2418=DIRECTION('',(0.,0.,1.));
#2419=DIRECTION('',(0.,-1.,0.));
#2420=DIRECTION('',(0.,0.,-1.));
#2421=DIRECTION('',(0.,0.,-1.));
#2422=DIRECTION('',(0.,1.,0.));
#2423=DIRECTION('',(0.,0.,-1.));
#2424=DIRECTION('',(0.,0.,1.));
#2425=DIRECTION('',(0.,-1.,0.));
#2426=DIRECTION('',(0.,0.,-1.));
#2427=DIRECTION('',(0.,0.,-1.));
#2428=DIRECTION('',(0.,1.,0.));
#2429=DIRECTION('',(0.,0.,-1.));
#2430=DIRECTION('',(0.,-1.,0.));
#2431=DIRECTION('',(1.,0.,0.));
#2432=DIRECTION('',(-1.,0.,0.));
#2433=DIRECTION('',(-1.,0.,0.));
#2434=DIRECTION('',(0.,0.,-1.));
#2435=DIRECTION('',(0.,0.,1.));
#2436=DIRECTION('',(0.,-1.,0.));
#2437=DIRECTION('',(1.,0.,0.));
#2438=DIRECTION('',(0.,1.,0.));
#2439=DIRECTION('',(1.,0.,0.));
#2440=DIRECTION('',(0.,1.,0.));
#2441=DIRECTION('',(1.,0.,0.));
#2442=DIRECTION('',(0.,1.,0.));
#2443=DIRECTION('',(0.,1.,0.));
#2444=DIRECTION('',(0.,0.,-1.));
#2445=DIRECTION('',(0.,0.,-1.));
#2446=DIRECTION('',(0.,1.,0.));
#2447=DIRECTION('',(-1.,0.,0.));
#2448=DIRECTION('',(0.,1.,0.));
#2449=DIRECTION('',(-1.,0.,0.));
#2450=DIRECTION('',(0.,0.,1.));
#2451=DIRECTION('',(0.,-1.,0.));
#2452=DIRECTION('',(1.,0.,0.));
#2453=DIRECTION('',(0.,1.,0.));
#2454=DIRECTION('',(1.,0.,0.));
#2455=DIRECTION('',(0.,1.,0.));
#2456=DIRECTION('',(1.,0.,0.));
#2457=DIRECTION('',(0.,1.,0.));
#2458=DIRECTION('',(0.,1.,0.));
#2459=DIRECTION('',(0.,0.,-1.));
#2460=DIRECTION('',(0.,0.,-1.));
#2461=DIRECTION('',(0.,1.,0.));
#2462=DIRECTION('',(0.,1.,0.));
#2463=DIRECTION('',(-1.,0.,0.));
#2464=DIRECTION('',(0.,0.,-1.));
#2465=DIRECTION('',(0.,1.,0.));
#2466=DIRECTION('',(0.,1.,0.));
#2467=DIRECTION('',(-1.,0.,0.));
#2468=DIRECTION('',(0.,1.,0.));
#2469=DIRECTION('',(1.,0.,0.));
#2470=DIRECTION('',(0.,1.,0.));
#2471=DIRECTION('',(0.,1.,0.));
#2472=DIRECTION('',(1.28349482615625E-15,0.,-1.));
#2473=DIRECTION('',(0.,0.,-1.));
#2474=DIRECTION('',(0.,1.,0.));
#2475=DIRECTION('',(1.,0.,0.));
#2476=DIRECTION('',(0.,0.,-1.));
#2477=DIRECTION('',(0.,1.,0.));
#2478=DIRECTION('',(-1.,0.,0.));
#2479=DIRECTION('',(-1.,0.,0.));
#2480=DIRECTION('',(0.,1.,0.));
#2481=DIRECTION('',(0.,-1.,0.));
#2482=DIRECTION('',(1.,0.,0.));
#2483=DIRECTION('',(-1.,0.,0.));
#2484=DIRECTION('',(1.,0.,0.));
#2485=DIRECTION('',(0.,0.,1.));
#2486=DIRECTION('',(0.,0.,-1.));
#2487=DIRECTION('',(0.,1.,0.));
#2488=DIRECTION('',(0.,1.,0.));
#2489=DIRECTION('',(1.,0.,0.));
#2490=DIRECTION('',(0.,1.,0.));
#2491=DIRECTION('',(1.,0.,0.));
#2492=DIRECTION('',(1.,0.,0.));
#2493=DIRECTION('',(0.,1.,0.));
#2494=DIRECTION('',(0.,0.,-1.));
#2495=DIRECTION('',(0.,1.,0.));
#2496=DIRECTION('',(0.,0.,-1.));
#2497=DIRECTION('',(0.,0.,-1.));
#2498=DIRECTION('',(0.,1.,0.));
#2499=DIRECTION('',(1.,0.,0.));
#2500=DIRECTION('',(0.,1.,0.));
#2501=DIRECTION('',(1.,0.,0.));
#2502=DIRECTION('',(1.,0.,0.));
#2503=DIRECTION('',(0.,1.,0.));
#2504=DIRECTION('',(0.,1.,0.));
#2505=DIRECTION('',(0.,0.,-1.));
#2506=DIRECTION('',(0.,0.,1.));
#2507=DIRECTION('',(0.,-1.,0.));
#2508=DIRECTION('',(-1.,0.,0.));
#2509=DIRECTION('',(0.,1.,0.));
#2510=DIRECTION('',(-1.,0.,0.));
#2511=DIRECTION('',(1.,0.,0.));
#2512=DIRECTION('',(0.,1.,0.));
#2513=DIRECTION('',(0.,0.,1.));
#2514=DIRECTION('',(0.,1.,0.));
#2515=DIRECTION('',(0.,0.,1.));
#2516=DIRECTION('',(0.,0.,-1.));
#2517=DIRECTION('',(0.,1.,0.));
#2518=DIRECTION('',(1.,0.,0.));
#2519=DIRECTION('',(0.,1.,0.));
#2520=DIRECTION('',(1.,0.,0.));
#2521=DIRECTION('',(1.,0.,0.));
#2522=DIRECTION('',(0.,1.,0.));
#2523=DIRECTION('',(0.,1.,0.));
#2524=DIRECTION('',(0.,0.,-1.));
#2525=DIRECTION('',(0.,0.,1.));
#2526=DIRECTION('',(0.,-1.,0.));
#2527=DIRECTION('',(0.,1.,0.));
#2528=DIRECTION('',(-1.,0.,0.));
#2529=DIRECTION('',(1.,0.,0.));
#2530=DIRECTION('',(0.,1.,0.));
#2531=DIRECTION('',(0.,1.,0.));
#2532=DIRECTION('',(0.,0.,1.));
#2533=DIRECTION('',(0.,0.,-1.));
#2534=DIRECTION('',(0.,1.,0.));
#2535=DIRECTION('',(1.,0.,0.));
#2536=DIRECTION('',(1.,0.,0.));
#2537=DIRECTION('',(0.,1.,0.));
#2538=DIRECTION('',(0.,1.,0.));
#2539=DIRECTION('',(-1.66638645753284E-15,0.,-1.));
#2540=DIRECTION('',(0.,0.,1.));
#2541=DIRECTION('',(0.,-1.,0.));
#2542=DIRECTION('',(0.,1.,0.));
#2543=DIRECTION('',(-1.,0.,0.));
#2544=DIRECTION('',(0.,1.,0.));
#2545=DIRECTION('',(1.,-2.16840434497101E-16,0.));
#2546=DIRECTION('',(0.,-1.,0.));
#2547=DIRECTION('',(1.,0.,0.));
#2548=DIRECTION('',(0.,-1.,0.));
#2549=DIRECTION('',(1.,0.,0.));
#2550=DIRECTION('',(0.,1.,0.));
#2551=DIRECTION('',(1.,0.,0.));
#2552=DIRECTION('',(0.,1.,0.));
#2553=DIRECTION('',(-1.,-1.97127667724637E-16,0.));
#2554=DIRECTION('',(0.,-1.,0.));
#2555=DIRECTION('',(-1.,0.,0.));
#2556=DIRECTION('',(0.,-1.,0.));
#2557=DIRECTION('',(-1.,0.,0.));
#2558=DIRECTION('',(0.,0.,-1.));
#2559=DIRECTION('',(0.,1.,0.));
#2560=DIRECTION('',(0.,-1.,0.));
#2561=DIRECTION('',(1.,0.,0.));
#2562=DIRECTION('',(0.,-1.,0.));
#2563=DIRECTION('',(-1.,0.,0.));
#2564=DIRECTION('',(0.,-1.,0.));
#2565=DIRECTION('',(1.,0.,0.));
#2566=DIRECTION('',(0.,0.,-1.));
#2567=DIRECTION('',(-1.,2.16840434497101E-16,0.));
#2568=DIRECTION('',(0.,0.,-1.));
#2569=DIRECTION('',(-1.,0.,0.));
#2570=DIRECTION('',(0.,-1.,0.));
#2571=DIRECTION('',(0.,1.,0.));
#2572=DIRECTION('',(0.,0.,-1.));
#2573=DIRECTION('',(0.,-1.,0.));
#2574=DIRECTION('',(1.,0.,0.));
#2575=DIRECTION('',(0.,0.,-1.));
#2576=DIRECTION('',(-1.,0.,0.));
#2577=DIRECTION('',(0.,0.,-1.));
#2578=DIRECTION('',(0.,-1.,0.));
#2579=DIRECTION('',(1.,0.,0.));
#2580=DIRECTION('',(-1.,0.,0.));
#2581=DIRECTION('',(0.,0.,-1.));
#2582=DIRECTION('',(-1.,0.,0.));
#2583=DIRECTION('',(0.,-1.,0.));
#2584=DIRECTION('',(0.,1.,0.));
#2585=DIRECTION('',(-1.,0.,0.));
#2586=DIRECTION('',(0.,-1.,0.));
#2587=DIRECTION('',(0.,-1.,0.));
#2588=DIRECTION('',(0.,0.,-1.));
#2589=DIRECTION('',(0.,0.,-1.));
#2590=DIRECTION('',(0.,-1.,0.));
#2591=DIRECTION('',(1.,0.,0.));
#2592=DIRECTION('',(0.,0.,-1.));
#2593=DIRECTION('',(1.,0.,0.));
#2594=DIRECTION('',(0.,0.,-1.));
#2595=DIRECTION('',(-1.,0.,0.));
#2596=DIRECTION('',(0.,-1.,0.));
#2597=DIRECTION('',(0.,1.,0.));
#2598=DIRECTION('',(0.,0.,-1.));
#2599=DIRECTION('',(0.,1.,0.));
#2600=DIRECTION('',(0.,0.,-1.));
#2601=DIRECTION('',(0.,-1.,0.));
#2602=DIRECTION('',(1.,0.,0.));
#2603=DIRECTION('',(0.,0.,-1.));
#2604=DIRECTION('',(1.,0.,0.));
#2605=DIRECTION('',(0.,-1.,0.));
#2606=DIRECTION('',(1.,0.,0.));
#2607=DIRECTION('',(1.,1.97127667724638E-16,0.));
#2608=DIRECTION('',(0.,0.,-1.));
#2609=DIRECTION('',(1.,0.,0.));
#2610=DIRECTION('',(0.,1.,0.));
#2611=DIRECTION('',(0.,0.,-1.));
#2612=DIRECTION('',(0.,0.,1.));
#2613=DIRECTION('',(0.,0.,-1.));
#2614=DIRECTION('',(0.,0.,1.));
#2615=DIRECTION('',(0.,0.,-1.));
#2616=DIRECTION('',(0.,0.,-1.));
#2617=DIRECTION('',(0.,1.,0.));
#2618=DIRECTION('',(0.,0.,-1.));
#2619=DIRECTION('',(0.,1.,0.));
#2620=DIRECTION('',(0.,1.,0.));
#2621=DIRECTION('',(-1.,0.,0.));
#2622=DIRECTION('',(0.,-1.,0.));
#2623=DIRECTION('',(1.,0.,0.));
#2624=DIRECTION('',(0.,1.,0.));
#2625=DIRECTION('',(0.,1.,0.));
#2626=DIRECTION('',(0.,0.,-1.));
#2627=DIRECTION('',(-1.,0.,0.));
#2628=DIRECTION('',(0.,-1.,0.));
#2629=DIRECTION('',(0.,0.,-1.));
#2630=DIRECTION('',(0.,-1.,0.));
#2631=DIRECTION('',(-1.,0.,0.));
#2632=DIRECTION('',(0.,-1.,0.));
#2633=DIRECTION('',(0.,1.,0.));
#2634=DIRECTION('',(0.,-1.,0.));
#2635=DIRECTION('',(1.,0.,0.));
#2636=DIRECTION('',(-1.,0.,0.));
#2637=DIRECTION('',(0.,-1.,0.));
#2638=DIRECTION('',(1.,0.,0.));
#2639=DIRECTION('',(-1.,0.,0.));
#2640=DIRECTION('',(1.,0.,0.));
#2641=DIRECTION('',(0.,0.,1.));
#2642=DIRECTION('',(-1.,0.,0.));
#2643=DIRECTION('',(0.,-1.,0.));
#2644=DIRECTION('',(0.,1.,0.));
#2645=DIRECTION('',(-1.,0.,0.));
#2646=DIRECTION('',(0.,-1.,0.));
#2647=DIRECTION('',(0.,1.,0.));
#2648=DIRECTION('',(0.,0.,1.));
#2649=DIRECTION('',(0.,1.,0.));
#2650=DIRECTION('',(0.,1.,0.));
#2651=DIRECTION('',(1.,0.,0.));
#2652=DIRECTION('',(0.,0.,-1.));
#2653=DIRECTION('',(0.,0.,1.));
#2654=DIRECTION('',(1.,0.,0.));
#2655=DIRECTION('',(0.,0.,-1.));
#2656=DIRECTION('',(0.,1.,0.));
#2657=DIRECTION('',(-1.,0.,0.));
#2658=DIRECTION('',(-1.,0.,0.));
#2659=DIRECTION('',(0.,0.,-1.));
#2660=DIRECTION('',(0.,1.,0.));
#2661=DIRECTION('',(-1.,0.,0.));
#2662=DIRECTION('',(1.,0.,0.));
#2663=DIRECTION('',(0.,1.,0.));
#2664=DIRECTION('',(0.,-1.,0.));
#2665=DIRECTION('',(1.,0.,0.));
#2666=DIRECTION('',(1.,0.,0.));
#2667=DIRECTION('',(0.,1.,0.));
#2668=DIRECTION('',(1.,0.,0.));
#2669=DIRECTION('',(0.,1.,0.));
#2670=DIRECTION('',(0.,-1.,0.));
#2671=DIRECTION('',(1.,0.,0.));
#2672=DIRECTION('',(0.,-1.,0.));
#2673=DIRECTION('',(1.,0.,0.));
#2674=DIRECTION('',(0.,-1.,0.));
#2675=DIRECTION('',(1.,0.,0.));
#2676=DIRECTION('',(0.,-1.,0.));
#2677=DIRECTION('',(1.,0.,0.));
#2678=DIRECTION('',(0.,-1.,0.));
#2679=DIRECTION('',(1.,0.,0.));
#2680=DIRECTION('',(0.,-1.,0.));
#2681=DIRECTION('',(1.,0.,0.));
#2682=DIRECTION('',(0.,-1.,0.));
#2683=DIRECTION('',(1.,0.,0.));
#2684=DIRECTION('',(0.,-1.,0.));
#2685=DIRECTION('',(1.,0.,0.));
#2686=DIRECTION('',(0.,0.,1.));
#2687=DIRECTION('',(1.,0.,0.));
#2688=DIRECTION('',(0.,0.,1.));
#2689=DIRECTION('',(0.,-1.,0.));
#2690=DIRECTION('',(0.,0.,-1.));
#2691=DIRECTION('',(0.,1.,0.));
#2692=DIRECTION('',(0.,0.,1.));
#2693=DIRECTION('',(0.,0.,-1.));
#2694=DIRECTION('',(0.,1.,0.));
#2695=DIRECTION('',(0.,0.,1.));
#2696=DIRECTION('',(0.,0.,-1.));
#2697=DIRECTION('',(0.,1.,0.));
#2698=DIRECTION('',(0.,0.,1.));
#2699=DIRECTION('',(0.,0.,-1.));
#2700=DIRECTION('',(0.,1.,0.));
#2701=DIRECTION('',(0.,0.,1.));
#2702=DIRECTION('',(0.,0.,-1.));
#2703=DIRECTION('',(0.,1.,0.));
#2704=DIRECTION('',(0.,0.,-1.));
#2705=DIRECTION('',(0.,1.,0.));
#2706=DIRECTION('',(0.,0.,1.));
#2707=DIRECTION('',(0.,0.,-1.));
#2708=DIRECTION('',(0.,1.,0.));
#2709=DIRECTION('',(0.,0.,-1.));
#2710=DIRECTION('',(0.,0.,-1.));
#2711=DIRECTION('',(0.,1.,0.));
#2712=DIRECTION('',(0.,0.,-1.));
#2713=DIRECTION('',(0.,0.,1.));
#2714=DIRECTION('',(0.,-1.,0.));
#2715=DIRECTION('',(0.,0.,1.));
#2716=DIRECTION('',(0.,0.,-1.));
#2717=DIRECTION('',(0.,1.,0.));
#2718=DIRECTION('',(0.,0.,1.));
#2719=DIRECTION('',(0.,-1.,0.));
#2720=DIRECTION('',(0.,0.,-1.));
#2721=DIRECTION('',(0.,0.,1.));
#2722=DIRECTION('',(0.,-1.,0.));
#2723=DIRECTION('',(0.,0.,-1.));
#2724=DIRECTION('',(0.,0.,1.));
#2725=DIRECTION('',(0.,-1.,0.));
#2726=DIRECTION('',(0.,0.,-1.));
#2727=DIRECTION('',(0.,1.,0.));
#2728=DIRECTION('',(0.,0.,1.));
#2729=DIRECTION('',(0.,0.,-1.));
#2730=DIRECTION('',(0.,1.,0.));
#2731=DIRECTION('',(0.,0.,1.));
#2732=DIRECTION('',(0.,0.,-1.));
#2733=DIRECTION('',(0.,1.,0.));
#2734=DIRECTION('',(0.,0.,-1.));
#2735=DIRECTION('',(0.,1.,0.));
#2736=DIRECTION('',(0.,0.,1.));
#2737=DIRECTION('',(0.,0.,-1.));
#2738=DIRECTION('',(0.,1.,0.));
#2739=DIRECTION('',(0.,0.,1.));
#2740=DIRECTION('',(0.,0.,1.));
#2741=DIRECTION('',(0.,-1.,0.));
#2742=DIRECTION('',(0.,0.,-1.));
#2743=DIRECTION('',(0.,1.,0.));
#2744=DIRECTION('',(0.,0.,1.));
#2745=DIRECTION('',(0.,0.,1.));
#2746=DIRECTION('',(0.,-1.,0.));
#2747=DIRECTION('',(0.,0.,1.));
#2748=DIRECTION('',(0.,0.,1.));
#2749=DIRECTION('',(0.,-1.,0.));
#2750=DIRECTION('',(0.,0.,1.));
#2751=DIRECTION('',(0.,0.,1.));
#2752=DIRECTION('',(0.,1.,0.));
#2753=DIRECTION('',(0.,0.,1.));
#2754=DIRECTION('',(0.,0.,-1.));
#2755=DIRECTION('',(0.,1.,0.));
#2756=DIRECTION('',(0.,1.,0.));
#2757=DIRECTION('',(-1.,0.,0.));
#2758=DIRECTION('',(0.,0.,1.));
#2759=DIRECTION('',(-1.,0.,0.));
#2760=DIRECTION('',(-1.,0.,0.));
#2761=DIRECTION('',(0.,1.,0.));
#2762=DIRECTION('',(-1.,0.,0.));
#2763=DIRECTION('',(-1.,0.,0.));
#2764=DIRECTION('',(-1.,0.,0.));
#2765=DIRECTION('',(0.,0.,1.));
#2766=DIRECTION('',(0.,0.,1.));
#2767=DIRECTION('',(0.,-1.,0.));
#2768=DIRECTION('',(0.,0.,1.));
#2769=DIRECTION('',(0.,1.,0.));
#2770=DIRECTION('',(0.,0.,-1.));
#2771=DIRECTION('',(0.,1.,0.));
#2772=DIRECTION('',(0.,1.,0.));
#2773=DIRECTION('',(-1.,0.,0.));
#2774=DIRECTION('',(0.,-1.,0.));
#2775=DIRECTION('',(1.,0.,0.));
#2776=DIRECTION('',(0.,-1.,0.));
#2777=DIRECTION('',(1.,0.,0.));
#2778=DIRECTION('',(0.,1.,0.));
#2779=DIRECTION('',(-1.,0.,0.));
#2780=DIRECTION('',(0.,-1.,0.));
#2781=DIRECTION('',(1.,0.,0.));
#2782=DIRECTION('',(0.,-1.,0.));
#2783=DIRECTION('',(1.,0.,0.));
#2784=DIRECTION('',(0.,0.,-1.));
#2785=DIRECTION('',(0.,1.,0.));
#2786=DIRECTION('',(0.,-1.,0.));
#2787=DIRECTION('',(-1.,0.,0.));
#2788=DIRECTION('',(0.,0.,-1.));
#2789=DIRECTION('',(0.,1.,0.));
#2790=DIRECTION('',(-1.,0.,0.));
#2791=DIRECTION('',(0.,-1.,0.));
#2792=DIRECTION('',(0.,-1.,0.));
#2793=DIRECTION('',(1.,0.,0.));
#2794=DIRECTION('',(-1.,0.,0.));
#2795=DIRECTION('',(1.,0.,0.));
#2796=DIRECTION('',(1.,0.,0.));
#2797=DIRECTION('',(0.,0.,1.));
#2798=DIRECTION('',(-1.,0.,0.));
#2799=DIRECTION('',(0.,0.,-1.));
#2800=DIRECTION('',(1.,0.,0.));
#2801=DIRECTION('',(0.,0.,1.));
#2802=DIRECTION('',(-1.,0.,0.));
#2803=DIRECTION('',(0.,0.,-1.));
#2804=DIRECTION('',(1.,0.,0.));
#2805=DIRECTION('',(0.,0.,-1.));
#2806=DIRECTION('',(1.,0.,0.));
#2807=DIRECTION('',(-1.28349482615625E-15,0.,-1.));
#2808=DIRECTION('',(1.,0.,0.));
#2809=DIRECTION('',(1.28349482615625E-15,0.,-1.));
#2810=DIRECTION('',(-1.,0.,0.));
#2811=DIRECTION('',(0.,0.,-1.));
#2812=DIRECTION('',(-1.,0.,0.));
#2813=DIRECTION('',(0.,0.,-1.));
#2814=DIRECTION('',(1.,0.,0.));
#2815=DIRECTION('',(0.,0.,1.));
#2816=DIRECTION('',(-1.,0.,0.));
#2817=DIRECTION('',(0.,0.,-1.));
#2818=DIRECTION('',(1.,0.,0.));
#2819=DIRECTION('',(0.,0.,1.));
#2820=DIRECTION('',(0.,-1.,0.));
#2821=DIRECTION('',(1.,0.,0.));
#2822=DIRECTION('',(1.,0.,0.));
#2823=DIRECTION('',(-1.,0.,0.));
#2824=DIRECTION('',(0.,0.,1.));
#2825=DIRECTION('',(1.,0.,0.));
#2826=DIRECTION('',(0.,0.,-1.));
#2827=DIRECTION('',(-1.,0.,0.));
#2828=DIRECTION('',(0.,0.,1.));
#2829=DIRECTION('',(1.,0.,0.));
#2830=DIRECTION('',(0.,0.,-1.));
#2831=DIRECTION('',(-1.,0.,0.));
#2832=DIRECTION('',(0.,0.,-1.));
#2833=DIRECTION('',(-1.,0.,0.));
#2834=DIRECTION('',(-1.,0.,0.));
#2835=DIRECTION('',(1.,0.,0.));
#2836=DIRECTION('',(0.,0.,-1.));
#2837=DIRECTION('',(1.,0.,0.));
#2838=DIRECTION('',(0.,0.,-1.));
#2839=DIRECTION('',(-1.,0.,0.));
#2840=DIRECTION('',(0.,0.,1.));
#2841=DIRECTION('',(1.,0.,0.));
#2842=DIRECTION('',(0.,0.,-1.));
#2843=DIRECTION('',(-1.,0.,0.));
#2844=DIRECTION('',(0.,0.,1.));
#2845=DIRECTION('',(1.,0.,0.));
#2846=DIRECTION('',(1.,0.,0.));
#2847=DIRECTION('',(0.,1.,0.));
#2848=DIRECTION('',(0.,1.,0.));
#2849=DIRECTION('',(0.,0.,-1.));
#2850=DIRECTION('',(0.,1.,0.));
#2851=DIRECTION('',(0.,1.,0.));
#2852=DIRECTION('',(1.,0.,0.));
#2853=DIRECTION('',(0.,1.,0.));
#2854=DIRECTION('',(0.,1.,0.));
#2855=DIRECTION('',(0.,0.,-1.));
#2856=DIRECTION('',(0.,1.,0.));
#2857=DIRECTION('',(0.,1.,0.));
#2858=DIRECTION('',(1.,0.,0.));
#2859=DIRECTION('',(0.,1.,0.));
#2860=DIRECTION('',(0.,1.,0.));
#2861=DIRECTION('',(0.,0.,1.));
#2862=DIRECTION('',(0.,-1.,0.));
#2863=DIRECTION('',(0.,1.,0.));
#2864=DIRECTION('',(1.,0.,0.));
#2865=DIRECTION('',(0.,1.,0.));
#2866=DIRECTION('',(0.,1.,0.));
#2867=DIRECTION('',(0.,0.,-1.));
#2868=DIRECTION('',(0.,1.,0.));
#2869=DIRECTION('',(0.,1.,0.));
#2870=DIRECTION('',(1.,0.,0.));
#2871=DIRECTION('',(0.,1.,0.));
#2872=DIRECTION('',(0.,1.,0.));
#2873=DIRECTION('',(0.,0.,1.));
#2874=DIRECTION('',(0.,-1.,0.));
#2875=DIRECTION('',(0.,1.,0.));
#2876=DIRECTION('',(1.,0.,0.));
#2877=DIRECTION('',(0.,1.,0.));
#2878=DIRECTION('',(0.,1.,0.));
#2879=DIRECTION('',(0.,0.,-1.));
#2880=DIRECTION('',(0.,1.,0.));
#2881=DIRECTION('',(0.,0.,1.));
#2882=DIRECTION('',(0.,-1.,0.));
#2883=DIRECTION('',(0.,0.,-1.));
#2884=DIRECTION('',(0.,1.,0.));
#2885=DIRECTION('',(0.,1.,0.));
#2886=DIRECTION('',(1.,0.,0.));
#2887=DIRECTION('',(0.,1.,0.));
#2888=DIRECTION('',(0.,1.,0.));
#2889=DIRECTION('',(0.,0.,1.));
#2890=DIRECTION('',(0.,-1.,0.));
#2891=DIRECTION('',(0.,1.,0.));
#2892=DIRECTION('',(1.,0.,0.));
#2893=DIRECTION('',(0.,1.,0.));
#2894=DIRECTION('',(0.,1.,0.));
#2895=DIRECTION('',(0.,0.,-1.));
#2896=DIRECTION('',(0.,1.,0.));
#2897=DIRECTION('',(0.,1.,0.));
#2898=DIRECTION('',(1.,0.,0.));
#2899=DIRECTION('',(0.,1.,0.));
#2900=DIRECTION('',(0.,1.,0.));
#2901=DIRECTION('',(0.,0.,1.));
#2902=DIRECTION('',(0.,-1.,0.));
#2903=DIRECTION('',(0.,1.,0.));
#2904=DIRECTION('',(1.,0.,0.));
#2905=DIRECTION('',(0.,1.,0.));
#2906=DIRECTION('',(0.,1.,0.));
#2907=DIRECTION('',(0.,0.,-1.));
#2908=DIRECTION('',(0.,1.,0.));
#2909=DIRECTION('',(0.,1.,0.));
#2910=DIRECTION('',(1.,0.,0.));
#2911=DIRECTION('',(0.,1.,0.));
#2912=DIRECTION('',(0.,1.,0.));
#2913=DIRECTION('',(0.,0.,-1.));
#2914=DIRECTION('',(0.,1.,0.));
#2915=DIRECTION('',(0.,1.,0.));
#2916=DIRECTION('',(1.,0.,0.));
#2917=DIRECTION('',(0.,1.,0.));
#2918=DIRECTION('',(-1.,0.,0.));
#2919=DIRECTION('',(0.,-1.,0.));
#2920=DIRECTION('',(0.,-1.,0.));
#2921=DIRECTION('',(0.,-1.,0.));
#2922=DIRECTION('',(0.,0.,-1.));
#2923=DIRECTION('',(0.,1.,0.));
#2924=DIRECTION('',(-1.,0.,0.));
#2925=DIRECTION('',(0.,-1.,0.));
#2926=DIRECTION('',(0.,0.,-1.));
#2927=DIRECTION('',(0.,1.,0.));
#2928=DIRECTION('',(-1.,0.,0.));
#2929=DIRECTION('',(0.,-1.,0.));
#2930=DIRECTION('',(-1.,0.,0.));
#2931=DIRECTION('',(0.,-1.,0.));
#2932=DIRECTION('',(0.,-1.,0.));
#2933=DIRECTION('',(1.,0.,0.));
#2934=CARTESIAN_POINT('',(0.,0.,0.));
#2935=CARTESIAN_POINT('',(0.1725,0.00149,-0.1315));
#2936=CARTESIAN_POINT('',(0.1725,0.00149,-0.214));
#2937=CARTESIAN_POINT('',(0.1645,0.00149,-0.214));
#2938=CARTESIAN_POINT('',(0.1725,0.00949,-0.214));
#2939=CARTESIAN_POINT('',(0.1645,0.00149,-0.214));
#2940=CARTESIAN_POINT('',(0.1645,0.00149,-0.047));
#2941=CARTESIAN_POINT('',(0.1725,0.00149,-0.047));
#2942=CARTESIAN_POINT('',(0.1725,0.00949,-0.047));
#2943=CARTESIAN_POINT('',(0.1725,0.00949,-0.047));
#2944=CARTESIAN_POINT('',(0.2195,0.00149,-0.1315));
#2945=CARTESIAN_POINT('',(0.2195,0.00149,-0.214));
#2946=CARTESIAN_POINT('',(0.2195,0.00949,-0.214));
#2947=CARTESIAN_POINT('',(0.2275,0.00149,-0.214));
#2948=CARTESIAN_POINT('',(0.2195,0.00949,-0.1315));
#2949=CARTESIAN_POINT('',(0.2195,0.00949,-0.047));
#2950=CARTESIAN_POINT('',(0.2195,0.00149,-0.047));
#2951=CARTESIAN_POINT('',(0.2275,0.00149,-0.047));
#2952=CARTESIAN_POINT('',(0.2275,0.00149,-0.1315));
#2953=CARTESIAN_POINT('',(0.2195,-0.00851,-0.1325));
#2954=CARTESIAN_POINT('',(0.2195,-0.00851,-0.214));
#2955=CARTESIAN_POINT('',(0.2275,-0.00851,-0.214));
#2956=CARTESIAN_POINT('',(0.226428203230275,-0.01251,-0.214));
#2957=CARTESIAN_POINT('',(0.2275,-0.00851,-0.191406145691872));
#2958=CARTESIAN_POINT('',(0.2275,-0.00851,-0.047));
#2959=CARTESIAN_POINT('',(0.2195,-0.00851,-0.047));
#2960=CARTESIAN_POINT('',(0.226428203230275,-0.01251,-0.047));
#2961=CARTESIAN_POINT('',(0.226428203230275,-0.01251,-0.0666255));
#2962=CARTESIAN_POINT('',(0.226428203230275,-0.01251,-0.0666255));
#2963=CARTESIAN_POINT('',(0.2195,-0.00851,-0.0666255));
#2964=CARTESIAN_POINT('',(0.2195,-0.01651,-0.0666255));
#2965=CARTESIAN_POINT('',(0.2195,-0.01651,-0.0666255));
#2966=CARTESIAN_POINT('',(0.2195,-0.01651,-0.0882505));
#2967=CARTESIAN_POINT('',(0.2195,-0.00851,-0.0882505));
#2968=CARTESIAN_POINT('',(0.2215,-0.0162559666924148,-0.0882505));
#2969=CARTESIAN_POINT('',(0.2215,-0.0162559666924148,-0.1098755));
#2970=CARTESIAN_POINT('',(0.2215,-0.0162559666924148,-0.1098755));
#2971=CARTESIAN_POINT('',(0.2195,-0.00851,-0.1098755));
#2972=CARTESIAN_POINT('',(0.2195,-0.01651,-0.1098755));
#2973=CARTESIAN_POINT('',(0.2195,-0.01651,-0.0666255));
#2974=CARTESIAN_POINT('',(0.2195,-0.01651,-0.1315));
#2975=CARTESIAN_POINT('',(0.2195,-0.00851,-0.1315));
#2976=CARTESIAN_POINT('',(0.2215,-0.0162559666924148,-0.1315));
#2977=CARTESIAN_POINT('',(0.2215,-0.0162559666924148,-0.153125));
#2978=CARTESIAN_POINT('',(0.2215,-0.0162559666924148,-0.153125));
#2979=CARTESIAN_POINT('',(0.2195,-0.00851,-0.153125));
#2980=CARTESIAN_POINT('',(0.2195,-0.01651,-0.153125));
#2981=CARTESIAN_POINT('',(0.2195,-0.01651,-0.0666255));
#2982=CARTESIAN_POINT('',(0.2195,-0.01651,-0.17475));
#2983=CARTESIAN_POINT('',(0.2195,-0.00851,-0.17475));
#2984=CARTESIAN_POINT('',(0.2215,-0.0162559666924148,-0.17475));
#2985=CARTESIAN_POINT('',(0.2215,-0.0162559666924148,-0.191406145691872));
#2986=CARTESIAN_POINT('',(0.2215,-0.0162559666924148,-0.191406145691872));
#2987=CARTESIAN_POINT('',(0.2195,-0.00851,-0.191406145691872));
#2988=CARTESIAN_POINT('',(0.226428203230275,-0.01251,-0.191406145691872));
#2989=CARTESIAN_POINT('',(0.226428203230275,-0.01251,-0.214));
#2990=CARTESIAN_POINT('',(0.1725,-0.00851,-0.1325));
#2991=CARTESIAN_POINT('',(0.1725,-0.00851,-0.047));
#2992=CARTESIAN_POINT('',(0.165571796769725,-0.01251,-0.047));
#2993=CARTESIAN_POINT('',(0.1645,-0.00851,-0.047));
#2994=CARTESIAN_POINT('',(0.1645,-0.00851,-0.1315));
#2995=CARTESIAN_POINT('',(0.1645,-0.00851,-0.214));
#2996=CARTESIAN_POINT('',(0.1725,-0.00851,-0.214));
#2997=CARTESIAN_POINT('',(0.165571796769725,-0.01251,-0.214));
#2998=CARTESIAN_POINT('',(0.165571796769725,-0.01251,-0.191406145691872));
#2999=CARTESIAN_POINT('',(0.165571796769724,-0.01251,-0.191406145691872));
#3000=CARTESIAN_POINT('',(0.1725,-0.00851,-0.191406145691872));
#3001=CARTESIAN_POINT('',(0.1705,-0.0162559666924148,-0.191406145691872));
#3002=CARTESIAN_POINT('',(0.1705,-0.0162559666924148,-0.17475));
#3003=CARTESIAN_POINT('',(0.1705,-0.0162559666924148,-0.17475));
#3004=CARTESIAN_POINT('',(0.1725,-0.00851,-0.17475));
#3005=CARTESIAN_POINT('',(0.1725,-0.01651,-0.17475));
#3006=CARTESIAN_POINT('',(0.1725,-0.01651,-0.1325));
#3007=CARTESIAN_POINT('',(0.1725,-0.01651,-0.153125));
#3008=CARTESIAN_POINT('',(0.1725,-0.00851,-0.153125));
#3009=CARTESIAN_POINT('',(0.1705,-0.0162559666924148,-0.153125));
#3010=CARTESIAN_POINT('',(0.1705,-0.0162559666924148,-0.1315));
#3011=CARTESIAN_POINT('',(0.1705,-0.0162559666924148,-0.1315));
#3012=CARTESIAN_POINT('',(0.1725,-0.00851,-0.1315));
#3013=CARTESIAN_POINT('',(0.1725,-0.01651,-0.1315));
#3014=CARTESIAN_POINT('',(0.1725,-0.01651,-0.1325));
#3015=CARTESIAN_POINT('',(0.1725,-0.01651,-0.1098755));
#3016=CARTESIAN_POINT('',(0.1725,-0.00851,-0.1098755));
#3017=CARTESIAN_POINT('',(0.1705,-0.0162559666924148,-0.1098755));
#3018=CARTESIAN_POINT('',(0.1705,-0.0162559666924148,-0.0882505));
#3019=CARTESIAN_POINT('',(0.1705,-0.0162559666924148,-0.0882505));
#3020=CARTESIAN_POINT('',(0.1725,-0.00851,-0.0882505));
#3021=CARTESIAN_POINT('',(0.1725,-0.01651,-0.0882505));
#3022=CARTESIAN_POINT('',(0.1725,-0.01651,-0.1325));
#3023=CARTESIAN_POINT('',(0.1725,-0.01651,-0.0666255));
#3024=CARTESIAN_POINT('',(0.1725,-0.00851,-0.0666255));
#3025=CARTESIAN_POINT('',(0.165571796769725,-0.01251,-0.0666255));
#3026=CARTESIAN_POINT('',(0.165571796769725,-0.01251,-0.047));
#3027=CARTESIAN_POINT('',(0.196,-0.01651,-0.1325));
#3028=CARTESIAN_POINT('',(0.1725,-0.01651,-0.153125));
#3029=CARTESIAN_POINT('',(0.1745,-0.01651,-0.153125));
#3030=CARTESIAN_POINT('',(0.1725,-0.01651,-0.17475));
#3031=CARTESIAN_POINT('',(0.1745,-0.01651,-0.17475));
#3032=CARTESIAN_POINT('',(0.1745,-0.01651,-0.1639375));
#3033=CARTESIAN_POINT('',(0.1725,-0.016512,-0.0882505));
#3034=CARTESIAN_POINT('',(0.1725,-0.01651,-0.0882505));
#3035=CARTESIAN_POINT('',(0.1745,-0.01651,-0.0882505));
#3036=CARTESIAN_POINT('',(0.1705,-0.016512,-0.0882505));
#3037=CARTESIAN_POINT('',(0.1705,-0.01251,-0.0882505));
#3038=CARTESIAN_POINT('',(0.1725,-0.01251,-0.0882505));
#3039=CARTESIAN_POINT('',(0.1745,-0.01251,-0.0882505));
#3040=CARTESIAN_POINT('',(0.1745,-0.016512,-0.0882505));
#3041=CARTESIAN_POINT('',(0.1705,-0.016512,-0.1423125));
#3042=CARTESIAN_POINT('',(0.1705,-0.016512,-0.1098755));
#3043=CARTESIAN_POINT('',(0.1705,-0.01251,-0.1098755));
#3044=CARTESIAN_POINT('',(0.1705,-0.01251,-0.099063));
#3045=CARTESIAN_POINT('',(0.1725,-0.016512,-0.1098755));
#3046=CARTESIAN_POINT('',(0.1725,-0.01651,-0.1098755));
#3047=CARTESIAN_POINT('',(0.1745,-0.01651,-0.1098755));
#3048=CARTESIAN_POINT('',(0.1745,-0.016512,-0.1098755));
#3049=CARTESIAN_POINT('',(0.1745,-0.01251,-0.1098755));
#3050=CARTESIAN_POINT('',(0.1725,-0.01251,-0.1098755));
#3051=CARTESIAN_POINT('',(0.1725,-0.016512,-0.1315));
#3052=CARTESIAN_POINT('',(0.1725,-0.01651,-0.1315));
#3053=CARTESIAN_POINT('',(0.1745,-0.01651,-0.1315));
#3054=CARTESIAN_POINT('',(0.1705,-0.016512,-0.1315));
#3055=CARTESIAN_POINT('',(0.1705,-0.01251,-0.1315));
#3056=CARTESIAN_POINT('',(0.1725,-0.01251,-0.1315));
#3057=CARTESIAN_POINT('',(0.1745,-0.01251,-0.1315));
#3058=CARTESIAN_POINT('',(0.1745,-0.016512,-0.1315));
#3059=CARTESIAN_POINT('',(0.1705,-0.016512,-0.1423125));
#3060=CARTESIAN_POINT('',(0.1705,-0.016512,-0.153125));
#3061=CARTESIAN_POINT('',(0.1705,-0.01251,-0.153125));
#3062=CARTESIAN_POINT('',(0.1705,-0.01251,-0.1423125));
#3063=CARTESIAN_POINT('',(0.1725,-0.016512,-0.153125));
#3064=CARTESIAN_POINT('',(0.1745,-0.016512,-0.153125));
#3065=CARTESIAN_POINT('',(0.1745,-0.01251,-0.153125));
#3066=CARTESIAN_POINT('',(0.1725,-0.01251,-0.153125));
#3067=CARTESIAN_POINT('',(0.1725,-0.016512,-0.17475));
#3068=CARTESIAN_POINT('',(0.1705,-0.016512,-0.17475));
#3069=CARTESIAN_POINT('',(0.1705,-0.01251,-0.17475));
#3070=CARTESIAN_POINT('',(0.1725,-0.01251,-0.17475));
#3071=CARTESIAN_POINT('',(0.1745,-0.01251,-0.17475));
#3072=CARTESIAN_POINT('',(0.1745,-0.016512,-0.17475));
#3073=CARTESIAN_POINT('',(0.1705,-0.016512,-0.1423125));
#3074=CARTESIAN_POINT('',(0.1705,-0.016512,-0.191406145691872));
#3075=CARTESIAN_POINT('',(0.1705,-0.01251,-0.191406145691872));
#3076=CARTESIAN_POINT('',(0.1705,-0.01251,-0.1855625));
#3077=CARTESIAN_POINT('',(0.2193,-0.012512,-0.191406145691872));
#3078=CARTESIAN_POINT('',(0.1675,-0.01251,-0.191406145691872));
#3079=CARTESIAN_POINT('',(0.1725,-0.016512,-0.0666255));
#3080=CARTESIAN_POINT('',(0.1725,-0.01251,-0.0666255));
#3081=CARTESIAN_POINT('',(0.1745,-0.01251,-0.0666255));
#3082=CARTESIAN_POINT('',(0.1725,-0.01651,-0.0666255));
#3083=CARTESIAN_POINT('',(0.1745,-0.01651,-0.0666255));
#3084=CARTESIAN_POINT('',(0.1745,-0.016512,-0.0666255));
#3085=CARTESIAN_POINT('',(0.196,-0.01651,-0.1325));
#3086=CARTESIAN_POINT('',(0.2195,-0.01651,-0.0882505));
#3087=CARTESIAN_POINT('',(0.2175,-0.01651,-0.0882505));
#3088=CARTESIAN_POINT('',(0.2225,-0.01651,-0.0666255));
#3089=CARTESIAN_POINT('',(0.2175,-0.01651,-0.0666255));
#3090=CARTESIAN_POINT('',(0.2175,-0.01651,-0.077438));
#3091=CARTESIAN_POINT('',(0.1725,-0.016512,-0.17475));
#3092=CARTESIAN_POINT('',(0.2215,-0.016512,-0.17475));
#3093=CARTESIAN_POINT('',(0.2215,-0.01251,-0.17475));
#3094=CARTESIAN_POINT('',(0.2195,-0.01651,-0.17475));
#3095=CARTESIAN_POINT('',(0.2175,-0.01651,-0.17475));
#3096=CARTESIAN_POINT('',(0.2175,-0.016512,-0.17475));
#3097=CARTESIAN_POINT('',(0.2175,-0.01251,-0.17475));
#3098=CARTESIAN_POINT('',(0.2195,-0.01251,-0.17475));
#3099=CARTESIAN_POINT('',(0.2175,-0.016512,-0.1639375));
#3100=CARTESIAN_POINT('',(0.2175,-0.01651,-0.1639375));
#3101=CARTESIAN_POINT('',(0.2175,-0.01651,-0.153125));
#3102=CARTESIAN_POINT('',(0.2175,-0.016512,-0.153125));
#3103=CARTESIAN_POINT('',(0.2175,-0.01251,-0.153125));
#3104=CARTESIAN_POINT('',(0.2175,-0.01251,-0.1639375));
#3105=CARTESIAN_POINT('',(0.1725,-0.016512,-0.153125));
#3106=CARTESIAN_POINT('',(0.2195,-0.01651,-0.153125));
#3107=CARTESIAN_POINT('',(0.2215,-0.016512,-0.153125));
#3108=CARTESIAN_POINT('',(0.2215,-0.01251,-0.153125));
#3109=CARTESIAN_POINT('',(0.2195,-0.01251,-0.153125));
#3110=CARTESIAN_POINT('',(0.2215,-0.016512,-0.1423125));
#3111=CARTESIAN_POINT('',(0.2215,-0.016512,-0.1315));
#3112=CARTESIAN_POINT('',(0.2215,-0.01251,-0.1315));
#3113=CARTESIAN_POINT('',(0.2215,-0.01251,-0.1423125));
#3114=CARTESIAN_POINT('',(0.1725,-0.016512,-0.1315));
#3115=CARTESIAN_POINT('',(0.2195,-0.01651,-0.1315));
#3116=CARTESIAN_POINT('',(0.2175,-0.01651,-0.1315));
#3117=CARTESIAN_POINT('',(0.2175,-0.016512,-0.1315));
#3118=CARTESIAN_POINT('',(0.2175,-0.01251,-0.1315));
#3119=CARTESIAN_POINT('',(0.2195,-0.01251,-0.1315));
#3120=CARTESIAN_POINT('',(0.2175,-0.016512,-0.1639375));
#3121=CARTESIAN_POINT('',(0.2175,-0.01651,-0.12068775));
#3122=CARTESIAN_POINT('',(0.2175,-0.01651,-0.1098755));
#3123=CARTESIAN_POINT('',(0.2175,-0.016512,-0.1098755));
#3124=CARTESIAN_POINT('',(0.2175,-0.01251,-0.1098755));
#3125=CARTESIAN_POINT('',(0.2175,-0.01251,-0.12068775));
#3126=CARTESIAN_POINT('',(0.1725,-0.016512,-0.1098755));
#3127=CARTESIAN_POINT('',(0.2195,-0.01651,-0.1098755));
#3128=CARTESIAN_POINT('',(0.2215,-0.016512,-0.1098755));
#3129=CARTESIAN_POINT('',(0.2215,-0.01251,-0.1098755));
#3130=CARTESIAN_POINT('',(0.2195,-0.01251,-0.1098755));
#3131=CARTESIAN_POINT('',(0.2215,-0.016512,-0.1423125));
#3132=CARTESIAN_POINT('',(0.2215,-0.016512,-0.0882505));
#3133=CARTESIAN_POINT('',(0.2215,-0.01251,-0.0882505));
#3134=CARTESIAN_POINT('',(0.2215,-0.01251,-0.099063));
#3135=CARTESIAN_POINT('',(0.1725,-0.016512,-0.0882505));
#3136=CARTESIAN_POINT('',(0.2175,-0.016512,-0.0882505));
#3137=CARTESIAN_POINT('',(0.2175,-0.01251,-0.0882505));
#3138=CARTESIAN_POINT('',(0.2195,-0.01251,-0.0882505));
#3139=CARTESIAN_POINT('',(0.2175,-0.016512,-0.1639375));
#3140=CARTESIAN_POINT('',(0.2175,-0.016512,-0.0666255));
#3141=CARTESIAN_POINT('',(0.2175,-0.01251,-0.0666255));
#3142=CARTESIAN_POINT('',(0.2175,-0.01251,-0.077438));
#3143=CARTESIAN_POINT('',(0.1725,-0.016512,-0.0666255));
#3144=CARTESIAN_POINT('',(0.2225,-0.01251,-0.0666255));
#3145=CARTESIAN_POINT('',(0.2215,-0.016512,-0.1423125));
#3146=CARTESIAN_POINT('',(0.2215,-0.016512,-0.191406145691872));
#3147=CARTESIAN_POINT('',(0.2215,-0.01251,-0.191406145691872));
#3148=CARTESIAN_POINT('',(0.2215,-0.01251,-0.183078072845936));
#3149=CARTESIAN_POINT('',(0.1675,0.009492,-0.049));
#3150=CARTESIAN_POINT('',(0.2151,-0.012512,-0.049));
#3151=CARTESIAN_POINT('',(0.2151,-0.01251,-0.049));
#3152=CARTESIAN_POINT('',(0.2151,-0.00191,-0.049));
#3153=CARTESIAN_POINT('',(0.1675,-0.01251,-0.049));
#3154=CARTESIAN_POINT('',(0.1745,-0.01251,-0.049));
#3155=CARTESIAN_POINT('',(0.1745,-0.012512,-0.049));
#3156=CARTESIAN_POINT('',(0.1745,-0.00191,-0.049));
#3157=CARTESIAN_POINT('',(0.1735,-0.00191,-0.049));
#3158=CARTESIAN_POINT('',(0.1721,-0.00191,-0.049));
#3159=CARTESIAN_POINT('',(0.1721,-0.000955,-0.049));
#3160=CARTESIAN_POINT('',(0.1721,0.,-0.049));
#3161=CARTESIAN_POINT('',(0.1723,0.,-0.049));
#3162=CARTESIAN_POINT('',(0.1725,0.,-0.049));
#3163=CARTESIAN_POINT('',(0.1725,-0.000755,-0.049));
#3164=CARTESIAN_POINT('',(0.1725,-0.00151,-0.049));
#3165=CARTESIAN_POINT('',(0.1735,-0.00151,-0.049));
#3166=CARTESIAN_POINT('',(0.1745,-0.00151,-0.049));
#3167=CARTESIAN_POINT('',(0.1745,-0.012512,-0.049));
#3168=CARTESIAN_POINT('',(0.1745,0.00349,-0.049));
#3169=CARTESIAN_POINT('',(0.196,0.00349,-0.049));
#3170=CARTESIAN_POINT('',(0.2151,0.00349,-0.049));
#3171=CARTESIAN_POINT('',(0.2151,-0.012512,-0.049));
#3172=CARTESIAN_POINT('',(0.2151,-0.00151,-0.049));
#3173=CARTESIAN_POINT('',(0.2173,-0.00151,-0.049));
#3174=CARTESIAN_POINT('',(0.2195,-0.00151,-0.049));
#3175=CARTESIAN_POINT('',(0.2195,-0.00151,-0.049));
#3176=CARTESIAN_POINT('',(0.2195,2.52980506913284E-19,-0.049));
#3177=CARTESIAN_POINT('',(0.2197,0.,-0.049));
#3178=CARTESIAN_POINT('',(0.2199,0.,-0.049));
#3179=CARTESIAN_POINT('',(0.2199,-0.000955,-0.049));
#3180=CARTESIAN_POINT('',(0.2199,-0.00191,-0.049));
#3181=CARTESIAN_POINT('',(0.2197,-0.00191,-0.049));
#3182=CARTESIAN_POINT('',(0.196,0.009492,-0.047));
#3183=CARTESIAN_POINT('',(0.1645,0.009492,-0.047));
#3184=CARTESIAN_POINT('',(0.196,-0.01251,-0.047));
#3185=CARTESIAN_POINT('',(0.2275,0.009492,-0.047));
#3186=CARTESIAN_POINT('',(0.196,0.00949,-0.047));
#3187=CARTESIAN_POINT('',(0.1735,-0.00191,-0.048998));
#3188=CARTESIAN_POINT('',(0.1745,-0.00191,-0.048998));
#3189=CARTESIAN_POINT('',(0.1745,-0.00191,-0.214));
#3190=CARTESIAN_POINT('',(0.1735,-0.00191,-0.214));
#3191=CARTESIAN_POINT('',(0.1721,-0.00191,-0.214));
#3192=CARTESIAN_POINT('',(0.1721,-0.00191,-0.048998));
#3193=CARTESIAN_POINT('',(0.1721,-0.000955,-0.048998));
#3194=CARTESIAN_POINT('',(0.1721,-0.000955,-0.214));
#3195=CARTESIAN_POINT('',(0.1721,0.,-0.214));
#3196=CARTESIAN_POINT('',(0.1721,0.,-0.048998));
#3197=CARTESIAN_POINT('',(0.1735,-0.00151,-0.048998));
#3198=CARTESIAN_POINT('',(0.1725,-0.00151,-0.048998));
#3199=CARTESIAN_POINT('',(0.1725,-0.00151,-0.214));
#3200=CARTESIAN_POINT('',(0.1735,-0.00151,-0.214));
#3201=CARTESIAN_POINT('',(0.1745,-0.00151,-0.214));
#3202=CARTESIAN_POINT('',(0.1745,-0.00151,-0.048998));
#3203=CARTESIAN_POINT('',(0.1723,0.,-0.048998));
#3204=CARTESIAN_POINT('',(0.1723,0.,-0.214));
#3205=CARTESIAN_POINT('',(0.1725,0.,-0.214));
#3206=CARTESIAN_POINT('',(0.1725,0.,-0.048998));
#3207=CARTESIAN_POINT('',(0.1725,-0.000755,-0.048998));
#3208=CARTESIAN_POINT('',(0.1725,-0.000755,-0.214));
#3209=CARTESIAN_POINT('',(0.2195,-0.00151,-0.048998));
#3210=CARTESIAN_POINT('',(0.2195,0.003492,-0.191406145691872));
#3211=CARTESIAN_POINT('',(0.2195,1.62630325872826E-19,-0.191406144129372));
#3212=CARTESIAN_POINT('',(0.2195,-0.00151,-0.191406145228909));
#3213=CARTESIAN_POINT('',(0.2195,3.25260651745652E-19,-0.048998));
#3214=CARTESIAN_POINT('',(0.2195,-0.00151,-0.048998));
#3215=CARTESIAN_POINT('',(0.1723,0.,-0.048998));
#3216=CARTESIAN_POINT('',(0.2195,3.25260651745652E-19,-0.048998));
#3217=CARTESIAN_POINT('',(0.2195,2.52980506913284E-19,-0.214));
#3218=CARTESIAN_POINT('',(0.2197,0.,-0.214));
#3219=CARTESIAN_POINT('',(0.2199,0.,-0.214));
#3220=CARTESIAN_POINT('',(0.2199,0.,-0.048998));
#3221=CARTESIAN_POINT('',(0.2199,-0.000955,-0.048998));
#3222=CARTESIAN_POINT('',(0.2199,-0.012512,-0.191406145691872));
#3223=CARTESIAN_POINT('',(0.2199,-0.00191,-0.191406145691872));
#3224=CARTESIAN_POINT('',(0.2199,-0.00151,-0.191406145691872));
#3225=CARTESIAN_POINT('',(0.2199,-0.00191,-0.048998));
#3226=CARTESIAN_POINT('',(0.2199,-0.000955,-0.214));
#3227=CARTESIAN_POINT('',(0.2199,-0.00151,-0.214));
#3228=CARTESIAN_POINT('',(0.2199,-0.00151,-0.1315));
#3229=CARTESIAN_POINT('',(0.1735,-0.00191,-0.048998));
#3230=CARTESIAN_POINT('',(0.2151,-0.00191,-0.048998));
#3231=CARTESIAN_POINT('',(0.2151,-0.00191,-0.191406145691872));
#3232=CARTESIAN_POINT('',(0.2193,-0.00191,-0.191406145691872));
#3233=CARTESIAN_POINT('',(0.1735,-0.00151,-0.048998));
#3234=CARTESIAN_POINT('',(0.2193,-0.00151,-0.191406145691872));
#3235=CARTESIAN_POINT('',(0.2151,-0.00151,-0.191406145691872));
#3236=CARTESIAN_POINT('',(0.2151,-0.00151,-0.048998));
#3237=CARTESIAN_POINT('',(0.1745,-0.012512,-0.1315));
#3238=CARTESIAN_POINT('',(0.1745,-0.01251,-0.1315));
#3239=CARTESIAN_POINT('',(0.1745,-0.01651,-0.077438));
#3240=CARTESIAN_POINT('',(0.1745,-0.01251,-0.1315));
#3241=CARTESIAN_POINT('',(0.1745,-0.01651,-0.12068775));
#3242=CARTESIAN_POINT('',(0.1745,-0.01251,-0.1315));
#3243=CARTESIAN_POINT('',(0.1745,-0.01251,-0.1315));
#3244=CARTESIAN_POINT('',(0.1745,-0.01251,-0.214));
#3245=CARTESIAN_POINT('',(0.1745,-0.012512,-0.214));
#3246=CARTESIAN_POINT('',(0.2193,-0.012512,-0.191406145691872));
#3247=CARTESIAN_POINT('',(0.2151,-0.012512,-0.191406145691872));
#3248=CARTESIAN_POINT('',(0.2151,0.00349,-0.191406145691872));
#3249=CARTESIAN_POINT('',(0.2173,0.00349,-0.191406145691872));
#3250=CARTESIAN_POINT('',(0.2195,0.00349,-0.191406145691872));
#3251=CARTESIAN_POINT('',(0.2195,0.003492,-0.191406145691872));
#3252=CARTESIAN_POINT('',(0.2151,-0.012512,-0.120203072845936));
#3253=CARTESIAN_POINT('',(0.2151,-0.012512,-0.191406145691872));
#3254=CARTESIAN_POINT('',(0.2151,-0.01251,-0.191406145691872));
#3255=CARTESIAN_POINT('',(0.2151,-0.01251,-0.120203072845936));
#3256=CARTESIAN_POINT('',(0.2195,-0.00151,-0.048998));
#3257=CARTESIAN_POINT('',(0.2195,0.00349,-0.049));
#3258=CARTESIAN_POINT('',(0.2195,0.00349,-0.214));
#3259=CARTESIAN_POINT('',(0.2195,0.003492,-0.214));
#3260=CARTESIAN_POINT('',(0.1645,-0.01251,-0.1315));
#3261=CARTESIAN_POINT('',(0.1645,-0.01251,-0.214));
#3262=CARTESIAN_POINT('',(0.196,0.00949,-0.1315));
#3263=CARTESIAN_POINT('',(0.2255,0.00949,-0.214));
#3264=CARTESIAN_POINT('',(0.196,-0.01251,-0.1315));
#3265=CARTESIAN_POINT('',(0.2255,-0.01251,-0.214));
#3266=CARTESIAN_POINT('',(0.2235,-0.01251,-0.214));
#3267=CARTESIAN_POINT('',(0.2245,-0.01251,-0.191406145691872));
#3268=CARTESIAN_POINT('',(0.2235,-0.01251,-0.191406145691872));
#3269=CARTESIAN_POINT('',(0.2235,-0.01251,-0.1315));
#3270=CARTESIAN_POINT('',(0.2275,-0.01251,-0.1315));
#3271=CARTESIAN_POINT('',(0.2275,-0.01251,-0.214));
#3272=CARTESIAN_POINT('',(0.2235,-0.01251,-0.1315));
#3273=CARTESIAN_POINT('',(0.2235,-0.012512,-0.191406145691872));
#3274=CARTESIAN_POINT('',(0.2235,-0.00151,-0.191406145691872));
#3275=CARTESIAN_POINT('',(0.2235,-0.00151,-0.1315));
#3276=CARTESIAN_POINT('',(0.2235,-0.00151,-0.214));
#3277=CARTESIAN_POINT('',(0.2235,-0.01251,-0.214));
#3278=CARTESIAN_POINT('',(0.196,0.00349,-0.1315));
#3279=CARTESIAN_POINT('',(0.2151,0.00349,-0.120203072845936));
#3280=CARTESIAN_POINT('',(0.1745,0.00349,-0.1315));
#3281=CARTESIAN_POINT('',(0.1745,0.00349,-0.214));
#3282=CARTESIAN_POINT('',(0.196,0.00349,-0.214));
#3283=CARTESIAN_POINT('',(0.2193,-0.012512,-0.191406145691872));
#3284=CARTESIAN_POINT('',(0.2193,-0.01251,-0.191406145691872));
#3285=CARTESIAN_POINT('',(0.2193,-0.00151,-0.191406145691872));
#3286=CARTESIAN_POINT('',(0.2255,-0.01251,-0.214));
#3287=CARTESIAN_POINT('',(0.1665,-0.01251,-0.214));
#3288=CARTESIAN_POINT('',(0.196,-0.00151,-0.214));
#3289=CARTESIAN_POINT('',(0.1745,-0.012512,-0.214));
#3290=CARTESIAN_POINT('',(0.1735,-0.00151,-0.048998));
#3291=CARTESIAN_POINT('',(0.1745,-0.012512,-0.1315));
#3292=CARTESIAN_POINT('',(0.2151,-0.012512,-0.120203072845936));
#3293=CARTESIAN_POINT('',(0.196,-0.01251,-0.1315));
#3294=CARTESIAN_POINT('',(0.196,-0.01251,-0.1315));
#3295=CARTESIAN_POINT('',(0.196,-0.01251,-0.1315));
#3296=CARTESIAN_POINT('',(0.196,-0.01251,-0.1315));
#3297=CARTESIAN_POINT('',(0.196,-0.01651,-0.1325));
#3298=CARTESIAN_POINT('',(0.196,-0.01651,-0.1325));
#3299=CARTESIAN_POINT('',(0.196,-0.01651,-0.1325));
#3300=CARTESIAN_POINT('',(0.196,-0.01651,-0.1325));
#3301=CARTESIAN_POINT('',(0.,0.,0.));
#3302=CARTESIAN_POINT('',(0.1725,-0.00851,-0.216));
#3303=CARTESIAN_POINT('',(0.1725,-0.00851,-0.218));
#3304=CARTESIAN_POINT('',(0.1725,-0.01651,-0.218));
#3305=CARTESIAN_POINT('',(0.1645,-0.00851,-0.218));
#3306=CARTESIAN_POINT('',(0.1725,-0.01651,-0.1325));
#3307=CARTESIAN_POINT('',(0.1725,-0.01651,-0.17475));
#3308=CARTESIAN_POINT('',(0.1725,-0.00851,-0.17475));
#3309=CARTESIAN_POINT('',(0.1705,-0.0162559666924148,-0.17475));
#3310=CARTESIAN_POINT('',(0.1705,-0.0162559666924148,-0.191406145691872));
#3311=CARTESIAN_POINT('',(0.1705,-0.0162559666924148,-0.191406145691872));
#3312=CARTESIAN_POINT('',(0.1725,-0.00851,-0.191406145691872));
#3313=CARTESIAN_POINT('',(0.165571796769725,-0.01251,-0.191406145691872));
#3314=CARTESIAN_POINT('',(0.165571796769725,-0.01251,-0.214));
#3315=CARTESIAN_POINT('',(0.165571796769725,-0.01251,-0.214));
#3316=CARTESIAN_POINT('',(0.1725,-0.00851,-0.214));
#3317=CARTESIAN_POINT('',(0.1645,-0.00851,-0.214));
#3318=CARTESIAN_POINT('',(0.1645,-0.00851,-0.216));
#3319=CARTESIAN_POINT('',(0.2195,-0.00851,-0.1325));
#3320=CARTESIAN_POINT('',(0.2195,-0.00851,-0.218));
#3321=CARTESIAN_POINT('',(0.2275,-0.00851,-0.218));
#3322=CARTESIAN_POINT('',(0.2195,-0.01651,-0.218));
#3323=CARTESIAN_POINT('',(0.2275,-0.00851,-0.218));
#3324=CARTESIAN_POINT('',(0.2275,-0.00851,-0.214));
#3325=CARTESIAN_POINT('',(0.2195,-0.00851,-0.214));
#3326=CARTESIAN_POINT('',(0.226428203230275,-0.01251,-0.214));
#3327=CARTESIAN_POINT('',(0.226428203230275,-0.01251,-0.191406145691872));
#3328=CARTESIAN_POINT('',(0.226428203230275,-0.01251,-0.191406145691872));
#3329=CARTESIAN_POINT('',(0.2195,-0.00851,-0.191406145691872));
#3330=CARTESIAN_POINT('',(0.2215,-0.0162559666924148,-0.191406145691872));
#3331=CARTESIAN_POINT('',(0.2215,-0.0162559666924148,-0.17475));
#3332=CARTESIAN_POINT('',(0.2215,-0.0162559666924148,-0.17475));
#3333=CARTESIAN_POINT('',(0.2195,-0.00851,-0.17475));
#3334=CARTESIAN_POINT('',(0.2195,-0.01651,-0.17475));
#3335=CARTESIAN_POINT('',(0.2195,-0.01651,-0.191406145691872));
#3336=CARTESIAN_POINT('',(0.2195,-0.00851,-0.1325));
#3337=CARTESIAN_POINT('',(0.2195,-0.00851,-0.047));
#3338=CARTESIAN_POINT('',(0.2195,-0.01651,-0.047));
#3339=CARTESIAN_POINT('',(0.226428203230275,-0.01251,-0.047));
#3340=CARTESIAN_POINT('',(0.2195,-0.01651,-0.1325));
#3341=CARTESIAN_POINT('',(0.2195,-0.01651,-0.0666255));
#3342=CARTESIAN_POINT('',(0.2195,-0.00851,-0.0666255));
#3343=CARTESIAN_POINT('',(0.226428203230275,-0.01251,-0.0666255));
#3344=CARTESIAN_POINT('',(0.226428203230275,-0.01251,-0.05681275));
#3345=CARTESIAN_POINT('',(0.2195,0.00149,-0.216));
#3346=CARTESIAN_POINT('',(0.2195,0.00149,-0.218));
#3347=CARTESIAN_POINT('',(0.2195,0.00949,-0.218));
#3348=CARTESIAN_POINT('',(0.2275,0.00149,-0.218));
#3349=CARTESIAN_POINT('',(0.2195,0.00949,-0.1315));
#3350=CARTESIAN_POINT('',(0.2195,0.00949,-0.214));
#3351=CARTESIAN_POINT('',(0.2195,0.00149,-0.214));
#3352=CARTESIAN_POINT('',(0.2275,0.00149,-0.214));
#3353=CARTESIAN_POINT('',(0.2275,0.00149,-0.216));
#3354=CARTESIAN_POINT('',(0.1725,0.00149,-0.1315));
#3355=CARTESIAN_POINT('',(0.1725,0.00149,-0.218));
#3356=CARTESIAN_POINT('',(0.1645,0.00149,-0.218));
#3357=CARTESIAN_POINT('',(0.1725,0.00949,-0.218));
#3358=CARTESIAN_POINT('',(0.1645,0.00149,-0.218));
#3359=CARTESIAN_POINT('',(0.1645,0.00149,-0.214));
#3360=CARTESIAN_POINT('',(0.1725,0.00149,-0.214));
#3361=CARTESIAN_POINT('',(0.1725,0.00949,-0.214));
#3362=CARTESIAN_POINT('',(0.1725,0.00949,-0.214));
#3363=CARTESIAN_POINT('',(0.1725,-0.00851,-0.216));
#3364=CARTESIAN_POINT('',(0.1725,-0.00851,-0.0666255));
#3365=CARTESIAN_POINT('',(0.1725,-0.01651,-0.0666255));
#3366=CARTESIAN_POINT('',(0.165571796769724,-0.01251,-0.0666255));
#3367=CARTESIAN_POINT('',(0.1725,-0.01651,-0.1325));
#3368=CARTESIAN_POINT('',(0.1725,-0.01651,-0.047));
#3369=CARTESIAN_POINT('',(0.1725,-0.00851,-0.047));
#3370=CARTESIAN_POINT('',(0.165571796769724,-0.01251,-0.047));
#3371=CARTESIAN_POINT('',(0.165571796769725,-0.01251,-0.05681275));
#3372=CARTESIAN_POINT('',(0.18538,-0.003325,-0.218002));
#3373=CARTESIAN_POINT('',(0.18538,-0.000825,-0.218002));
#3374=CARTESIAN_POINT('',(0.18538,-0.000825,-0.218));
#3375=CARTESIAN_POINT('',(0.18538,-0.000825,-0.214));
#3376=CARTESIAN_POINT('',(0.18538,-0.003325,-0.214));
#3377=CARTESIAN_POINT('',(0.18538,-0.005825,-0.214));
#3378=CARTESIAN_POINT('',(0.18538,-0.005825,-0.218002));
#3379=CARTESIAN_POINT('',(0.18538,-0.005825,-0.218));
#3380=CARTESIAN_POINT('',(0.18538,-0.003325,-0.218));
#3381=CARTESIAN_POINT('',(0.19018,-0.000825,-0.218002));
#3382=CARTESIAN_POINT('',(0.19498,-0.000825,-0.218002));
#3383=CARTESIAN_POINT('',(0.19498,-0.000825,-0.218));
#3384=CARTESIAN_POINT('',(0.19498,-0.000825,-0.214));
#3385=CARTESIAN_POINT('',(0.19018,-0.000825,-0.214));
#3386=CARTESIAN_POINT('',(0.19018,-0.000825,-0.218));
#3387=CARTESIAN_POINT('',(0.19018,-0.005825,-0.218002));
#3388=CARTESIAN_POINT('',(0.19018,-0.005825,-0.218));
#3389=CARTESIAN_POINT('',(0.19498,-0.005825,-0.218));
#3390=CARTESIAN_POINT('',(0.19018,-0.005825,-0.214));
#3391=CARTESIAN_POINT('',(0.19498,-0.005825,-0.214));
#3392=CARTESIAN_POINT('',(0.19498,-0.005825,-0.218002));
#3393=CARTESIAN_POINT('',(0.19498,-0.003325,-0.218002));
#3394=CARTESIAN_POINT('',(0.19498,-0.003325,-0.214));
#3395=CARTESIAN_POINT('',(0.19498,-0.003325,-0.218));
#3396=CARTESIAN_POINT('',(0.18765,-0.016512,-0.14875));
#3397=CARTESIAN_POINT('',(0.18765,-0.01651,-0.14875));
#3398=CARTESIAN_POINT('',(0.19365,-0.01651,-0.14875));
#3399=CARTESIAN_POINT('',(0.18765,-0.01251,-0.14875));
#3400=CARTESIAN_POINT('',(0.19365,-0.01251,-0.14875));
#3401=CARTESIAN_POINT('',(0.2049,-0.016512,-0.14875));
#3402=CARTESIAN_POINT('',(0.2049,-0.01651,-0.14875));
#3403=CARTESIAN_POINT('',(0.2109,-0.01651,-0.14875));
#3404=CARTESIAN_POINT('',(0.2049,-0.01251,-0.14875));
#3405=CARTESIAN_POINT('',(0.2109,-0.01251,-0.14875));
#3406=CARTESIAN_POINT('',(0.196,-0.012508,-0.191406145691872));
#3407=CARTESIAN_POINT('',(0.2215,-0.012508,-0.191406145691872));
#3408=CARTESIAN_POINT('',(0.2215,-0.01251,-0.191406145691872));
#3409=CARTESIAN_POINT('',(0.196,-0.01251,-0.191406145691872));
#3410=CARTESIAN_POINT('',(0.196,-0.012508,-0.191406145691872));
#3411=CARTESIAN_POINT('',(0.196,-0.01251,-0.191406145691872));
#3412=CARTESIAN_POINT('',(0.1705,-0.01251,-0.191406145691872));
#3413=CARTESIAN_POINT('',(0.1705,-0.012508,-0.191406145691872));
#3414=CARTESIAN_POINT('',(0.196,-0.01251,-0.1325));
#3415=CARTESIAN_POINT('',(0.1725,-0.01251,-0.0666255));
#3416=CARTESIAN_POINT('',(0.1745,-0.01251,-0.0666255));
#3417=CARTESIAN_POINT('',(0.196,-0.01251,-0.047));
#3418=CARTESIAN_POINT('',(0.2195,-0.01251,-0.0666255));
#3419=CARTESIAN_POINT('',(0.2175,-0.01251,-0.0666255));
#3420=CARTESIAN_POINT('',(0.2175,-0.01251,-0.077438));
#3421=CARTESIAN_POINT('',(0.2175,-0.01251,-0.0882505));
#3422=CARTESIAN_POINT('',(0.2195,-0.01251,-0.0882505));
#3423=CARTESIAN_POINT('',(0.2215,-0.01251,-0.0882505));
#3424=CARTESIAN_POINT('',(0.2215,-0.01251,-0.099063));
#3425=CARTESIAN_POINT('',(0.2215,-0.01251,-0.1098755));
#3426=CARTESIAN_POINT('',(0.2195,-0.01251,-0.1098755));
#3427=CARTESIAN_POINT('',(0.2175,-0.01251,-0.1098755));
#3428=CARTESIAN_POINT('',(0.2175,-0.01251,-0.12068775));
#3429=CARTESIAN_POINT('',(0.2175,-0.01251,-0.1315));
#3430=CARTESIAN_POINT('',(0.2195,-0.01251,-0.1315));
#3431=CARTESIAN_POINT('',(0.2215,-0.01251,-0.1315));
#3432=CARTESIAN_POINT('',(0.2215,-0.01251,-0.1423125));
#3433=CARTESIAN_POINT('',(0.2215,-0.01251,-0.153125));
#3434=CARTESIAN_POINT('',(0.2195,-0.01251,-0.153125));
#3435=CARTESIAN_POINT('',(0.2175,-0.01251,-0.153125));
#3436=CARTESIAN_POINT('',(0.2175,-0.01251,-0.1639375));
#3437=CARTESIAN_POINT('',(0.2175,-0.01251,-0.17475));
#3438=CARTESIAN_POINT('',(0.2195,-0.01251,-0.17475));
#3439=CARTESIAN_POINT('',(0.2215,-0.01251,-0.17475));
#3440=CARTESIAN_POINT('',(0.2215,-0.01251,-0.1855625));
#3441=CARTESIAN_POINT('',(0.196,-0.01251,-0.214));
#3442=CARTESIAN_POINT('',(0.1705,-0.01251,-0.1855625));
#3443=CARTESIAN_POINT('',(0.1705,-0.01251,-0.17475));
#3444=CARTESIAN_POINT('',(0.1725,-0.01251,-0.17475));
#3445=CARTESIAN_POINT('',(0.1745,-0.01251,-0.17475));
#3446=CARTESIAN_POINT('',(0.1745,-0.01251,-0.1639375));
#3447=CARTESIAN_POINT('',(0.1745,-0.01251,-0.153125));
#3448=CARTESIAN_POINT('',(0.1725,-0.01251,-0.153125));
#3449=CARTESIAN_POINT('',(0.1705,-0.01251,-0.153125));
#3450=CARTESIAN_POINT('',(0.1705,-0.01251,-0.1423125));
#3451=CARTESIAN_POINT('',(0.1705,-0.01251,-0.1315));
#3452=CARTESIAN_POINT('',(0.1725,-0.01251,-0.1315));
#3453=CARTESIAN_POINT('',(0.1745,-0.01251,-0.1315));
#3454=CARTESIAN_POINT('',(0.1745,-0.01251,-0.12068775));
#3455=CARTESIAN_POINT('',(0.1745,-0.01251,-0.1098755));
#3456=CARTESIAN_POINT('',(0.1725,-0.01251,-0.1098755));
#3457=CARTESIAN_POINT('',(0.1705,-0.01251,-0.1098755));
#3458=CARTESIAN_POINT('',(0.1705,-0.01251,-0.099063));
#3459=CARTESIAN_POINT('',(0.1705,-0.01251,-0.0882505));
#3460=CARTESIAN_POINT('',(0.1725,-0.01251,-0.0882505));
#3461=CARTESIAN_POINT('',(0.1745,-0.01251,-0.0882505));
#3462=CARTESIAN_POINT('',(0.1745,-0.01251,-0.077438));
#3463=CARTESIAN_POINT('',(0.196,-0.01651,-0.1325));
#3464=CARTESIAN_POINT('',(0.196,-0.01651,-0.047));
#3465=CARTESIAN_POINT('',(0.1725,-0.01651,-0.0666255));
#3466=CARTESIAN_POINT('',(0.1745,-0.01651,-0.0666255));
#3467=CARTESIAN_POINT('',(0.1745,-0.01651,-0.077438));
#3468=CARTESIAN_POINT('',(0.1745,-0.01651,-0.0882505));
#3469=CARTESIAN_POINT('',(0.1725,-0.01651,-0.0882505));
#3470=CARTESIAN_POINT('',(0.1705,-0.01651,-0.0882505));
#3471=CARTESIAN_POINT('',(0.1705,-0.01651,-0.099063));
#3472=CARTESIAN_POINT('',(0.1705,-0.01651,-0.1098755));
#3473=CARTESIAN_POINT('',(0.1725,-0.01651,-0.1098755));
#3474=CARTESIAN_POINT('',(0.1745,-0.01651,-0.1098755));
#3475=CARTESIAN_POINT('',(0.1745,-0.01651,-0.12068775));
#3476=CARTESIAN_POINT('',(0.1745,-0.01651,-0.1315));
#3477=CARTESIAN_POINT('',(0.1725,-0.01651,-0.1315));
#3478=CARTESIAN_POINT('',(0.1705,-0.01651,-0.1315));
#3479=CARTESIAN_POINT('',(0.1705,-0.01651,-0.1423125));
#3480=CARTESIAN_POINT('',(0.1705,-0.01651,-0.153125));
#3481=CARTESIAN_POINT('',(0.1725,-0.01651,-0.153125));
#3482=CARTESIAN_POINT('',(0.1745,-0.01651,-0.153125));
#3483=CARTESIAN_POINT('',(0.1745,-0.01651,-0.1639375));
#3484=CARTESIAN_POINT('',(0.1745,-0.01651,-0.17475));
#3485=CARTESIAN_POINT('',(0.1725,-0.01651,-0.17475));
#3486=CARTESIAN_POINT('',(0.196,-0.01651,-0.218));
#3487=CARTESIAN_POINT('',(0.2195,-0.01651,-0.17475));
#3488=CARTESIAN_POINT('',(0.2175,-0.01651,-0.17475));
#3489=CARTESIAN_POINT('',(0.2175,-0.01651,-0.1639375));
#3490=CARTESIAN_POINT('',(0.2175,-0.01651,-0.153125));
#3491=CARTESIAN_POINT('',(0.2195,-0.01651,-0.153125));
#3492=CARTESIAN_POINT('',(0.2215,-0.01651,-0.153125));
#3493=CARTESIAN_POINT('',(0.2215,-0.01651,-0.1423125));
#3494=CARTESIAN_POINT('',(0.2215,-0.01651,-0.1315));
#3495=CARTESIAN_POINT('',(0.2195,-0.01651,-0.1315));
#3496=CARTESIAN_POINT('',(0.2175,-0.01651,-0.1315));
#3497=CARTESIAN_POINT('',(0.2175,-0.01651,-0.12068775));
#3498=CARTESIAN_POINT('',(0.2175,-0.01651,-0.1098755));
#3499=CARTESIAN_POINT('',(0.2195,-0.01651,-0.1098755));
#3500=CARTESIAN_POINT('',(0.2215,-0.01651,-0.1098755));
#3501=CARTESIAN_POINT('',(0.2215,-0.01651,-0.099063));
#3502=CARTESIAN_POINT('',(0.2215,-0.01651,-0.0882505));
#3503=CARTESIAN_POINT('',(0.2195,-0.01651,-0.0882505));
#3504=CARTESIAN_POINT('',(0.2175,-0.01651,-0.0882505));
#3505=CARTESIAN_POINT('',(0.2175,-0.01651,-0.077438));
#3506=CARTESIAN_POINT('',(0.2175,-0.01651,-0.0666255));
#3507=CARTESIAN_POINT('',(0.2195,-0.01651,-0.0666255));
#3508=CARTESIAN_POINT('',(0.1705,-0.01651,-0.1423125));
#3509=CARTESIAN_POINT('',(0.1705,-0.01651,-0.17475));
#3510=CARTESIAN_POINT('',(0.1725,-0.01651,-0.17475));
#3511=CARTESIAN_POINT('',(0.1745,-0.01651,-0.17475));
#3512=CARTESIAN_POINT('',(0.1745,-0.01651,-0.1639375));
#3513=CARTESIAN_POINT('',(0.1745,-0.01651,-0.153125));
#3514=CARTESIAN_POINT('',(0.1725,-0.01651,-0.153125));
#3515=CARTESIAN_POINT('',(0.1705,-0.01651,-0.153125));
#3516=CARTESIAN_POINT('',(0.1705,-0.01651,-0.1423125));
#3517=CARTESIAN_POINT('',(0.1705,-0.01651,-0.1315));
#3518=CARTESIAN_POINT('',(0.1725,-0.01651,-0.1315));
#3519=CARTESIAN_POINT('',(0.1745,-0.01651,-0.1315));
#3520=CARTESIAN_POINT('',(0.1745,-0.01651,-0.1639375));
#3521=CARTESIAN_POINT('',(0.1745,-0.01651,-0.1098755));
#3522=CARTESIAN_POINT('',(0.1725,-0.01651,-0.1098755));
#3523=CARTESIAN_POINT('',(0.1705,-0.01651,-0.1098755));
#3524=CARTESIAN_POINT('',(0.1705,-0.01651,-0.1423125));
#3525=CARTESIAN_POINT('',(0.1705,-0.01651,-0.0882505));
#3526=CARTESIAN_POINT('',(0.1725,-0.01651,-0.0882505));
#3527=CARTESIAN_POINT('',(0.1745,-0.01651,-0.0882505));
#3528=CARTESIAN_POINT('',(0.1745,-0.01651,-0.1639375));
#3529=CARTESIAN_POINT('',(0.1745,-0.01651,-0.0666255));
#3530=CARTESIAN_POINT('',(0.1725,-0.01651,-0.0666255));
#3531=CARTESIAN_POINT('',(0.196,-0.01651,-0.047));
#3532=CARTESIAN_POINT('',(0.1725,-0.01651,-0.0666255));
#3533=CARTESIAN_POINT('',(0.2175,-0.01651,-0.0666255));
#3534=CARTESIAN_POINT('',(0.2175,-0.01651,-0.1639375));
#3535=CARTESIAN_POINT('',(0.2175,-0.01651,-0.0882505));
#3536=CARTESIAN_POINT('',(0.1725,-0.01651,-0.0882505));
#3537=CARTESIAN_POINT('',(0.2215,-0.01651,-0.0882505));
#3538=CARTESIAN_POINT('',(0.2215,-0.01651,-0.1423125));
#3539=CARTESIAN_POINT('',(0.2215,-0.01651,-0.1098755));
#3540=CARTESIAN_POINT('',(0.1725,-0.01651,-0.1098755));
#3541=CARTESIAN_POINT('',(0.2175,-0.01651,-0.1098755));
#3542=CARTESIAN_POINT('',(0.2175,-0.01651,-0.1639375));
#3543=CARTESIAN_POINT('',(0.2175,-0.01651,-0.1315));
#3544=CARTESIAN_POINT('',(0.1725,-0.01651,-0.1315));
#3545=CARTESIAN_POINT('',(0.2215,-0.01651,-0.1315));
#3546=CARTESIAN_POINT('',(0.2215,-0.01651,-0.1423125));
#3547=CARTESIAN_POINT('',(0.2215,-0.01651,-0.153125));
#3548=CARTESIAN_POINT('',(0.1725,-0.01651,-0.153125));
#3549=CARTESIAN_POINT('',(0.2175,-0.01651,-0.153125));
#3550=CARTESIAN_POINT('',(0.2175,-0.01651,-0.1639375));
#3551=CARTESIAN_POINT('',(0.2175,-0.01651,-0.17475));
#3552=CARTESIAN_POINT('',(0.1725,-0.01651,-0.17475));
#3553=CARTESIAN_POINT('',(0.2215,-0.01651,-0.17475));
#3554=CARTESIAN_POINT('',(0.2215,-0.01651,-0.1423125));
#3555=CARTESIAN_POINT('',(0.1645,0.009492,-0.216));
#3556=CARTESIAN_POINT('',(0.1645,0.009492,-0.214));
#3557=CARTESIAN_POINT('',(0.1645,0.009492,-0.218));
#3558=CARTESIAN_POINT('',(0.196,0.009492,-0.214));
#3559=CARTESIAN_POINT('',(0.196,0.00949,-0.214));
#3560=CARTESIAN_POINT('',(0.2275,0.009492,-0.214));
#3561=CARTESIAN_POINT('',(0.196,0.009492,-0.218));
#3562=CARTESIAN_POINT('',(0.196,0.00949,-0.218));
#3563=CARTESIAN_POINT('',(0.2275,0.009492,-0.218));
#3564=CARTESIAN_POINT('',(0.2275,0.009492,-0.216));
#3565=CARTESIAN_POINT('',(0.196,0.00949,-0.1315));
#3566=MECHANICAL_DESIGN_GEOMETRIC_PRESENTATION_REPRESENTATION('',(),#3567);
#3567=(
GEOMETRIC_REPRESENTATION_CONTEXT(3)
GLOBAL_UNCERTAINTY_ASSIGNED_CONTEXT((#3569))
GLOBAL_UNIT_ASSIGNED_CONTEXT((#3575,#3573,#3571))
REPRESENTATION_CONTEXT('Part 65','TOP_LEVEL_ASSEMBLY_PART')
);
#3568=(
GEOMETRIC_REPRESENTATION_CONTEXT(3)
GLOBAL_UNCERTAINTY_ASSIGNED_CONTEXT((#3570))
GLOBAL_UNIT_ASSIGNED_CONTEXT((#3576,#3574,#3572))
REPRESENTATION_CONTEXT('Part 66','TOP_LEVEL_ASSEMBLY_PART')
);
#3569=UNCERTAINTY_MEASURE_WITH_UNIT(LENGTH_MEASURE(1.E-6),#3575,
'DISTANCE_ACCURACY_VALUE','Maximum Tolerance applied to model');
#3570=UNCERTAINTY_MEASURE_WITH_UNIT(LENGTH_MEASURE(1.E-6),#3576,
'DISTANCE_ACCURACY_VALUE','Maximum Tolerance applied to model');
#3571=(
NAMED_UNIT(*)
SI_UNIT($,.STERADIAN.)
SOLID_ANGLE_UNIT()
);
#3572=(
NAMED_UNIT(*)
SI_UNIT($,.STERADIAN.)
SOLID_ANGLE_UNIT()
);
#3573=(
NAMED_UNIT(*)
PLANE_ANGLE_UNIT()
SI_UNIT($,.RADIAN.)
);
#3574=(
NAMED_UNIT(*)
PLANE_ANGLE_UNIT()
SI_UNIT($,.RADIAN.)
);
#3575=(
LENGTH_UNIT()
NAMED_UNIT(*)
SI_UNIT($,.METRE.)
);
#3576=(
LENGTH_UNIT()
NAMED_UNIT(*)
SI_UNIT($,.METRE.)
);
#3577=PRODUCT_DEFINITION_SHAPE('','',#3579);
#3578=PRODUCT_DEFINITION_SHAPE('','',#3580);
#3579=PRODUCT_DEFINITION('','',#3583,#3581);
#3580=PRODUCT_DEFINITION('','',#3584,#3582);
#3581=PRODUCT_DEFINITION_CONTEXT('',#3595,'design');
#3582=PRODUCT_DEFINITION_CONTEXT('',#3596,'design');
#3583=PRODUCT_DEFINITION_FORMATION_WITH_SPECIFIED_SOURCE('','',#3587,
 .NOT_KNOWN.);
#3584=PRODUCT_DEFINITION_FORMATION_WITH_SPECIFIED_SOURCE('','',#3588,
 .NOT_KNOWN.);
#3585=PRODUCT_RELATED_PRODUCT_CATEGORY('','',(#3587));
#3586=PRODUCT_RELATED_PRODUCT_CATEGORY('','',(#3588));
#3587=PRODUCT('Part 65','Part 65','Part 65',(#3591));
#3588=PRODUCT('Part 66','Part 66','Part 66',(#3592));
#3589=PRODUCT_CATEGORY('','');
#3590=PRODUCT_CATEGORY('','');
#3591=PRODUCT_CONTEXT('',#3595,'mechanical');
#3592=PRODUCT_CONTEXT('',#3596,'mechanical');
#3593=APPLICATION_PROTOCOL_DEFINITION('international standard',
'ap242_managed_model_based_3d_engineering',2020,#3595);
#3594=APPLICATION_PROTOCOL_DEFINITION('international standard',
'ap242_managed_model_based_3d_engineering',2020,#3596);
#3595=APPLICATION_CONTEXT('managed model based 3d engineering');
#3596=APPLICATION_CONTEXT('managed model based 3d engineering');
ENDSEC;
END-ISO-10303-21;
