ISO-10303-21;
HEADER;
/* Generated by software containing ST-Developer
 * from STEP Tools, Inc. (www.steptools.com) 
 */
/* OPTION: using custom renumber hook */

FILE_DESCRIPTION(
/* description */ ('STEP AP242 Edition 2',
'CAx-IF Rec.Pracs.---Representation and Presentation of Product Manufa
cturing Information (PMI)---4.0---2014-10-13',
'CAx-IF Rec.Pracs.---3D Tessellated Geometry---0.4---2014-09-14','2;1',
'CAx-IF Rec.Pracs.---User Defined Attributes---1.5---2016-08-15'),
/* implementation_level */ '2;1');

FILE_NAME(
/* name */ 'Wand3',
/* time_stamp */ '2026-07-08T03:41:37Z',
/* author */ (''),
/* organization */ (''),
/* preprocessor_version */ 'ST-DEVELOPER v20',
/* originating_system */ 'ONSHAPE BY PTC INC, 1.217',
/* authorisation */ '  ');

FILE_SCHEMA (('AP242_MANAGED_MODEL_BASED_3D_ENGINEERING_MIM_LF { 1 0 10303 442 3 1 4 }'));
ENDSEC;

DATA;
#10=SHAPE_REPRESENTATION_RELATIONSHIP('','',#2211,#12);
#11=SHAPE_REPRESENTATION_RELATIONSHIP('','',#2212,#13);
#12=ADVANCED_BREP_SHAPE_REPRESENTATION('',(#2207),#3584);
#13=ADVANCED_BREP_SHAPE_REPRESENTATION('',(#2208),#3585);
#14=CYLINDRICAL_SURFACE('',#2295,8.);
#15=CYLINDRICAL_SURFACE('',#2296,8.);
#16=CYLINDRICAL_SURFACE('',#2297,8.);
#17=CYLINDRICAL_SURFACE('',#2298,8.);
#18=CYLINDRICAL_SURFACE('',#2358,6.);
#19=CYLINDRICAL_SURFACE('',#2359,6.);
#20=CYLINDRICAL_SURFACE('',#2360,2.5);
#21=CYLINDRICAL_SURFACE('',#2363,2.5);
#22=CYLINDRICAL_SURFACE('',#2364,8.);
#23=CYLINDRICAL_SURFACE('',#2365,8.);
#24=CYLINDRICAL_SURFACE('',#2366,8.);
#25=CYLINDRICAL_SURFACE('',#2367,8.);
#26=CYLINDRICAL_SURFACE('',#2368,8.);
#27=CYLINDRICAL_SURFACE('',#2369,8.);
#28=CIRCLE('',#2226,8.);
#29=CIRCLE('',#2227,8.);
#30=CIRCLE('',#2228,8.);
#31=CIRCLE('',#2229,8.);
#32=CIRCLE('',#2231,8.);
#33=CIRCLE('',#2253,8.);
#34=CIRCLE('',#2254,8.);
#35=CIRCLE('',#2255,8.);
#36=CIRCLE('',#2256,8.);
#37=CIRCLE('',#2260,8.);
#38=CIRCLE('',#2263,8.);
#39=CIRCLE('',#2266,8.);
#40=CIRCLE('',#2269,8.);
#41=CIRCLE('',#2272,8.);
#42=CIRCLE('',#2275,8.);
#43=CIRCLE('',#2278,8.);
#44=CIRCLE('',#2280,8.);
#45=CIRCLE('',#2283,8.);
#46=CIRCLE('',#2285,8.);
#47=CIRCLE('',#2288,8.);
#48=CIRCLE('',#2290,8.);
#49=CIRCLE('',#2293,8.);
#50=CIRCLE('',#2303,2.5);
#51=CIRCLE('',#2304,2.5);
#52=CIRCLE('',#2305,8.);
#53=CIRCLE('',#2306,8.);
#54=CIRCLE('',#2307,8.);
#55=CIRCLE('',#2308,8.);
#56=CIRCLE('',#2310,2.5);
#57=CIRCLE('',#2311,2.5);
#58=CIRCLE('',#2312,8.);
#59=CIRCLE('',#2313,8.);
#60=CIRCLE('',#2314,8.);
#61=CIRCLE('',#2315,8.);
#62=CIRCLE('',#2319,8.);
#63=CIRCLE('',#2330,8.);
#64=CIRCLE('',#2332,8.);
#65=CIRCLE('',#2333,8.);
#66=CIRCLE('',#2335,8.);
#67=CIRCLE('',#2346,8.);
#68=CIRCLE('',#2349,6.);
#69=CIRCLE('',#2350,6.);
#70=CIRCLE('',#2352,6.);
#71=CIRCLE('',#2353,6.);
#72=CIRCLE('',#2355,8.);
#73=CIRCLE('',#2357,8.);
#74=ORIENTED_EDGE('',*,*,#698,.T.);
#75=ORIENTED_EDGE('',*,*,#699,.T.);
#76=ORIENTED_EDGE('',*,*,#700,.F.);
#77=ORIENTED_EDGE('',*,*,#701,.T.);
#78=ORIENTED_EDGE('',*,*,#702,.F.);
#79=ORIENTED_EDGE('',*,*,#703,.T.);
#80=ORIENTED_EDGE('',*,*,#704,.F.);
#81=ORIENTED_EDGE('',*,*,#705,.F.);
#82=ORIENTED_EDGE('',*,*,#706,.T.);
#83=ORIENTED_EDGE('',*,*,#707,.T.);
#84=ORIENTED_EDGE('',*,*,#708,.T.);
#85=ORIENTED_EDGE('',*,*,#709,.T.);
#86=ORIENTED_EDGE('',*,*,#710,.T.);
#87=ORIENTED_EDGE('',*,*,#711,.T.);
#88=ORIENTED_EDGE('',*,*,#712,.T.);
#89=ORIENTED_EDGE('',*,*,#713,.T.);
#90=ORIENTED_EDGE('',*,*,#714,.F.);
#91=ORIENTED_EDGE('',*,*,#715,.T.);
#92=ORIENTED_EDGE('',*,*,#716,.F.);
#93=ORIENTED_EDGE('',*,*,#717,.F.);
#94=ORIENTED_EDGE('',*,*,#718,.F.);
#95=ORIENTED_EDGE('',*,*,#719,.T.);
#96=ORIENTED_EDGE('',*,*,#720,.F.);
#97=ORIENTED_EDGE('',*,*,#721,.F.);
#98=ORIENTED_EDGE('',*,*,#722,.F.);
#99=ORIENTED_EDGE('',*,*,#723,.F.);
#100=ORIENTED_EDGE('',*,*,#724,.T.);
#101=ORIENTED_EDGE('',*,*,#725,.F.);
#102=ORIENTED_EDGE('',*,*,#726,.T.);
#103=ORIENTED_EDGE('',*,*,#727,.T.);
#104=ORIENTED_EDGE('',*,*,#728,.T.);
#105=ORIENTED_EDGE('',*,*,#729,.F.);
#106=ORIENTED_EDGE('',*,*,#730,.T.);
#107=ORIENTED_EDGE('',*,*,#731,.T.);
#108=ORIENTED_EDGE('',*,*,#732,.T.);
#109=ORIENTED_EDGE('',*,*,#733,.T.);
#110=ORIENTED_EDGE('',*,*,#734,.F.);
#111=ORIENTED_EDGE('',*,*,#735,.T.);
#112=ORIENTED_EDGE('',*,*,#736,.F.);
#113=ORIENTED_EDGE('',*,*,#737,.F.);
#114=ORIENTED_EDGE('',*,*,#738,.F.);
#115=ORIENTED_EDGE('',*,*,#739,.T.);
#116=ORIENTED_EDGE('',*,*,#740,.F.);
#117=ORIENTED_EDGE('',*,*,#741,.F.);
#118=ORIENTED_EDGE('',*,*,#742,.T.);
#119=ORIENTED_EDGE('',*,*,#743,.T.);
#120=ORIENTED_EDGE('',*,*,#744,.F.);
#121=ORIENTED_EDGE('',*,*,#745,.T.);
#122=ORIENTED_EDGE('',*,*,#746,.F.);
#123=ORIENTED_EDGE('',*,*,#747,.F.);
#124=ORIENTED_EDGE('',*,*,#748,.F.);
#125=ORIENTED_EDGE('',*,*,#749,.T.);
#126=ORIENTED_EDGE('',*,*,#750,.T.);
#127=ORIENTED_EDGE('',*,*,#751,.F.);
#128=ORIENTED_EDGE('',*,*,#752,.F.);
#129=ORIENTED_EDGE('',*,*,#753,.T.);
#130=ORIENTED_EDGE('',*,*,#754,.T.);
#131=ORIENTED_EDGE('',*,*,#755,.T.);
#132=ORIENTED_EDGE('',*,*,#756,.T.);
#133=ORIENTED_EDGE('',*,*,#757,.T.);
#134=ORIENTED_EDGE('',*,*,#758,.T.);
#135=ORIENTED_EDGE('',*,*,#759,.T.);
#136=ORIENTED_EDGE('',*,*,#740,.T.);
#137=ORIENTED_EDGE('',*,*,#760,.T.);
#138=ORIENTED_EDGE('',*,*,#761,.T.);
#139=ORIENTED_EDGE('',*,*,#762,.T.);
#140=ORIENTED_EDGE('',*,*,#763,.F.);
#141=ORIENTED_EDGE('',*,*,#764,.T.);
#142=ORIENTED_EDGE('',*,*,#765,.F.);
#143=ORIENTED_EDGE('',*,*,#766,.T.);
#144=ORIENTED_EDGE('',*,*,#767,.T.);
#145=ORIENTED_EDGE('',*,*,#768,.T.);
#146=ORIENTED_EDGE('',*,*,#758,.F.);
#147=ORIENTED_EDGE('',*,*,#769,.T.);
#148=ORIENTED_EDGE('',*,*,#770,.F.);
#149=ORIENTED_EDGE('',*,*,#771,.F.);
#150=ORIENTED_EDGE('',*,*,#772,.F.);
#151=ORIENTED_EDGE('',*,*,#754,.F.);
#152=ORIENTED_EDGE('',*,*,#773,.T.);
#153=ORIENTED_EDGE('',*,*,#774,.T.);
#154=ORIENTED_EDGE('',*,*,#775,.T.);
#155=ORIENTED_EDGE('',*,*,#776,.F.);
#156=ORIENTED_EDGE('',*,*,#777,.F.);
#157=ORIENTED_EDGE('',*,*,#778,.F.);
#158=ORIENTED_EDGE('',*,*,#779,.T.);
#159=ORIENTED_EDGE('',*,*,#780,.T.);
#160=ORIENTED_EDGE('',*,*,#781,.T.);
#161=ORIENTED_EDGE('',*,*,#720,.T.);
#162=ORIENTED_EDGE('',*,*,#782,.T.);
#163=ORIENTED_EDGE('',*,*,#783,.T.);
#164=ORIENTED_EDGE('',*,*,#784,.T.);
#165=ORIENTED_EDGE('',*,*,#756,.F.);
#166=ORIENTED_EDGE('',*,*,#785,.F.);
#167=ORIENTED_EDGE('',*,*,#750,.F.);
#168=ORIENTED_EDGE('',*,*,#786,.F.);
#169=ORIENTED_EDGE('',*,*,#755,.F.);
#170=ORIENTED_EDGE('',*,*,#772,.T.);
#171=ORIENTED_EDGE('',*,*,#787,.F.);
#172=ORIENTED_EDGE('',*,*,#788,.T.);
#173=ORIENTED_EDGE('',*,*,#789,.T.);
#174=ORIENTED_EDGE('',*,*,#785,.T.);
#175=ORIENTED_EDGE('',*,*,#759,.F.);
#176=ORIENTED_EDGE('',*,*,#768,.F.);
#177=ORIENTED_EDGE('',*,*,#790,.T.);
#178=ORIENTED_EDGE('',*,*,#791,.T.);
#179=ORIENTED_EDGE('',*,*,#765,.T.);
#180=ORIENTED_EDGE('',*,*,#792,.T.);
#181=ORIENTED_EDGE('',*,*,#767,.F.);
#182=ORIENTED_EDGE('',*,*,#793,.T.);
#183=ORIENTED_EDGE('',*,*,#779,.F.);
#184=ORIENTED_EDGE('',*,*,#789,.F.);
#185=ORIENTED_EDGE('',*,*,#794,.F.);
#186=ORIENTED_EDGE('',*,*,#795,.T.);
#187=ORIENTED_EDGE('',*,*,#763,.T.);
#188=ORIENTED_EDGE('',*,*,#796,.T.);
#189=ORIENTED_EDGE('',*,*,#761,.F.);
#190=ORIENTED_EDGE('',*,*,#797,.T.);
#191=ORIENTED_EDGE('',*,*,#798,.F.);
#192=ORIENTED_EDGE('',*,*,#799,.T.);
#193=ORIENTED_EDGE('',*,*,#800,.F.);
#194=ORIENTED_EDGE('',*,*,#801,.F.);
#195=ORIENTED_EDGE('',*,*,#787,.T.);
#196=ORIENTED_EDGE('',*,*,#771,.T.);
#197=ORIENTED_EDGE('',*,*,#802,.T.);
#198=ORIENTED_EDGE('',*,*,#803,.T.);
#199=ORIENTED_EDGE('',*,*,#782,.F.);
#200=ORIENTED_EDGE('',*,*,#719,.F.);
#201=ORIENTED_EDGE('',*,*,#804,.F.);
#202=ORIENTED_EDGE('',*,*,#751,.T.);
#203=ORIENTED_EDGE('',*,*,#788,.F.);
#204=ORIENTED_EDGE('',*,*,#801,.T.);
#205=ORIENTED_EDGE('',*,*,#805,.T.);
#206=ORIENTED_EDGE('',*,*,#806,.F.);
#207=ORIENTED_EDGE('',*,*,#807,.F.);
#208=ORIENTED_EDGE('',*,*,#717,.T.);
#209=ORIENTED_EDGE('',*,*,#808,.F.);
#210=ORIENTED_EDGE('',*,*,#709,.F.);
#211=ORIENTED_EDGE('',*,*,#809,.T.);
#212=ORIENTED_EDGE('',*,*,#737,.T.);
#213=ORIENTED_EDGE('',*,*,#810,.F.);
#214=ORIENTED_EDGE('',*,*,#713,.F.);
#215=ORIENTED_EDGE('',*,*,#811,.T.);
#216=ORIENTED_EDGE('',*,*,#747,.T.);
#217=ORIENTED_EDGE('',*,*,#812,.F.);
#218=ORIENTED_EDGE('',*,*,#813,.T.);
#219=ORIENTED_EDGE('',*,*,#814,.T.);
#220=ORIENTED_EDGE('',*,*,#741,.T.);
#221=ORIENTED_EDGE('',*,*,#778,.T.);
#222=ORIENTED_EDGE('',*,*,#804,.T.);
#223=ORIENTED_EDGE('',*,*,#815,.F.);
#224=ORIENTED_EDGE('',*,*,#816,.T.);
#225=ORIENTED_EDGE('',*,*,#748,.T.);
#226=ORIENTED_EDGE('',*,*,#803,.F.);
#227=ORIENTED_EDGE('',*,*,#817,.F.);
#228=ORIENTED_EDGE('',*,*,#818,.T.);
#229=ORIENTED_EDGE('',*,*,#783,.F.);
#230=ORIENTED_EDGE('',*,*,#784,.F.);
#231=ORIENTED_EDGE('',*,*,#818,.F.);
#232=ORIENTED_EDGE('',*,*,#819,.F.);
#233=ORIENTED_EDGE('',*,*,#820,.T.);
#234=ORIENTED_EDGE('',*,*,#769,.F.);
#235=ORIENTED_EDGE('',*,*,#757,.F.);
#236=ORIENTED_EDGE('',*,*,#821,.T.);
#237=ORIENTED_EDGE('',*,*,#822,.T.);
#238=ORIENTED_EDGE('',*,*,#800,.T.);
#239=ORIENTED_EDGE('',*,*,#770,.T.);
#240=ORIENTED_EDGE('',*,*,#820,.F.);
#241=ORIENTED_EDGE('',*,*,#805,.F.);
#242=ORIENTED_EDGE('',*,*,#822,.F.);
#243=ORIENTED_EDGE('',*,*,#823,.T.);
#244=ORIENTED_EDGE('',*,*,#815,.T.);
#245=ORIENTED_EDGE('',*,*,#824,.T.);
#246=ORIENTED_EDGE('',*,*,#774,.F.);
#247=ORIENTED_EDGE('',*,*,#825,.F.);
#248=ORIENTED_EDGE('',*,*,#826,.F.);
#249=ORIENTED_EDGE('',*,*,#827,.T.);
#250=ORIENTED_EDGE('',*,*,#775,.F.);
#251=ORIENTED_EDGE('',*,*,#824,.F.);
#252=ORIENTED_EDGE('',*,*,#828,.F.);
#253=ORIENTED_EDGE('',*,*,#825,.T.);
#254=ORIENTED_EDGE('',*,*,#773,.F.);
#255=ORIENTED_EDGE('',*,*,#753,.F.);
#256=ORIENTED_EDGE('',*,*,#829,.F.);
#257=ORIENTED_EDGE('',*,*,#830,.T.);
#258=ORIENTED_EDGE('',*,*,#831,.T.);
#259=ORIENTED_EDGE('',*,*,#776,.T.);
#260=ORIENTED_EDGE('',*,*,#827,.F.);
#261=ORIENTED_EDGE('',*,*,#832,.T.);
#262=ORIENTED_EDGE('',*,*,#806,.T.);
#263=ORIENTED_EDGE('',*,*,#777,.T.);
#264=ORIENTED_EDGE('',*,*,#831,.F.);
#265=ORIENTED_EDGE('',*,*,#798,.T.);
#266=ORIENTED_EDGE('',*,*,#833,.T.);
#267=ORIENTED_EDGE('',*,*,#714,.T.);
#268=ORIENTED_EDGE('',*,*,#834,.T.);
#269=ORIENTED_EDGE('',*,*,#790,.F.);
#270=ORIENTED_EDGE('',*,*,#835,.T.);
#271=ORIENTED_EDGE('',*,*,#794,.T.);
#272=ORIENTED_EDGE('',*,*,#836,.T.);
#273=ORIENTED_EDGE('',*,*,#802,.F.);
#274=ORIENTED_EDGE('',*,*,#718,.T.);
#275=ORIENTED_EDGE('',*,*,#807,.T.);
#276=ORIENTED_EDGE('',*,*,#832,.F.);
#277=ORIENTED_EDGE('',*,*,#830,.F.);
#278=ORIENTED_EDGE('',*,*,#828,.T.);
#279=ORIENTED_EDGE('',*,*,#826,.T.);
#280=ORIENTED_EDGE('',*,*,#829,.T.);
#281=ORIENTED_EDGE('',*,*,#752,.T.);
#282=ORIENTED_EDGE('',*,*,#786,.T.);
#283=ORIENTED_EDGE('',*,*,#749,.F.);
#284=ORIENTED_EDGE('',*,*,#816,.F.);
#285=ORIENTED_EDGE('',*,*,#823,.F.);
#286=ORIENTED_EDGE('',*,*,#821,.F.);
#287=ORIENTED_EDGE('',*,*,#819,.T.);
#288=ORIENTED_EDGE('',*,*,#817,.T.);
#289=ORIENTED_EDGE('',*,*,#781,.F.);
#290=ORIENTED_EDGE('',*,*,#837,.T.);
#291=ORIENTED_EDGE('',*,*,#838,.T.);
#292=ORIENTED_EDGE('',*,*,#721,.T.);
#293=ORIENTED_EDGE('',*,*,#839,.T.);
#294=ORIENTED_EDGE('',*,*,#840,.T.);
#295=ORIENTED_EDGE('',*,*,#732,.F.);
#296=ORIENTED_EDGE('',*,*,#841,.F.);
#297=ORIENTED_EDGE('',*,*,#842,.F.);
#298=ORIENTED_EDGE('',*,*,#843,.T.);
#299=ORIENTED_EDGE('',*,*,#841,.T.);
#300=ORIENTED_EDGE('',*,*,#731,.F.);
#301=ORIENTED_EDGE('',*,*,#844,.F.);
#302=ORIENTED_EDGE('',*,*,#845,.T.);
#303=ORIENTED_EDGE('',*,*,#846,.T.);
#304=ORIENTED_EDGE('',*,*,#842,.T.);
#305=ORIENTED_EDGE('',*,*,#730,.F.);
#306=ORIENTED_EDGE('',*,*,#847,.F.);
#307=ORIENTED_EDGE('',*,*,#848,.T.);
#308=ORIENTED_EDGE('',*,*,#844,.T.);
#309=ORIENTED_EDGE('',*,*,#729,.T.);
#310=ORIENTED_EDGE('',*,*,#704,.T.);
#311=ORIENTED_EDGE('',*,*,#849,.T.);
#312=ORIENTED_EDGE('',*,*,#847,.T.);
#313=ORIENTED_EDGE('',*,*,#728,.F.);
#314=ORIENTED_EDGE('',*,*,#850,.F.);
#315=ORIENTED_EDGE('',*,*,#851,.F.);
#316=ORIENTED_EDGE('',*,*,#705,.T.);
#317=ORIENTED_EDGE('',*,*,#850,.T.);
#318=ORIENTED_EDGE('',*,*,#727,.F.);
#319=ORIENTED_EDGE('',*,*,#852,.F.);
#320=ORIENTED_EDGE('',*,*,#853,.T.);
#321=ORIENTED_EDGE('',*,*,#702,.T.);
#322=ORIENTED_EDGE('',*,*,#851,.T.);
#323=ORIENTED_EDGE('',*,*,#726,.F.);
#324=ORIENTED_EDGE('',*,*,#854,.F.);
#325=ORIENTED_EDGE('',*,*,#855,.T.);
#326=ORIENTED_EDGE('',*,*,#852,.T.);
#327=ORIENTED_EDGE('',*,*,#725,.T.);
#328=ORIENTED_EDGE('',*,*,#700,.T.);
#329=ORIENTED_EDGE('',*,*,#856,.T.);
#330=ORIENTED_EDGE('',*,*,#854,.T.);
#331=ORIENTED_EDGE('',*,*,#724,.F.);
#332=ORIENTED_EDGE('',*,*,#857,.F.);
#333=ORIENTED_EDGE('',*,*,#701,.F.);
#334=ORIENTED_EDGE('',*,*,#857,.T.);
#335=ORIENTED_EDGE('',*,*,#723,.T.);
#336=ORIENTED_EDGE('',*,*,#858,.F.);
#337=ORIENTED_EDGE('',*,*,#838,.F.);
#338=ORIENTED_EDGE('',*,*,#859,.T.);
#339=ORIENTED_EDGE('',*,*,#698,.F.);
#340=ORIENTED_EDGE('',*,*,#858,.T.);
#341=ORIENTED_EDGE('',*,*,#722,.T.);
#342=ORIENTED_EDGE('',*,*,#846,.F.);
#343=ORIENTED_EDGE('',*,*,#860,.T.);
#344=ORIENTED_EDGE('',*,*,#839,.F.);
#345=ORIENTED_EDGE('',*,*,#843,.F.);
#346=ORIENTED_EDGE('',*,*,#716,.T.);
#347=ORIENTED_EDGE('',*,*,#861,.T.);
#348=ORIENTED_EDGE('',*,*,#706,.F.);
#349=ORIENTED_EDGE('',*,*,#808,.T.);
#350=ORIENTED_EDGE('',*,*,#862,.F.);
#351=ORIENTED_EDGE('',*,*,#863,.T.);
#352=ORIENTED_EDGE('',*,*,#738,.T.);
#353=ORIENTED_EDGE('',*,*,#864,.F.);
#354=ORIENTED_EDGE('',*,*,#865,.T.);
#355=ORIENTED_EDGE('',*,*,#862,.T.);
#356=ORIENTED_EDGE('',*,*,#743,.F.);
#357=ORIENTED_EDGE('',*,*,#866,.T.);
#358=ORIENTED_EDGE('',*,*,#867,.T.);
#359=ORIENTED_EDGE('',*,*,#864,.T.);
#360=ORIENTED_EDGE('',*,*,#742,.F.);
#361=ORIENTED_EDGE('',*,*,#814,.F.);
#362=ORIENTED_EDGE('',*,*,#868,.F.);
#363=ORIENTED_EDGE('',*,*,#869,.T.);
#364=ORIENTED_EDGE('',*,*,#870,.F.);
#365=ORIENTED_EDGE('',*,*,#812,.T.);
#366=ORIENTED_EDGE('',*,*,#746,.T.);
#367=ORIENTED_EDGE('',*,*,#871,.F.);
#368=ORIENTED_EDGE('',*,*,#872,.T.);
#369=ORIENTED_EDGE('',*,*,#868,.T.);
#370=ORIENTED_EDGE('',*,*,#745,.F.);
#371=ORIENTED_EDGE('',*,*,#712,.F.);
#372=ORIENTED_EDGE('',*,*,#873,.T.);
#373=ORIENTED_EDGE('',*,*,#871,.T.);
#374=ORIENTED_EDGE('',*,*,#744,.T.);
#375=ORIENTED_EDGE('',*,*,#811,.F.);
#376=ORIENTED_EDGE('',*,*,#874,.F.);
#377=ORIENTED_EDGE('',*,*,#875,.T.);
#378=ORIENTED_EDGE('',*,*,#710,.F.);
#379=ORIENTED_EDGE('',*,*,#810,.T.);
#380=ORIENTED_EDGE('',*,*,#736,.T.);
#381=ORIENTED_EDGE('',*,*,#876,.F.);
#382=ORIENTED_EDGE('',*,*,#877,.T.);
#383=ORIENTED_EDGE('',*,*,#874,.T.);
#384=ORIENTED_EDGE('',*,*,#735,.F.);
#385=ORIENTED_EDGE('',*,*,#708,.F.);
#386=ORIENTED_EDGE('',*,*,#878,.T.);
#387=ORIENTED_EDGE('',*,*,#876,.T.);
#388=ORIENTED_EDGE('',*,*,#734,.T.);
#389=ORIENTED_EDGE('',*,*,#809,.F.);
#390=ORIENTED_EDGE('',*,*,#870,.T.);
#391=ORIENTED_EDGE('',*,*,#879,.T.);
#392=ORIENTED_EDGE('',*,*,#866,.F.);
#393=ORIENTED_EDGE('',*,*,#813,.F.);
#394=ORIENTED_EDGE('',*,*,#833,.F.);
#395=ORIENTED_EDGE('',*,*,#797,.F.);
#396=ORIENTED_EDGE('',*,*,#760,.F.);
#397=ORIENTED_EDGE('',*,*,#739,.F.);
#398=ORIENTED_EDGE('',*,*,#863,.F.);
#399=ORIENTED_EDGE('',*,*,#865,.F.);
#400=ORIENTED_EDGE('',*,*,#867,.F.);
#401=ORIENTED_EDGE('',*,*,#879,.F.);
#402=ORIENTED_EDGE('',*,*,#869,.F.);
#403=ORIENTED_EDGE('',*,*,#872,.F.);
#404=ORIENTED_EDGE('',*,*,#873,.F.);
#405=ORIENTED_EDGE('',*,*,#711,.F.);
#406=ORIENTED_EDGE('',*,*,#875,.F.);
#407=ORIENTED_EDGE('',*,*,#877,.F.);
#408=ORIENTED_EDGE('',*,*,#878,.F.);
#409=ORIENTED_EDGE('',*,*,#707,.F.);
#410=ORIENTED_EDGE('',*,*,#861,.F.);
#411=ORIENTED_EDGE('',*,*,#715,.F.);
#412=ORIENTED_EDGE('',*,*,#766,.F.);
#413=ORIENTED_EDGE('',*,*,#791,.F.);
#414=ORIENTED_EDGE('',*,*,#834,.F.);
#415=ORIENTED_EDGE('',*,*,#733,.F.);
#416=ORIENTED_EDGE('',*,*,#840,.F.);
#417=ORIENTED_EDGE('',*,*,#860,.F.);
#418=ORIENTED_EDGE('',*,*,#845,.F.);
#419=ORIENTED_EDGE('',*,*,#848,.F.);
#420=ORIENTED_EDGE('',*,*,#849,.F.);
#421=ORIENTED_EDGE('',*,*,#703,.F.);
#422=ORIENTED_EDGE('',*,*,#853,.F.);
#423=ORIENTED_EDGE('',*,*,#855,.F.);
#424=ORIENTED_EDGE('',*,*,#856,.F.);
#425=ORIENTED_EDGE('',*,*,#699,.F.);
#426=ORIENTED_EDGE('',*,*,#859,.F.);
#427=ORIENTED_EDGE('',*,*,#837,.F.);
#428=ORIENTED_EDGE('',*,*,#780,.F.);
#429=ORIENTED_EDGE('',*,*,#793,.F.);
#430=ORIENTED_EDGE('',*,*,#764,.F.);
#431=ORIENTED_EDGE('',*,*,#795,.F.);
#432=ORIENTED_EDGE('',*,*,#835,.F.);
#433=ORIENTED_EDGE('',*,*,#792,.F.);
#434=ORIENTED_EDGE('',*,*,#762,.F.);
#435=ORIENTED_EDGE('',*,*,#799,.F.);
#436=ORIENTED_EDGE('',*,*,#836,.F.);
#437=ORIENTED_EDGE('',*,*,#796,.F.);
#438=ORIENTED_EDGE('',*,*,#880,.T.);
#439=ORIENTED_EDGE('',*,*,#881,.T.);
#440=ORIENTED_EDGE('',*,*,#882,.F.);
#441=ORIENTED_EDGE('',*,*,#883,.T.);
#442=ORIENTED_EDGE('',*,*,#884,.F.);
#443=ORIENTED_EDGE('',*,*,#885,.T.);
#444=ORIENTED_EDGE('',*,*,#886,.T.);
#445=ORIENTED_EDGE('',*,*,#887,.T.);
#446=ORIENTED_EDGE('',*,*,#888,.T.);
#447=ORIENTED_EDGE('',*,*,#889,.T.);
#448=ORIENTED_EDGE('',*,*,#890,.T.);
#449=ORIENTED_EDGE('',*,*,#891,.F.);
#450=ORIENTED_EDGE('',*,*,#892,.F.);
#451=ORIENTED_EDGE('',*,*,#893,.T.);
#452=ORIENTED_EDGE('',*,*,#880,.F.);
#453=ORIENTED_EDGE('',*,*,#894,.T.);
#454=ORIENTED_EDGE('',*,*,#884,.T.);
#455=ORIENTED_EDGE('',*,*,#895,.T.);
#456=ORIENTED_EDGE('',*,*,#896,.T.);
#457=ORIENTED_EDGE('',*,*,#897,.T.);
#458=ORIENTED_EDGE('',*,*,#898,.F.);
#459=ORIENTED_EDGE('',*,*,#899,.F.);
#460=ORIENTED_EDGE('',*,*,#900,.T.);
#461=ORIENTED_EDGE('',*,*,#901,.F.);
#462=ORIENTED_EDGE('',*,*,#882,.T.);
#463=ORIENTED_EDGE('',*,*,#902,.T.);
#464=ORIENTED_EDGE('',*,*,#903,.T.);
#465=ORIENTED_EDGE('',*,*,#904,.T.);
#466=ORIENTED_EDGE('',*,*,#905,.T.);
#467=ORIENTED_EDGE('',*,*,#906,.T.);
#468=ORIENTED_EDGE('',*,*,#886,.F.);
#469=ORIENTED_EDGE('',*,*,#907,.T.);
#470=ORIENTED_EDGE('',*,*,#903,.F.);
#471=ORIENTED_EDGE('',*,*,#908,.T.);
#472=ORIENTED_EDGE('',*,*,#892,.T.);
#473=ORIENTED_EDGE('',*,*,#909,.T.);
#474=ORIENTED_EDGE('',*,*,#910,.F.);
#475=ORIENTED_EDGE('',*,*,#911,.T.);
#476=ORIENTED_EDGE('',*,*,#912,.F.);
#477=ORIENTED_EDGE('',*,*,#913,.F.);
#478=ORIENTED_EDGE('',*,*,#914,.T.);
#479=ORIENTED_EDGE('',*,*,#915,.T.);
#480=ORIENTED_EDGE('',*,*,#910,.T.);
#481=ORIENTED_EDGE('',*,*,#916,.F.);
#482=ORIENTED_EDGE('',*,*,#917,.F.);
#483=ORIENTED_EDGE('',*,*,#918,.F.);
#484=ORIENTED_EDGE('',*,*,#919,.F.);
#485=ORIENTED_EDGE('',*,*,#920,.T.);
#486=ORIENTED_EDGE('',*,*,#917,.T.);
#487=ORIENTED_EDGE('',*,*,#921,.T.);
#488=ORIENTED_EDGE('',*,*,#922,.F.);
#489=ORIENTED_EDGE('',*,*,#923,.F.);
#490=ORIENTED_EDGE('',*,*,#919,.T.);
#491=ORIENTED_EDGE('',*,*,#924,.F.);
#492=ORIENTED_EDGE('',*,*,#925,.F.);
#493=ORIENTED_EDGE('',*,*,#926,.T.);
#494=ORIENTED_EDGE('',*,*,#922,.T.);
#495=ORIENTED_EDGE('',*,*,#927,.T.);
#496=ORIENTED_EDGE('',*,*,#928,.F.);
#497=ORIENTED_EDGE('',*,*,#929,.F.);
#498=ORIENTED_EDGE('',*,*,#925,.T.);
#499=ORIENTED_EDGE('',*,*,#930,.T.);
#500=ORIENTED_EDGE('',*,*,#931,.F.);
#501=ORIENTED_EDGE('',*,*,#932,.F.);
#502=ORIENTED_EDGE('',*,*,#928,.T.);
#503=ORIENTED_EDGE('',*,*,#933,.T.);
#504=ORIENTED_EDGE('',*,*,#934,.F.);
#505=ORIENTED_EDGE('',*,*,#935,.F.);
#506=ORIENTED_EDGE('',*,*,#931,.T.);
#507=ORIENTED_EDGE('',*,*,#936,.F.);
#508=ORIENTED_EDGE('',*,*,#937,.F.);
#509=ORIENTED_EDGE('',*,*,#938,.T.);
#510=ORIENTED_EDGE('',*,*,#934,.T.);
#511=ORIENTED_EDGE('',*,*,#939,.T.);
#512=ORIENTED_EDGE('',*,*,#940,.F.);
#513=ORIENTED_EDGE('',*,*,#941,.F.);
#514=ORIENTED_EDGE('',*,*,#937,.T.);
#515=ORIENTED_EDGE('',*,*,#942,.T.);
#516=ORIENTED_EDGE('',*,*,#943,.F.);
#517=ORIENTED_EDGE('',*,*,#944,.F.);
#518=ORIENTED_EDGE('',*,*,#940,.T.);
#519=ORIENTED_EDGE('',*,*,#945,.T.);
#520=ORIENTED_EDGE('',*,*,#946,.T.);
#521=ORIENTED_EDGE('',*,*,#947,.F.);
#522=ORIENTED_EDGE('',*,*,#943,.T.);
#523=ORIENTED_EDGE('',*,*,#948,.F.);
#524=ORIENTED_EDGE('',*,*,#949,.T.);
#525=ORIENTED_EDGE('',*,*,#950,.T.);
#526=ORIENTED_EDGE('',*,*,#951,.T.);
#527=ORIENTED_EDGE('',*,*,#952,.T.);
#528=ORIENTED_EDGE('',*,*,#953,.T.);
#529=ORIENTED_EDGE('',*,*,#954,.F.);
#530=ORIENTED_EDGE('',*,*,#955,.F.);
#531=ORIENTED_EDGE('',*,*,#956,.F.);
#532=ORIENTED_EDGE('',*,*,#957,.F.);
#533=ORIENTED_EDGE('',*,*,#958,.T.);
#534=ORIENTED_EDGE('',*,*,#955,.T.);
#535=ORIENTED_EDGE('',*,*,#959,.F.);
#536=ORIENTED_EDGE('',*,*,#960,.F.);
#537=ORIENTED_EDGE('',*,*,#961,.T.);
#538=ORIENTED_EDGE('',*,*,#957,.T.);
#539=ORIENTED_EDGE('',*,*,#962,.T.);
#540=ORIENTED_EDGE('',*,*,#963,.F.);
#541=ORIENTED_EDGE('',*,*,#964,.F.);
#542=ORIENTED_EDGE('',*,*,#960,.T.);
#543=ORIENTED_EDGE('',*,*,#965,.F.);
#544=ORIENTED_EDGE('',*,*,#966,.F.);
#545=ORIENTED_EDGE('',*,*,#967,.T.);
#546=ORIENTED_EDGE('',*,*,#963,.T.);
#547=ORIENTED_EDGE('',*,*,#968,.F.);
#548=ORIENTED_EDGE('',*,*,#969,.F.);
#549=ORIENTED_EDGE('',*,*,#970,.T.);
#550=ORIENTED_EDGE('',*,*,#966,.T.);
#551=ORIENTED_EDGE('',*,*,#971,.F.);
#552=ORIENTED_EDGE('',*,*,#972,.F.);
#553=ORIENTED_EDGE('',*,*,#973,.T.);
#554=ORIENTED_EDGE('',*,*,#969,.T.);
#555=ORIENTED_EDGE('',*,*,#974,.T.);
#556=ORIENTED_EDGE('',*,*,#975,.F.);
#557=ORIENTED_EDGE('',*,*,#976,.F.);
#558=ORIENTED_EDGE('',*,*,#972,.T.);
#559=ORIENTED_EDGE('',*,*,#977,.F.);
#560=ORIENTED_EDGE('',*,*,#978,.F.);
#561=ORIENTED_EDGE('',*,*,#979,.T.);
#562=ORIENTED_EDGE('',*,*,#975,.T.);
#563=ORIENTED_EDGE('',*,*,#980,.T.);
#564=ORIENTED_EDGE('',*,*,#981,.F.);
#565=ORIENTED_EDGE('',*,*,#982,.F.);
#566=ORIENTED_EDGE('',*,*,#978,.T.);
#567=ORIENTED_EDGE('',*,*,#983,.F.);
#568=ORIENTED_EDGE('',*,*,#984,.T.);
#569=ORIENTED_EDGE('',*,*,#985,.F.);
#570=ORIENTED_EDGE('',*,*,#981,.T.);
#571=ORIENTED_EDGE('',*,*,#986,.T.);
#572=ORIENTED_EDGE('',*,*,#987,.T.);
#573=ORIENTED_EDGE('',*,*,#988,.T.);
#574=ORIENTED_EDGE('',*,*,#983,.T.);
#575=ORIENTED_EDGE('',*,*,#989,.T.);
#576=ORIENTED_EDGE('',*,*,#990,.F.);
#577=ORIENTED_EDGE('',*,*,#991,.F.);
#578=ORIENTED_EDGE('',*,*,#950,.F.);
#579=ORIENTED_EDGE('',*,*,#992,.T.);
#580=ORIENTED_EDGE('',*,*,#952,.F.);
#581=ORIENTED_EDGE('',*,*,#958,.F.);
#582=ORIENTED_EDGE('',*,*,#961,.F.);
#583=ORIENTED_EDGE('',*,*,#964,.T.);
#584=ORIENTED_EDGE('',*,*,#967,.F.);
#585=ORIENTED_EDGE('',*,*,#970,.F.);
#586=ORIENTED_EDGE('',*,*,#973,.F.);
#587=ORIENTED_EDGE('',*,*,#976,.T.);
#588=ORIENTED_EDGE('',*,*,#979,.F.);
#589=ORIENTED_EDGE('',*,*,#982,.T.);
#590=ORIENTED_EDGE('',*,*,#985,.T.);
#591=ORIENTED_EDGE('',*,*,#993,.T.);
#592=ORIENTED_EDGE('',*,*,#896,.F.);
#593=ORIENTED_EDGE('',*,*,#994,.T.);
#594=ORIENTED_EDGE('',*,*,#914,.F.);
#595=ORIENTED_EDGE('',*,*,#920,.F.);
#596=ORIENTED_EDGE('',*,*,#923,.T.);
#597=ORIENTED_EDGE('',*,*,#926,.F.);
#598=ORIENTED_EDGE('',*,*,#929,.T.);
#599=ORIENTED_EDGE('',*,*,#932,.T.);
#600=ORIENTED_EDGE('',*,*,#935,.T.);
#601=ORIENTED_EDGE('',*,*,#938,.F.);
#602=ORIENTED_EDGE('',*,*,#941,.T.);
#603=ORIENTED_EDGE('',*,*,#944,.T.);
#604=ORIENTED_EDGE('',*,*,#947,.T.);
#605=ORIENTED_EDGE('',*,*,#995,.T.);
#606=ORIENTED_EDGE('',*,*,#954,.T.);
#607=ORIENTED_EDGE('',*,*,#996,.T.);
#608=ORIENTED_EDGE('',*,*,#948,.T.);
#609=ORIENTED_EDGE('',*,*,#997,.T.);
#610=ORIENTED_EDGE('',*,*,#945,.F.);
#611=ORIENTED_EDGE('',*,*,#942,.F.);
#612=ORIENTED_EDGE('',*,*,#939,.F.);
#613=ORIENTED_EDGE('',*,*,#936,.T.);
#614=ORIENTED_EDGE('',*,*,#933,.F.);
#615=ORIENTED_EDGE('',*,*,#930,.F.);
#616=ORIENTED_EDGE('',*,*,#927,.F.);
#617=ORIENTED_EDGE('',*,*,#924,.T.);
#618=ORIENTED_EDGE('',*,*,#921,.F.);
#619=ORIENTED_EDGE('',*,*,#918,.T.);
#620=ORIENTED_EDGE('',*,*,#916,.T.);
#621=ORIENTED_EDGE('',*,*,#913,.T.);
#622=ORIENTED_EDGE('',*,*,#998,.F.);
#623=ORIENTED_EDGE('',*,*,#999,.T.);
#624=ORIENTED_EDGE('',*,*,#905,.F.);
#625=ORIENTED_EDGE('',*,*,#1000,.T.);
#626=ORIENTED_EDGE('',*,*,#1001,.F.);
#627=ORIENTED_EDGE('',*,*,#989,.F.);
#628=ORIENTED_EDGE('',*,*,#986,.F.);
#629=ORIENTED_EDGE('',*,*,#980,.F.);
#630=ORIENTED_EDGE('',*,*,#977,.T.);
#631=ORIENTED_EDGE('',*,*,#974,.F.);
#632=ORIENTED_EDGE('',*,*,#971,.T.);
#633=ORIENTED_EDGE('',*,*,#968,.T.);
#634=ORIENTED_EDGE('',*,*,#965,.T.);
#635=ORIENTED_EDGE('',*,*,#962,.F.);
#636=ORIENTED_EDGE('',*,*,#959,.T.);
#637=ORIENTED_EDGE('',*,*,#956,.T.);
#638=ORIENTED_EDGE('',*,*,#1002,.T.);
#639=ORIENTED_EDGE('',*,*,#1003,.T.);
#640=ORIENTED_EDGE('',*,*,#1001,.T.);
#641=ORIENTED_EDGE('',*,*,#1004,.T.);
#642=ORIENTED_EDGE('',*,*,#987,.F.);
#643=ORIENTED_EDGE('',*,*,#912,.T.);
#644=ORIENTED_EDGE('',*,*,#1005,.T.);
#645=ORIENTED_EDGE('',*,*,#998,.T.);
#646=ORIENTED_EDGE('',*,*,#1003,.F.);
#647=ORIENTED_EDGE('',*,*,#991,.T.);
#648=ORIENTED_EDGE('',*,*,#1002,.F.);
#649=ORIENTED_EDGE('',*,*,#990,.T.);
#650=ORIENTED_EDGE('',*,*,#1006,.T.);
#651=ORIENTED_EDGE('',*,*,#899,.T.);
#652=ORIENTED_EDGE('',*,*,#1007,.F.);
#653=ORIENTED_EDGE('',*,*,#888,.F.);
#654=ORIENTED_EDGE('',*,*,#891,.T.);
#655=ORIENTED_EDGE('',*,*,#1008,.T.);
#656=ORIENTED_EDGE('',*,*,#900,.F.);
#657=ORIENTED_EDGE('',*,*,#1006,.F.);
#658=ORIENTED_EDGE('',*,*,#1007,.T.);
#659=ORIENTED_EDGE('',*,*,#898,.T.);
#660=ORIENTED_EDGE('',*,*,#1009,.F.);
#661=ORIENTED_EDGE('',*,*,#889,.F.);
#662=ORIENTED_EDGE('',*,*,#1009,.T.);
#663=ORIENTED_EDGE('',*,*,#901,.T.);
#664=ORIENTED_EDGE('',*,*,#1008,.F.);
#665=ORIENTED_EDGE('',*,*,#890,.F.);
#666=ORIENTED_EDGE('',*,*,#953,.F.);
#667=ORIENTED_EDGE('',*,*,#992,.F.);
#668=ORIENTED_EDGE('',*,*,#949,.F.);
#669=ORIENTED_EDGE('',*,*,#996,.F.);
#670=ORIENTED_EDGE('',*,*,#893,.F.);
#671=ORIENTED_EDGE('',*,*,#908,.F.);
#672=ORIENTED_EDGE('',*,*,#902,.F.);
#673=ORIENTED_EDGE('',*,*,#881,.F.);
#674=ORIENTED_EDGE('',*,*,#894,.F.);
#675=ORIENTED_EDGE('',*,*,#883,.F.);
#676=ORIENTED_EDGE('',*,*,#907,.F.);
#677=ORIENTED_EDGE('',*,*,#885,.F.);
#678=ORIENTED_EDGE('',*,*,#951,.F.);
#679=ORIENTED_EDGE('',*,*,#995,.F.);
#680=ORIENTED_EDGE('',*,*,#946,.F.);
#681=ORIENTED_EDGE('',*,*,#997,.F.);
#682=ORIENTED_EDGE('',*,*,#895,.F.);
#683=ORIENTED_EDGE('',*,*,#887,.F.);
#684=ORIENTED_EDGE('',*,*,#906,.F.);
#685=ORIENTED_EDGE('',*,*,#999,.F.);
#686=ORIENTED_EDGE('',*,*,#1005,.F.);
#687=ORIENTED_EDGE('',*,*,#911,.F.);
#688=ORIENTED_EDGE('',*,*,#915,.F.);
#689=ORIENTED_EDGE('',*,*,#994,.F.);
#690=ORIENTED_EDGE('',*,*,#897,.F.);
#691=ORIENTED_EDGE('',*,*,#993,.F.);
#692=ORIENTED_EDGE('',*,*,#984,.F.);
#693=ORIENTED_EDGE('',*,*,#988,.F.);
#694=ORIENTED_EDGE('',*,*,#1004,.F.);
#695=ORIENTED_EDGE('',*,*,#1000,.F.);
#696=ORIENTED_EDGE('',*,*,#904,.F.);
#697=ORIENTED_EDGE('',*,*,#909,.F.);
#698=EDGE_CURVE('',#1010,#1011,#1219,.T.);
#699=EDGE_CURVE('',#1011,#1012,#1220,.T.);
#700=EDGE_CURVE('',#1013,#1012,#1221,.T.);
#701=EDGE_CURVE('',#1013,#1010,#1222,.T.);
#702=EDGE_CURVE('',#1014,#1015,#1223,.T.);
#703=EDGE_CURVE('',#1014,#1016,#1224,.T.);
#704=EDGE_CURVE('',#1017,#1016,#1225,.T.);
#705=EDGE_CURVE('',#1015,#1017,#1226,.T.);
#706=EDGE_CURVE('',#1018,#1019,#1227,.T.);
#707=EDGE_CURVE('',#1019,#1020,#1228,.T.);
#708=EDGE_CURVE('',#1020,#1021,#1229,.T.);
#709=EDGE_CURVE('',#1021,#1018,#1230,.T.);
#710=EDGE_CURVE('',#1022,#1023,#1231,.T.);
#711=EDGE_CURVE('',#1023,#1024,#1232,.T.);
#712=EDGE_CURVE('',#1024,#1025,#1233,.T.);
#713=EDGE_CURVE('',#1025,#1022,#1234,.T.);
#714=EDGE_CURVE('',#1026,#1027,#1235,.T.);
#715=EDGE_CURVE('',#1026,#1028,#1236,.T.);
#716=EDGE_CURVE('',#1029,#1028,#1237,.T.);
#717=EDGE_CURVE('',#1030,#1029,#1238,.T.);
#718=EDGE_CURVE('',#1031,#1030,#1239,.T.);
#719=EDGE_CURVE('',#1031,#1032,#1240,.T.);
#720=EDGE_CURVE('',#1033,#1032,#1241,.T.);
#721=EDGE_CURVE('',#1034,#1033,#1242,.T.);
#722=EDGE_CURVE('',#1035,#1034,#1243,.T.);
#723=EDGE_CURVE('',#1036,#1035,#1244,.T.);
#724=EDGE_CURVE('',#1036,#1037,#1245,.T.);
#725=EDGE_CURVE('',#1038,#1037,#1246,.T.);
#726=EDGE_CURVE('',#1038,#1039,#1247,.T.);
#727=EDGE_CURVE('',#1039,#1040,#1248,.T.);
#728=EDGE_CURVE('',#1040,#1041,#1249,.T.);
#729=EDGE_CURVE('',#1042,#1041,#1250,.T.);
#730=EDGE_CURVE('',#1042,#1043,#1251,.T.);
#731=EDGE_CURVE('',#1043,#1044,#1252,.T.);
#732=EDGE_CURVE('',#1044,#1045,#1253,.T.);
#733=EDGE_CURVE('',#1045,#1027,#1254,.F.);
#734=EDGE_CURVE('',#1046,#1047,#1255,.T.);
#735=EDGE_CURVE('',#1046,#1048,#1256,.T.);
#736=EDGE_CURVE('',#1049,#1048,#1257,.T.);
#737=EDGE_CURVE('',#1047,#1049,#1258,.T.);
#738=EDGE_CURVE('',#1050,#1051,#1259,.T.);
#739=EDGE_CURVE('',#1050,#1052,#1260,.T.);
#740=EDGE_CURVE('',#1053,#1052,#1261,.T.);
#741=EDGE_CURVE('',#1054,#1053,#1262,.T.);
#742=EDGE_CURVE('',#1054,#1055,#1263,.T.);
#743=EDGE_CURVE('',#1055,#1051,#1264,.T.);
#744=EDGE_CURVE('',#1056,#1057,#1265,.T.);
#745=EDGE_CURVE('',#1056,#1058,#1266,.T.);
#746=EDGE_CURVE('',#1059,#1058,#1267,.T.);
#747=EDGE_CURVE('',#1057,#1059,#1268,.T.);
#748=EDGE_CURVE('',#1060,#1061,#1269,.T.);
#749=EDGE_CURVE('',#1060,#1062,#1270,.T.);
#750=EDGE_CURVE('',#1062,#1063,#1271,.T.);
#751=EDGE_CURVE('',#1061,#1063,#1272,.T.);
#752=EDGE_CURVE('',#1064,#1065,#1273,.T.);
#753=EDGE_CURVE('',#1064,#1066,#1274,.T.);
#754=EDGE_CURVE('',#1066,#1067,#1275,.T.);
#755=EDGE_CURVE('',#1067,#1065,#1276,.T.);
#756=EDGE_CURVE('',#1068,#1069,#1277,.T.);
#757=EDGE_CURVE('',#1069,#1070,#1278,.T.);
#758=EDGE_CURVE('',#1070,#1071,#1279,.T.);
#759=EDGE_CURVE('',#1071,#1068,#1280,.T.);
#760=EDGE_CURVE('',#1052,#1072,#28,.T.);
#761=EDGE_CURVE('',#1072,#1073,#1281,.T.);
#762=EDGE_CURVE('',#1073,#1074,#29,.T.);
#763=EDGE_CURVE('',#1075,#1074,#1282,.T.);
#764=EDGE_CURVE('',#1075,#1076,#30,.T.);
#765=EDGE_CURVE('',#1077,#1076,#1283,.T.);
#766=EDGE_CURVE('',#1077,#1078,#31,.T.);
#767=EDGE_CURVE('',#1078,#1079,#1284,.T.);
#768=EDGE_CURVE('',#1079,#1071,#1285,.T.);
#769=EDGE_CURVE('',#1070,#1080,#1286,.T.);
#770=EDGE_CURVE('',#1081,#1080,#1287,.T.);
#771=EDGE_CURVE('',#1082,#1081,#1288,.T.);
#772=EDGE_CURVE('',#1067,#1082,#1289,.T.);
#773=EDGE_CURVE('',#1066,#1083,#1290,.T.);
#774=EDGE_CURVE('',#1083,#1084,#1291,.T.);
#775=EDGE_CURVE('',#1084,#1085,#1292,.T.);
#776=EDGE_CURVE('',#1086,#1085,#1293,.T.);
#777=EDGE_CURVE('',#1087,#1086,#1294,.T.);
#778=EDGE_CURVE('',#1053,#1087,#1295,.T.);
#779=EDGE_CURVE('',#1088,#1089,#1296,.T.);
#780=EDGE_CURVE('',#1089,#1090,#32,.T.);
#781=EDGE_CURVE('',#1090,#1033,#1297,.T.);
#782=EDGE_CURVE('',#1032,#1091,#1298,.T.);
#783=EDGE_CURVE('',#1091,#1092,#1299,.T.);
#784=EDGE_CURVE('',#1092,#1069,#1300,.T.);
#785=EDGE_CURVE('',#1088,#1068,#1301,.T.);
#786=EDGE_CURVE('',#1065,#1062,#1302,.T.);
#787=EDGE_CURVE('',#1093,#1082,#1303,.T.);
#788=EDGE_CURVE('',#1093,#1063,#1304,.T.);
#789=EDGE_CURVE('',#1079,#1088,#1305,.T.);
#790=EDGE_CURVE('',#1094,#1095,#1306,.T.);
#791=EDGE_CURVE('',#1095,#1077,#1307,.F.);
#792=EDGE_CURVE('',#1076,#1094,#1308,.T.);
#793=EDGE_CURVE('',#1078,#1089,#1309,.F.);
#794=EDGE_CURVE('',#1096,#1097,#1310,.T.);
#795=EDGE_CURVE('',#1096,#1075,#1311,.F.);
#796=EDGE_CURVE('',#1074,#1097,#1312,.T.);
#797=EDGE_CURVE('',#1072,#1098,#1313,.F.);
#798=EDGE_CURVE('',#1099,#1098,#1314,.T.);
#799=EDGE_CURVE('',#1099,#1073,#1315,.F.);
#800=EDGE_CURVE('',#1100,#1081,#1316,.T.);
#801=EDGE_CURVE('',#1093,#1100,#1317,.T.);
#802=EDGE_CURVE('',#1031,#1101,#1318,.T.);
#803=EDGE_CURVE('',#1101,#1091,#1319,.T.);
#804=EDGE_CURVE('',#1061,#1102,#1320,.T.);
#805=EDGE_CURVE('',#1100,#1102,#1321,.T.);
#806=EDGE_CURVE('',#1103,#1087,#1322,.T.);
#807=EDGE_CURVE('',#1030,#1103,#1323,.T.);
#808=EDGE_CURVE('',#1018,#1029,#1324,.T.);
#809=EDGE_CURVE('',#1021,#1047,#1325,.T.);
#810=EDGE_CURVE('',#1022,#1049,#1326,.T.);
#811=EDGE_CURVE('',#1025,#1057,#1327,.T.);
#812=EDGE_CURVE('',#1104,#1059,#1328,.T.);
#813=EDGE_CURVE('',#1104,#1105,#1329,.T.);
#814=EDGE_CURVE('',#1105,#1054,#1330,.T.);
#815=EDGE_CURVE('',#1106,#1102,#1331,.T.);
#816=EDGE_CURVE('',#1106,#1060,#1332,.T.);
#817=EDGE_CURVE('',#1107,#1101,#1333,.T.);
#818=EDGE_CURVE('',#1107,#1092,#1334,.T.);
#819=EDGE_CURVE('',#1108,#1107,#1335,.T.);
#820=EDGE_CURVE('',#1108,#1080,#1336,.T.);
#821=EDGE_CURVE('',#1108,#1109,#1337,.T.);
#822=EDGE_CURVE('',#1109,#1100,#1338,.T.);
#823=EDGE_CURVE('',#1109,#1106,#1339,.T.);
#824=EDGE_CURVE('',#1110,#1084,#1340,.T.);
#825=EDGE_CURVE('',#1111,#1083,#1341,.T.);
#826=EDGE_CURVE('',#1110,#1111,#1342,.T.);
#827=EDGE_CURVE('',#1112,#1085,#1343,.T.);
#828=EDGE_CURVE('',#1112,#1110,#1344,.T.);
#829=EDGE_CURVE('',#1111,#1064,#1345,.T.);
#830=EDGE_CURVE('',#1112,#1113,#1346,.T.);
#831=EDGE_CURVE('',#1113,#1086,#1347,.T.);
#832=EDGE_CURVE('',#1113,#1103,#1348,.T.);
#833=EDGE_CURVE('',#1098,#1026,#33,.F.);
#834=EDGE_CURVE('',#1027,#1095,#34,.F.);
#835=EDGE_CURVE('',#1094,#1096,#35,.F.);
#836=EDGE_CURVE('',#1097,#1099,#36,.F.);
#837=EDGE_CURVE('',#1090,#1114,#1349,.F.);
#838=EDGE_CURVE('',#1114,#1034,#1350,.T.);
#839=EDGE_CURVE('',#1115,#1116,#1351,.T.);
#840=EDGE_CURVE('',#1116,#1045,#37,.T.);
#841=EDGE_CURVE('',#1115,#1044,#1352,.T.);
#842=EDGE_CURVE('',#1117,#1043,#1353,.T.);
#843=EDGE_CURVE('',#1117,#1115,#1354,.T.);
#844=EDGE_CURVE('',#1118,#1042,#1355,.T.);
#845=EDGE_CURVE('',#1118,#1119,#38,.T.);
#846=EDGE_CURVE('',#1119,#1117,#1356,.T.);
#847=EDGE_CURVE('',#1120,#1041,#1357,.T.);
#848=EDGE_CURVE('',#1120,#1118,#1358,.F.);
#849=EDGE_CURVE('',#1016,#1120,#39,.T.);
#850=EDGE_CURVE('',#1017,#1040,#1359,.T.);
#851=EDGE_CURVE('',#1015,#1039,#1360,.T.);
#852=EDGE_CURVE('',#1121,#1038,#1361,.T.);
#853=EDGE_CURVE('',#1121,#1014,#40,.T.);
#854=EDGE_CURVE('',#1122,#1037,#1362,.T.);
#855=EDGE_CURVE('',#1122,#1121,#1363,.F.);
#856=EDGE_CURVE('',#1012,#1122,#41,.T.);
#857=EDGE_CURVE('',#1013,#1036,#1364,.T.);
#858=EDGE_CURVE('',#1010,#1035,#1365,.T.);
#859=EDGE_CURVE('',#1114,#1011,#42,.F.);
#860=EDGE_CURVE('',#1119,#1116,#1366,.T.);
#861=EDGE_CURVE('',#1028,#1019,#43,.F.);
#862=EDGE_CURVE('',#1123,#1051,#1367,.T.);
#863=EDGE_CURVE('',#1123,#1050,#44,.F.);
#864=EDGE_CURVE('',#1124,#1055,#1368,.T.);
#865=EDGE_CURVE('',#1124,#1123,#1369,.T.);
#866=EDGE_CURVE('',#1105,#1125,#1370,.T.);
#867=EDGE_CURVE('',#1125,#1124,#45,.T.);
#868=EDGE_CURVE('',#1126,#1058,#1371,.T.);
#869=EDGE_CURVE('',#1126,#1127,#46,.F.);
#870=EDGE_CURVE('',#1104,#1127,#1372,.T.);
#871=EDGE_CURVE('',#1128,#1056,#1373,.T.);
#872=EDGE_CURVE('',#1128,#1126,#1374,.T.);
#873=EDGE_CURVE('',#1024,#1128,#47,.F.);
#874=EDGE_CURVE('',#1129,#1048,#1375,.T.);
#875=EDGE_CURVE('',#1129,#1023,#48,.F.);
#876=EDGE_CURVE('',#1130,#1046,#1376,.T.);
#877=EDGE_CURVE('',#1130,#1129,#1377,.T.);
#878=EDGE_CURVE('',#1020,#1130,#49,.F.);
#879=EDGE_CURVE('',#1127,#1125,#1378,.T.);
#880=EDGE_CURVE('',#1131,#1132,#1379,.T.);
#881=EDGE_CURVE('',#1132,#1133,#1380,.T.);
#882=EDGE_CURVE('',#1134,#1133,#1381,.T.);
#883=EDGE_CURVE('',#1134,#1131,#1382,.F.);
#884=EDGE_CURVE('',#1135,#1136,#1383,.T.);
#885=EDGE_CURVE('',#1135,#1137,#1384,.T.);
#886=EDGE_CURVE('',#1137,#1138,#1385,.T.);
#887=EDGE_CURVE('',#1138,#1136,#1386,.F.);
#888=EDGE_CURVE('',#1139,#1140,#50,.F.);
#889=EDGE_CURVE('',#1140,#1141,#1387,.T.);
#890=EDGE_CURVE('',#1141,#1142,#51,.F.);
#891=EDGE_CURVE('',#1139,#1142,#1388,.T.);
#892=EDGE_CURVE('',#1143,#1144,#1389,.T.);
#893=EDGE_CURVE('',#1143,#1132,#52,.T.);
#894=EDGE_CURVE('',#1131,#1135,#53,.T.);
#895=EDGE_CURVE('',#1136,#1145,#54,.T.);
#896=EDGE_CURVE('',#1145,#1146,#1390,.T.);
#897=EDGE_CURVE('',#1146,#1144,#55,.T.);
#898=EDGE_CURVE('',#1147,#1148,#1391,.T.);
#899=EDGE_CURVE('',#1149,#1147,#56,.T.);
#900=EDGE_CURVE('',#1149,#1150,#1392,.T.);
#901=EDGE_CURVE('',#1148,#1150,#57,.T.);
#902=EDGE_CURVE('',#1133,#1151,#58,.F.);
#903=EDGE_CURVE('',#1151,#1152,#1393,.T.);
#904=EDGE_CURVE('',#1152,#1153,#59,.F.);
#905=EDGE_CURVE('',#1153,#1154,#1394,.T.);
#906=EDGE_CURVE('',#1154,#1138,#60,.F.);
#907=EDGE_CURVE('',#1137,#1134,#61,.F.);
#908=EDGE_CURVE('',#1151,#1143,#1395,.F.);
#909=EDGE_CURVE('',#1144,#1152,#1396,.T.);
#910=EDGE_CURVE('',#1155,#1156,#1397,.T.);
#911=EDGE_CURVE('',#1155,#1157,#1398,.T.);
#912=EDGE_CURVE('',#1158,#1157,#1399,.T.);
#913=EDGE_CURVE('',#1156,#1158,#1400,.T.);
#914=EDGE_CURVE('',#1159,#1160,#1401,.T.);
#915=EDGE_CURVE('',#1160,#1155,#62,.T.);
#916=EDGE_CURVE('',#1161,#1156,#1402,.T.);
#917=EDGE_CURVE('',#1159,#1161,#1403,.T.);
#918=EDGE_CURVE('',#1162,#1161,#1404,.T.);
#919=EDGE_CURVE('',#1163,#1162,#1405,.T.);
#920=EDGE_CURVE('',#1163,#1159,#1406,.T.);
#921=EDGE_CURVE('',#1162,#1164,#1407,.T.);
#922=EDGE_CURVE('',#1165,#1164,#1408,.T.);
#923=EDGE_CURVE('',#1163,#1165,#1409,.T.);
#924=EDGE_CURVE('',#1166,#1164,#1410,.T.);
#925=EDGE_CURVE('',#1167,#1166,#1411,.T.);
#926=EDGE_CURVE('',#1167,#1165,#1412,.T.);
#927=EDGE_CURVE('',#1166,#1168,#1413,.T.);
#928=EDGE_CURVE('',#1169,#1168,#1414,.T.);
#929=EDGE_CURVE('',#1167,#1169,#1415,.T.);
#930=EDGE_CURVE('',#1168,#1170,#1416,.T.);
#931=EDGE_CURVE('',#1171,#1170,#1417,.T.);
#932=EDGE_CURVE('',#1169,#1171,#1418,.T.);
#933=EDGE_CURVE('',#1170,#1172,#1419,.T.);
#934=EDGE_CURVE('',#1173,#1172,#1420,.T.);
#935=EDGE_CURVE('',#1171,#1173,#1421,.T.);
#936=EDGE_CURVE('',#1174,#1172,#1422,.T.);
#937=EDGE_CURVE('',#1175,#1174,#1423,.T.);
#938=EDGE_CURVE('',#1175,#1173,#1424,.T.);
#939=EDGE_CURVE('',#1174,#1176,#1425,.T.);
#940=EDGE_CURVE('',#1177,#1176,#1426,.T.);
#941=EDGE_CURVE('',#1175,#1177,#1427,.T.);
#942=EDGE_CURVE('',#1176,#1178,#1428,.T.);
#943=EDGE_CURVE('',#1179,#1178,#1429,.T.);
#944=EDGE_CURVE('',#1177,#1179,#1430,.T.);
#945=EDGE_CURVE('',#1178,#1180,#1431,.T.);
#946=EDGE_CURVE('',#1180,#1181,#63,.F.);
#947=EDGE_CURVE('',#1179,#1181,#1432,.T.);
#948=EDGE_CURVE('',#1182,#1183,#1433,.T.);
#949=EDGE_CURVE('',#1182,#1184,#64,.T.);
#950=EDGE_CURVE('',#1184,#1185,#1434,.T.);
#951=EDGE_CURVE('',#1185,#1183,#65,.T.);
#952=EDGE_CURVE('',#1186,#1187,#1435,.T.);
#953=EDGE_CURVE('',#1187,#1188,#66,.T.);
#954=EDGE_CURVE('',#1189,#1188,#1436,.T.);
#955=EDGE_CURVE('',#1186,#1189,#1437,.T.);
#956=EDGE_CURVE('',#1190,#1189,#1438,.T.);
#957=EDGE_CURVE('',#1191,#1190,#1439,.T.);
#958=EDGE_CURVE('',#1191,#1186,#1440,.T.);
#959=EDGE_CURVE('',#1192,#1190,#1441,.T.);
#960=EDGE_CURVE('',#1193,#1192,#1442,.T.);
#961=EDGE_CURVE('',#1193,#1191,#1443,.T.);
#962=EDGE_CURVE('',#1192,#1194,#1444,.T.);
#963=EDGE_CURVE('',#1195,#1194,#1445,.T.);
#964=EDGE_CURVE('',#1193,#1195,#1446,.T.);
#965=EDGE_CURVE('',#1196,#1194,#1447,.T.);
#966=EDGE_CURVE('',#1197,#1196,#1448,.T.);
#967=EDGE_CURVE('',#1197,#1195,#1449,.T.);
#968=EDGE_CURVE('',#1198,#1196,#1450,.T.);
#969=EDGE_CURVE('',#1199,#1198,#1451,.T.);
#970=EDGE_CURVE('',#1199,#1197,#1452,.T.);
#971=EDGE_CURVE('',#1200,#1198,#1453,.T.);
#972=EDGE_CURVE('',#1201,#1200,#1454,.T.);
#973=EDGE_CURVE('',#1201,#1199,#1455,.T.);
#974=EDGE_CURVE('',#1200,#1202,#1456,.T.);
#975=EDGE_CURVE('',#1203,#1202,#1457,.T.);
#976=EDGE_CURVE('',#1201,#1203,#1458,.T.);
#977=EDGE_CURVE('',#1204,#1202,#1459,.T.);
#978=EDGE_CURVE('',#1205,#1204,#1460,.T.);
#979=EDGE_CURVE('',#1205,#1203,#1461,.T.);
#980=EDGE_CURVE('',#1204,#1206,#1462,.T.);
#981=EDGE_CURVE('',#1207,#1206,#1463,.T.);
#982=EDGE_CURVE('',#1205,#1207,#1464,.T.);
#983=EDGE_CURVE('',#1208,#1209,#1465,.T.);
#984=EDGE_CURVE('',#1208,#1210,#67,.F.);
#985=EDGE_CURVE('',#1207,#1210,#1466,.T.);
#986=EDGE_CURVE('',#1206,#1209,#1467,.T.);
#987=EDGE_CURVE('',#1211,#1212,#1468,.T.);
#988=EDGE_CURVE('',#1212,#1208,#1469,.T.);
#989=EDGE_CURVE('',#1209,#1211,#1470,.T.);
#990=EDGE_CURVE('',#1213,#1213,#68,.T.);
#991=EDGE_CURVE('',#1214,#1214,#69,.T.);
#992=EDGE_CURVE('',#1184,#1187,#1471,.F.);
#993=EDGE_CURVE('',#1210,#1146,#1472,.F.);
#994=EDGE_CURVE('',#1145,#1160,#1473,.T.);
#995=EDGE_CURVE('',#1181,#1185,#1474,.F.);
#996=EDGE_CURVE('',#1188,#1182,#1475,.T.);
#997=EDGE_CURVE('',#1183,#1180,#1476,.T.);
#998=EDGE_CURVE('',#1215,#1158,#1477,.T.);
#999=EDGE_CURVE('',#1215,#1154,#1478,.T.);
#1000=EDGE_CURVE('',#1153,#1216,#1479,.T.);
#1001=EDGE_CURVE('',#1211,#1216,#1480,.T.);
#1002=EDGE_CURVE('',#1217,#1217,#70,.T.);
#1003=EDGE_CURVE('',#1218,#1218,#71,.T.);
#1004=EDGE_CURVE('',#1216,#1212,#72,.F.);
#1005=EDGE_CURVE('',#1157,#1215,#73,.F.);
#1006=EDGE_CURVE('',#1139,#1149,#1481,.T.);
#1007=EDGE_CURVE('',#1140,#1147,#1482,.T.);
#1008=EDGE_CURVE('',#1142,#1150,#1483,.T.);
#1009=EDGE_CURVE('',#1141,#1148,#1484,.T.);
#1010=VERTEX_POINT('',#2953);
#1011=VERTEX_POINT('',#2954);
#1012=VERTEX_POINT('',#2956);
#1013=VERTEX_POINT('',#2958);
#1014=VERTEX_POINT('',#2962);
#1015=VERTEX_POINT('',#2963);
#1016=VERTEX_POINT('',#2965);
#1017=VERTEX_POINT('',#2967);
#1018=VERTEX_POINT('',#2971);
#1019=VERTEX_POINT('',#2972);
#1020=VERTEX_POINT('',#2974);
#1021=VERTEX_POINT('',#2976);
#1022=VERTEX_POINT('',#2980);
#1023=VERTEX_POINT('',#2981);
#1024=VERTEX_POINT('',#2983);
#1025=VERTEX_POINT('',#2985);
#1026=VERTEX_POINT('',#2989);
#1027=VERTEX_POINT('',#2990);
#1028=VERTEX_POINT('',#2992);
#1029=VERTEX_POINT('',#2994);
#1030=VERTEX_POINT('',#2996);
#1031=VERTEX_POINT('',#2998);
#1032=VERTEX_POINT('',#3000);
#1033=VERTEX_POINT('',#3002);
#1034=VERTEX_POINT('',#3004);
#1035=VERTEX_POINT('',#3006);
#1036=VERTEX_POINT('',#3008);
#1037=VERTEX_POINT('',#3010);
#1038=VERTEX_POINT('',#3012);
#1039=VERTEX_POINT('',#3014);
#1040=VERTEX_POINT('',#3016);
#1041=VERTEX_POINT('',#3018);
#1042=VERTEX_POINT('',#3020);
#1043=VERTEX_POINT('',#3022);
#1044=VERTEX_POINT('',#3024);
#1045=VERTEX_POINT('',#3026);
#1046=VERTEX_POINT('',#3030);
#1047=VERTEX_POINT('',#3031);
#1048=VERTEX_POINT('',#3033);
#1049=VERTEX_POINT('',#3035);
#1050=VERTEX_POINT('',#3039);
#1051=VERTEX_POINT('',#3040);
#1052=VERTEX_POINT('',#3042);
#1053=VERTEX_POINT('',#3044);
#1054=VERTEX_POINT('',#3046);
#1055=VERTEX_POINT('',#3048);
#1056=VERTEX_POINT('',#3052);
#1057=VERTEX_POINT('',#3053);
#1058=VERTEX_POINT('',#3055);
#1059=VERTEX_POINT('',#3057);
#1060=VERTEX_POINT('',#3061);
#1061=VERTEX_POINT('',#3062);
#1062=VERTEX_POINT('',#3064);
#1063=VERTEX_POINT('',#3066);
#1064=VERTEX_POINT('',#3070);
#1065=VERTEX_POINT('',#3071);
#1066=VERTEX_POINT('',#3073);
#1067=VERTEX_POINT('',#3075);
#1068=VERTEX_POINT('',#3079);
#1069=VERTEX_POINT('',#3080);
#1070=VERTEX_POINT('',#3082);
#1071=VERTEX_POINT('',#3084);
#1072=VERTEX_POINT('',#3088);
#1073=VERTEX_POINT('',#3090);
#1074=VERTEX_POINT('',#3092);
#1075=VERTEX_POINT('',#3094);
#1076=VERTEX_POINT('',#3096);
#1077=VERTEX_POINT('',#3098);
#1078=VERTEX_POINT('',#3100);
#1079=VERTEX_POINT('',#3102);
#1080=VERTEX_POINT('',#3105);
#1081=VERTEX_POINT('',#3107);
#1082=VERTEX_POINT('',#3109);
#1083=VERTEX_POINT('',#3112);
#1084=VERTEX_POINT('',#3114);
#1085=VERTEX_POINT('',#3116);
#1086=VERTEX_POINT('',#3118);
#1087=VERTEX_POINT('',#3120);
#1088=VERTEX_POINT('',#3124);
#1089=VERTEX_POINT('',#3125);
#1090=VERTEX_POINT('',#3127);
#1091=VERTEX_POINT('',#3130);
#1092=VERTEX_POINT('',#3132);
#1093=VERTEX_POINT('',#3138);
#1094=VERTEX_POINT('',#3144);
#1095=VERTEX_POINT('',#3145);
#1096=VERTEX_POINT('',#3152);
#1097=VERTEX_POINT('',#3153);
#1098=VERTEX_POINT('',#3158);
#1099=VERTEX_POINT('',#3160);
#1100=VERTEX_POINT('',#3164);
#1101=VERTEX_POINT('',#3168);
#1102=VERTEX_POINT('',#3172);
#1103=VERTEX_POINT('',#3176);
#1104=VERTEX_POINT('',#3183);
#1105=VERTEX_POINT('',#3185);
#1106=VERTEX_POINT('',#3189);
#1107=VERTEX_POINT('',#3193);
#1108=VERTEX_POINT('',#3197);
#1109=VERTEX_POINT('',#3201);
#1110=VERTEX_POINT('',#3207);
#1111=VERTEX_POINT('',#3209);
#1112=VERTEX_POINT('',#3213);
#1113=VERTEX_POINT('',#3219);
#1114=VERTEX_POINT('',#3231);
#1115=VERTEX_POINT('',#3235);
#1116=VERTEX_POINT('',#3236);
#1117=VERTEX_POINT('',#3241);
#1118=VERTEX_POINT('',#3245);
#1119=VERTEX_POINT('',#3247);
#1120=VERTEX_POINT('',#3251);
#1121=VERTEX_POINT('',#3260);
#1122=VERTEX_POINT('',#3264);
#1123=VERTEX_POINT('',#3279);
#1124=VERTEX_POINT('',#3283);
#1125=VERTEX_POINT('',#3287);
#1126=VERTEX_POINT('',#3291);
#1127=VERTEX_POINT('',#3293);
#1128=VERTEX_POINT('',#3297);
#1129=VERTEX_POINT('',#3303);
#1130=VERTEX_POINT('',#3307);
#1131=VERTEX_POINT('',#3320);
#1132=VERTEX_POINT('',#3321);
#1133=VERTEX_POINT('',#3323);
#1134=VERTEX_POINT('',#3325);
#1135=VERTEX_POINT('',#3329);
#1136=VERTEX_POINT('',#3330);
#1137=VERTEX_POINT('',#3332);
#1138=VERTEX_POINT('',#3334);
#1139=VERTEX_POINT('',#3338);
#1140=VERTEX_POINT('',#3339);
#1141=VERTEX_POINT('',#3341);
#1142=VERTEX_POINT('',#3343);
#1143=VERTEX_POINT('',#3346);
#1144=VERTEX_POINT('',#3347);
#1145=VERTEX_POINT('',#3351);
#1146=VERTEX_POINT('',#3353);
#1147=VERTEX_POINT('',#3357);
#1148=VERTEX_POINT('',#3358);
#1149=VERTEX_POINT('',#3360);
#1150=VERTEX_POINT('',#3362);
#1151=VERTEX_POINT('',#3365);
#1152=VERTEX_POINT('',#3367);
#1153=VERTEX_POINT('',#3369);
#1154=VERTEX_POINT('',#3371);
#1155=VERTEX_POINT('',#3379);
#1156=VERTEX_POINT('',#3380);
#1157=VERTEX_POINT('',#3382);
#1158=VERTEX_POINT('',#3384);
#1159=VERTEX_POINT('',#3388);
#1160=VERTEX_POINT('',#3389);
#1161=VERTEX_POINT('',#3392);
#1162=VERTEX_POINT('',#3396);
#1163=VERTEX_POINT('',#3398);
#1164=VERTEX_POINT('',#3402);
#1165=VERTEX_POINT('',#3404);
#1166=VERTEX_POINT('',#3408);
#1167=VERTEX_POINT('',#3410);
#1168=VERTEX_POINT('',#3414);
#1169=VERTEX_POINT('',#3416);
#1170=VERTEX_POINT('',#3420);
#1171=VERTEX_POINT('',#3422);
#1172=VERTEX_POINT('',#3426);
#1173=VERTEX_POINT('',#3428);
#1174=VERTEX_POINT('',#3432);
#1175=VERTEX_POINT('',#3434);
#1176=VERTEX_POINT('',#3438);
#1177=VERTEX_POINT('',#3440);
#1178=VERTEX_POINT('',#3444);
#1179=VERTEX_POINT('',#3446);
#1180=VERTEX_POINT('',#3450);
#1181=VERTEX_POINT('',#3452);
#1182=VERTEX_POINT('',#3456);
#1183=VERTEX_POINT('',#3457);
#1184=VERTEX_POINT('',#3459);
#1185=VERTEX_POINT('',#3461);
#1186=VERTEX_POINT('',#3465);
#1187=VERTEX_POINT('',#3466);
#1188=VERTEX_POINT('',#3468);
#1189=VERTEX_POINT('',#3470);
#1190=VERTEX_POINT('',#3474);
#1191=VERTEX_POINT('',#3476);
#1192=VERTEX_POINT('',#3480);
#1193=VERTEX_POINT('',#3482);
#1194=VERTEX_POINT('',#3486);
#1195=VERTEX_POINT('',#3488);
#1196=VERTEX_POINT('',#3492);
#1197=VERTEX_POINT('',#3494);
#1198=VERTEX_POINT('',#3498);
#1199=VERTEX_POINT('',#3500);
#1200=VERTEX_POINT('',#3504);
#1201=VERTEX_POINT('',#3506);
#1202=VERTEX_POINT('',#3510);
#1203=VERTEX_POINT('',#3512);
#1204=VERTEX_POINT('',#3516);
#1205=VERTEX_POINT('',#3518);
#1206=VERTEX_POINT('',#3522);
#1207=VERTEX_POINT('',#3524);
#1208=VERTEX_POINT('',#3528);
#1209=VERTEX_POINT('',#3529);
#1210=VERTEX_POINT('',#3531);
#1211=VERTEX_POINT('',#3536);
#1212=VERTEX_POINT('',#3537);
#1213=VERTEX_POINT('',#3542);
#1214=VERTEX_POINT('',#3544);
#1215=VERTEX_POINT('',#3553);
#1216=VERTEX_POINT('',#3556);
#1217=VERTEX_POINT('',#3559);
#1218=VERTEX_POINT('',#3561);
#1219=LINE('',#2952,#1485);
#1220=LINE('',#2955,#1486);
#1221=LINE('',#2957,#1487);
#1222=LINE('',#2959,#1488);
#1223=LINE('',#2961,#1489);
#1224=LINE('',#2964,#1490);
#1225=LINE('',#2966,#1491);
#1226=LINE('',#2968,#1492);
#1227=LINE('',#2970,#1493);
#1228=LINE('',#2973,#1494);
#1229=LINE('',#2975,#1495);
#1230=LINE('',#2977,#1496);
#1231=LINE('',#2979,#1497);
#1232=LINE('',#2982,#1498);
#1233=LINE('',#2984,#1499);
#1234=LINE('',#2986,#1500);
#1235=LINE('',#2988,#1501);
#1236=LINE('',#2991,#1502);
#1237=LINE('',#2993,#1503);
#1238=LINE('',#2995,#1504);
#1239=LINE('',#2997,#1505);
#1240=LINE('',#2999,#1506);
#1241=LINE('',#3001,#1507);
#1242=LINE('',#3003,#1508);
#1243=LINE('',#3005,#1509);
#1244=LINE('',#3007,#1510);
#1245=LINE('',#3009,#1511);
#1246=LINE('',#3011,#1512);
#1247=LINE('',#3013,#1513);
#1248=LINE('',#3015,#1514);
#1249=LINE('',#3017,#1515);
#1250=LINE('',#3019,#1516);
#1251=LINE('',#3021,#1517);
#1252=LINE('',#3023,#1518);
#1253=LINE('',#3025,#1519);
#1254=LINE('',#3027,#1520);
#1255=LINE('',#3029,#1521);
#1256=LINE('',#3032,#1522);
#1257=LINE('',#3034,#1523);
#1258=LINE('',#3036,#1524);
#1259=LINE('',#3038,#1525);
#1260=LINE('',#3041,#1526);
#1261=LINE('',#3043,#1527);
#1262=LINE('',#3045,#1528);
#1263=LINE('',#3047,#1529);
#1264=LINE('',#3049,#1530);
#1265=LINE('',#3051,#1531);
#1266=LINE('',#3054,#1532);
#1267=LINE('',#3056,#1533);
#1268=LINE('',#3058,#1534);
#1269=LINE('',#3060,#1535);
#1270=LINE('',#3063,#1536);
#1271=LINE('',#3065,#1537);
#1272=LINE('',#3067,#1538);
#1273=LINE('',#3069,#1539);
#1274=LINE('',#3072,#1540);
#1275=LINE('',#3074,#1541);
#1276=LINE('',#3076,#1542);
#1277=LINE('',#3078,#1543);
#1278=LINE('',#3081,#1544);
#1279=LINE('',#3083,#1545);
#1280=LINE('',#3085,#1546);
#1281=LINE('',#3089,#1547);
#1282=LINE('',#3093,#1548);
#1283=LINE('',#3097,#1549);
#1284=LINE('',#3101,#1550);
#1285=LINE('',#3103,#1551);
#1286=LINE('',#3104,#1552);
#1287=LINE('',#3106,#1553);
#1288=LINE('',#3108,#1554);
#1289=LINE('',#3110,#1555);
#1290=LINE('',#3111,#1556);
#1291=LINE('',#3113,#1557);
#1292=LINE('',#3115,#1558);
#1293=LINE('',#3117,#1559);
#1294=LINE('',#3119,#1560);
#1295=LINE('',#3121,#1561);
#1296=LINE('',#3123,#1562);
#1297=LINE('',#3128,#1563);
#1298=LINE('',#3129,#1564);
#1299=LINE('',#3131,#1565);
#1300=LINE('',#3133,#1566);
#1301=LINE('',#3134,#1567);
#1302=LINE('',#3136,#1568);
#1303=LINE('',#3137,#1569);
#1304=LINE('',#3139,#1570);
#1305=LINE('',#3141,#1571);
#1306=LINE('',#3143,#1572);
#1307=LINE('',#3146,#1573);
#1308=LINE('',#3147,#1574);
#1309=LINE('',#3149,#1575);
#1310=LINE('',#3151,#1576);
#1311=LINE('',#3154,#1577);
#1312=LINE('',#3155,#1578);
#1313=LINE('',#3157,#1579);
#1314=LINE('',#3159,#1580);
#1315=LINE('',#3161,#1581);
#1316=LINE('',#3163,#1582);
#1317=LINE('',#3165,#1583);
#1318=LINE('',#3167,#1584);
#1319=LINE('',#3169,#1585);
#1320=LINE('',#3171,#1586);
#1321=LINE('',#3173,#1587);
#1322=LINE('',#3175,#1588);
#1323=LINE('',#3177,#1589);
#1324=LINE('',#3178,#1590);
#1325=LINE('',#3179,#1591);
#1326=LINE('',#3180,#1592);
#1327=LINE('',#3181,#1593);
#1328=LINE('',#3182,#1594);
#1329=LINE('',#3184,#1595);
#1330=LINE('',#3186,#1596);
#1331=LINE('',#3188,#1597);
#1332=LINE('',#3190,#1598);
#1333=LINE('',#3192,#1599);
#1334=LINE('',#3194,#1600);
#1335=LINE('',#3196,#1601);
#1336=LINE('',#3198,#1602);
#1337=LINE('',#3200,#1603);
#1338=LINE('',#3202,#1604);
#1339=LINE('',#3204,#1605);
#1340=LINE('',#3206,#1606);
#1341=LINE('',#3208,#1607);
#1342=LINE('',#3210,#1608);
#1343=LINE('',#3212,#1609);
#1344=LINE('',#3214,#1610);
#1345=LINE('',#3216,#1611);
#1346=LINE('',#3218,#1612);
#1347=LINE('',#3220,#1613);
#1348=LINE('',#3222,#1614);
#1349=LINE('',#3230,#1615);
#1350=LINE('',#3232,#1616);
#1351=LINE('',#3234,#1617);
#1352=LINE('',#3238,#1618);
#1353=LINE('',#3240,#1619);
#1354=LINE('',#3242,#1620);
#1355=LINE('',#3244,#1621);
#1356=LINE('',#3248,#1622);
#1357=LINE('',#3250,#1623);
#1358=LINE('',#3252,#1624);
#1359=LINE('',#3255,#1625);
#1360=LINE('',#3257,#1626);
#1361=LINE('',#3259,#1627);
#1362=LINE('',#3263,#1628);
#1363=LINE('',#3265,#1629);
#1364=LINE('',#3268,#1630);
#1365=LINE('',#3270,#1631);
#1366=LINE('',#3274,#1632);
#1367=LINE('',#3278,#1633);
#1368=LINE('',#3282,#1634);
#1369=LINE('',#3284,#1635);
#1370=LINE('',#3286,#1636);
#1371=LINE('',#3290,#1637);
#1372=LINE('',#3294,#1638);
#1373=LINE('',#3296,#1639);
#1374=LINE('',#3298,#1640);
#1375=LINE('',#3302,#1641);
#1376=LINE('',#3306,#1642);
#1377=LINE('',#3308,#1643);
#1378=LINE('',#3312,#1644);
#1379=LINE('',#3319,#1645);
#1380=LINE('',#3322,#1646);
#1381=LINE('',#3324,#1647);
#1382=LINE('',#3326,#1648);
#1383=LINE('',#3328,#1649);
#1384=LINE('',#3331,#1650);
#1385=LINE('',#3333,#1651);
#1386=LINE('',#3335,#1652);
#1387=LINE('',#3340,#1653);
#1388=LINE('',#3344,#1654);
#1389=LINE('',#3345,#1655);
#1390=LINE('',#3352,#1656);
#1391=LINE('',#3356,#1657);
#1392=LINE('',#3361,#1658);
#1393=LINE('',#3366,#1659);
#1394=LINE('',#3370,#1660);
#1395=LINE('',#3375,#1661);
#1396=LINE('',#3376,#1662);
#1397=LINE('',#3378,#1663);
#1398=LINE('',#3381,#1664);
#1399=LINE('',#3383,#1665);
#1400=LINE('',#3385,#1666);
#1401=LINE('',#3387,#1667);
#1402=LINE('',#3391,#1668);
#1403=LINE('',#3393,#1669);
#1404=LINE('',#3395,#1670);
#1405=LINE('',#3397,#1671);
#1406=LINE('',#3399,#1672);
#1407=LINE('',#3401,#1673);
#1408=LINE('',#3403,#1674);
#1409=LINE('',#3405,#1675);
#1410=LINE('',#3407,#1676);
#1411=LINE('',#3409,#1677);
#1412=LINE('',#3411,#1678);
#1413=LINE('',#3413,#1679);
#1414=LINE('',#3415,#1680);
#1415=LINE('',#3417,#1681);
#1416=LINE('',#3419,#1682);
#1417=LINE('',#3421,#1683);
#1418=LINE('',#3423,#1684);
#1419=LINE('',#3425,#1685);
#1420=LINE('',#3427,#1686);
#1421=LINE('',#3429,#1687);
#1422=LINE('',#3431,#1688);
#1423=LINE('',#3433,#1689);
#1424=LINE('',#3435,#1690);
#1425=LINE('',#3437,#1691);
#1426=LINE('',#3439,#1692);
#1427=LINE('',#3441,#1693);
#1428=LINE('',#3443,#1694);
#1429=LINE('',#3445,#1695);
#1430=LINE('',#3447,#1696);
#1431=LINE('',#3449,#1697);
#1432=LINE('',#3453,#1698);
#1433=LINE('',#3455,#1699);
#1434=LINE('',#3460,#1700);
#1435=LINE('',#3464,#1701);
#1436=LINE('',#3469,#1702);
#1437=LINE('',#3471,#1703);
#1438=LINE('',#3473,#1704);
#1439=LINE('',#3475,#1705);
#1440=LINE('',#3477,#1706);
#1441=LINE('',#3479,#1707);
#1442=LINE('',#3481,#1708);
#1443=LINE('',#3483,#1709);
#1444=LINE('',#3485,#1710);
#1445=LINE('',#3487,#1711);
#1446=LINE('',#3489,#1712);
#1447=LINE('',#3491,#1713);
#1448=LINE('',#3493,#1714);
#1449=LINE('',#3495,#1715);
#1450=LINE('',#3497,#1716);
#1451=LINE('',#3499,#1717);
#1452=LINE('',#3501,#1718);
#1453=LINE('',#3503,#1719);
#1454=LINE('',#3505,#1720);
#1455=LINE('',#3507,#1721);
#1456=LINE('',#3509,#1722);
#1457=LINE('',#3511,#1723);
#1458=LINE('',#3513,#1724);
#1459=LINE('',#3515,#1725);
#1460=LINE('',#3517,#1726);
#1461=LINE('',#3519,#1727);
#1462=LINE('',#3521,#1728);
#1463=LINE('',#3523,#1729);
#1464=LINE('',#3525,#1730);
#1465=LINE('',#3527,#1731);
#1466=LINE('',#3532,#1732);
#1467=LINE('',#3533,#1733);
#1468=LINE('',#3535,#1734);
#1469=LINE('',#3538,#1735);
#1470=LINE('',#3539,#1736);
#1471=LINE('',#3545,#1737);
#1472=LINE('',#3546,#1738);
#1473=LINE('',#3547,#1739);
#1474=LINE('',#3548,#1740);
#1475=LINE('',#3550,#1741);
#1476=LINE('',#3551,#1742);
#1477=LINE('',#3552,#1743);
#1478=LINE('',#3554,#1744);
#1479=LINE('',#3555,#1745);
#1480=LINE('',#3557,#1746);
#1481=LINE('',#3569,#1747);
#1482=LINE('',#3570,#1748);
#1483=LINE('',#3572,#1749);
#1484=LINE('',#3574,#1750);
#1485=VECTOR('',#2374,1000.);
#1486=VECTOR('',#2375,1000.);
#1487=VECTOR('',#2376,1000.);
#1488=VECTOR('',#2377,1000.);
#1489=VECTOR('',#2380,1000.);
#1490=VECTOR('',#2381,1000.);
#1491=VECTOR('',#2382,1000.);
#1492=VECTOR('',#2383,1000.);
#1493=VECTOR('',#2386,1000.);
#1494=VECTOR('',#2387,1000.);
#1495=VECTOR('',#2388,1000.);
#1496=VECTOR('',#2389,1000.);
#1497=VECTOR('',#2392,1000.);
#1498=VECTOR('',#2393,1000.);
#1499=VECTOR('',#2394,1000.);
#1500=VECTOR('',#2395,1000.);
#1501=VECTOR('',#2398,1000.);
#1502=VECTOR('',#2399,1000.);
#1503=VECTOR('',#2400,1000.);
#1504=VECTOR('',#2401,1000.);
#1505=VECTOR('',#2402,1000.);
#1506=VECTOR('',#2403,1000.);
#1507=VECTOR('',#2404,1000.);
#1508=VECTOR('',#2405,1000.);
#1509=VECTOR('',#2406,1000.);
#1510=VECTOR('',#2407,1000.);
#1511=VECTOR('',#2408,1000.);
#1512=VECTOR('',#2409,1000.);
#1513=VECTOR('',#2410,1000.);
#1514=VECTOR('',#2411,1000.);
#1515=VECTOR('',#2412,1000.);
#1516=VECTOR('',#2413,1000.);
#1517=VECTOR('',#2414,1000.);
#1518=VECTOR('',#2415,1000.);
#1519=VECTOR('',#2416,1000.);
#1520=VECTOR('',#2417,1000.);
#1521=VECTOR('',#2420,1000.);
#1522=VECTOR('',#2421,1000.);
#1523=VECTOR('',#2422,1000.);
#1524=VECTOR('',#2423,1000.);
#1525=VECTOR('',#2426,1000.);
#1526=VECTOR('',#2427,1000.);
#1527=VECTOR('',#2428,1000.);
#1528=VECTOR('',#2429,1000.);
#1529=VECTOR('',#2430,1000.);
#1530=VECTOR('',#2431,1000.);
#1531=VECTOR('',#2434,1000.);
#1532=VECTOR('',#2435,1000.);
#1533=VECTOR('',#2436,1000.);
#1534=VECTOR('',#2437,1000.);
#1535=VECTOR('',#2440,1000.);
#1536=VECTOR('',#2441,1000.);
#1537=VECTOR('',#2442,1000.);
#1538=VECTOR('',#2443,1000.);
#1539=VECTOR('',#2446,1000.);
#1540=VECTOR('',#2447,1000.);
#1541=VECTOR('',#2448,1000.);
#1542=VECTOR('',#2449,1000.);
#1543=VECTOR('',#2452,1000.);
#1544=VECTOR('',#2453,1000.);
#1545=VECTOR('',#2454,1000.);
#1546=VECTOR('',#2455,1000.);
#1547=VECTOR('',#2460,1000.);
#1548=VECTOR('',#2463,1000.);
#1549=VECTOR('',#2466,1000.);
#1550=VECTOR('',#2469,1000.);
#1551=VECTOR('',#2470,1000.);
#1552=VECTOR('',#2471,1000.);
#1553=VECTOR('',#2472,1000.);
#1554=VECTOR('',#2473,1000.);
#1555=VECTOR('',#2474,1000.);
#1556=VECTOR('',#2475,1000.);
#1557=VECTOR('',#2476,1000.);
#1558=VECTOR('',#2477,1000.);
#1559=VECTOR('',#2478,1000.);
#1560=VECTOR('',#2479,1000.);
#1561=VECTOR('',#2480,1000.);
#1562=VECTOR('',#2483,1000.);
#1563=VECTOR('',#2486,1000.);
#1564=VECTOR('',#2487,1000.);
#1565=VECTOR('',#2488,1000.);
#1566=VECTOR('',#2489,1000.);
#1567=VECTOR('',#2490,1000.);
#1568=VECTOR('',#2493,1000.);
#1569=VECTOR('',#2494,1000.);
#1570=VECTOR('',#2495,1000.);
#1571=VECTOR('',#2498,1000.);
#1572=VECTOR('',#2501,1000.);
#1573=VECTOR('',#2502,1000.);
#1574=VECTOR('',#2503,1000.);
#1575=VECTOR('',#2506,1000.);
#1576=VECTOR('',#2509,1000.);
#1577=VECTOR('',#2510,1000.);
#1578=VECTOR('',#2511,1000.);
#1579=VECTOR('',#2514,1000.);
#1580=VECTOR('',#2515,1000.);
#1581=VECTOR('',#2516,1000.);
#1582=VECTOR('',#2519,1000.);
#1583=VECTOR('',#2520,1000.);
#1584=VECTOR('',#2523,1000.);
#1585=VECTOR('',#2524,1000.);
#1586=VECTOR('',#2527,1000.);
#1587=VECTOR('',#2528,1000.);
#1588=VECTOR('',#2531,1000.);
#1589=VECTOR('',#2532,1000.);
#1590=VECTOR('',#2533,1000.);
#1591=VECTOR('',#2534,1000.);
#1592=VECTOR('',#2535,1000.);
#1593=VECTOR('',#2536,1000.);
#1594=VECTOR('',#2537,1000.);
#1595=VECTOR('',#2538,1000.);
#1596=VECTOR('',#2539,1000.);
#1597=VECTOR('',#2542,1000.);
#1598=VECTOR('',#2543,1000.);
#1599=VECTOR('',#2546,1000.);
#1600=VECTOR('',#2547,1000.);
#1601=VECTOR('',#2550,1000.);
#1602=VECTOR('',#2551,1000.);
#1603=VECTOR('',#2554,1000.);
#1604=VECTOR('',#2555,1000.);
#1605=VECTOR('',#2558,1000.);
#1606=VECTOR('',#2561,1000.);
#1607=VECTOR('',#2562,1000.);
#1608=VECTOR('',#2563,1000.);
#1609=VECTOR('',#2566,1000.);
#1610=VECTOR('',#2567,1000.);
#1611=VECTOR('',#2570,1000.);
#1612=VECTOR('',#2573,1000.);
#1613=VECTOR('',#2574,1000.);
#1614=VECTOR('',#2577,1000.);
#1615=VECTOR('',#2592,1000.);
#1616=VECTOR('',#2593,1000.);
#1617=VECTOR('',#2596,1000.);
#1618=VECTOR('',#2599,1000.);
#1619=VECTOR('',#2602,1000.);
#1620=VECTOR('',#2603,1000.);
#1621=VECTOR('',#2606,1000.);
#1622=VECTOR('',#2609,1000.);
#1623=VECTOR('',#2612,1000.);
#1624=VECTOR('',#2613,1000.);
#1625=VECTOR('',#2618,1000.);
#1626=VECTOR('',#2621,1000.);
#1627=VECTOR('',#2624,1000.);
#1628=VECTOR('',#2629,1000.);
#1629=VECTOR('',#2630,1000.);
#1630=VECTOR('',#2635,1000.);
#1631=VECTOR('',#2638,1000.);
#1632=VECTOR('',#2645,1000.);
#1633=VECTOR('',#2652,1000.);
#1634=VECTOR('',#2657,1000.);
#1635=VECTOR('',#2658,1000.);
#1636=VECTOR('',#2661,1000.);
#1637=VECTOR('',#2666,1000.);
#1638=VECTOR('',#2669,1000.);
#1639=VECTOR('',#2672,1000.);
#1640=VECTOR('',#2673,1000.);
#1641=VECTOR('',#2680,1000.);
#1642=VECTOR('',#2685,1000.);
#1643=VECTOR('',#2686,1000.);
#1644=VECTOR('',#2693,1000.);
#1645=VECTOR('',#2706,1000.);
#1646=VECTOR('',#2707,1000.);
#1647=VECTOR('',#2708,1000.);
#1648=VECTOR('',#2709,1000.);
#1649=VECTOR('',#2712,1000.);
#1650=VECTOR('',#2713,1000.);
#1651=VECTOR('',#2714,1000.);
#1652=VECTOR('',#2715,1000.);
#1653=VECTOR('',#2720,1000.);
#1654=VECTOR('',#2723,1000.);
#1655=VECTOR('',#2724,1000.);
#1656=VECTOR('',#2731,1000.);
#1657=VECTOR('',#2736,1000.);
#1658=VECTOR('',#2739,1000.);
#1659=VECTOR('',#2744,1000.);
#1660=VECTOR('',#2747,1000.);
#1661=VECTOR('',#2754,1000.);
#1662=VECTOR('',#2755,1000.);
#1663=VECTOR('',#2758,1000.);
#1664=VECTOR('',#2759,1000.);
#1665=VECTOR('',#2760,1000.);
#1666=VECTOR('',#2761,1000.);
#1667=VECTOR('',#2764,1000.);
#1668=VECTOR('',#2767,1000.);
#1669=VECTOR('',#2768,1000.);
#1670=VECTOR('',#2771,1000.);
#1671=VECTOR('',#2772,1000.);
#1672=VECTOR('',#2773,1000.);
#1673=VECTOR('',#2776,1000.);
#1674=VECTOR('',#2777,1000.);
#1675=VECTOR('',#2778,1000.);
#1676=VECTOR('',#2781,1000.);
#1677=VECTOR('',#2782,1000.);
#1678=VECTOR('',#2783,1000.);
#1679=VECTOR('',#2786,1000.);
#1680=VECTOR('',#2787,1000.);
#1681=VECTOR('',#2788,1000.);
#1682=VECTOR('',#2791,1000.);
#1683=VECTOR('',#2792,1000.);
#1684=VECTOR('',#2793,1000.);
#1685=VECTOR('',#2796,1000.);
#1686=VECTOR('',#2797,1000.);
#1687=VECTOR('',#2798,1000.);
#1688=VECTOR('',#2801,1000.);
#1689=VECTOR('',#2802,1000.);
#1690=VECTOR('',#2803,1000.);
#1691=VECTOR('',#2806,1000.);
#1692=VECTOR('',#2807,1000.);
#1693=VECTOR('',#2808,1000.);
#1694=VECTOR('',#2811,1000.);
#1695=VECTOR('',#2812,1000.);
#1696=VECTOR('',#2813,1000.);
#1697=VECTOR('',#2816,1000.);
#1698=VECTOR('',#2819,1000.);
#1699=VECTOR('',#2822,1000.);
#1700=VECTOR('',#2825,1000.);
#1701=VECTOR('',#2830,1000.);
#1702=VECTOR('',#2833,1000.);
#1703=VECTOR('',#2834,1000.);
#1704=VECTOR('',#2837,1000.);
#1705=VECTOR('',#2838,1000.);
#1706=VECTOR('',#2839,1000.);
#1707=VECTOR('',#2842,1000.);
#1708=VECTOR('',#2843,1000.);
#1709=VECTOR('',#2844,1000.);
#1710=VECTOR('',#2847,1000.);
#1711=VECTOR('',#2848,1000.);
#1712=VECTOR('',#2849,1000.);
#1713=VECTOR('',#2852,1000.);
#1714=VECTOR('',#2853,1000.);
#1715=VECTOR('',#2854,1000.);
#1716=VECTOR('',#2857,1000.);
#1717=VECTOR('',#2858,1000.);
#1718=VECTOR('',#2859,1000.);
#1719=VECTOR('',#2862,1000.);
#1720=VECTOR('',#2863,1000.);
#1721=VECTOR('',#2864,1000.);
#1722=VECTOR('',#2867,1000.);
#1723=VECTOR('',#2868,1000.);
#1724=VECTOR('',#2869,1000.);
#1725=VECTOR('',#2872,1000.);
#1726=VECTOR('',#2873,1000.);
#1727=VECTOR('',#2874,1000.);
#1728=VECTOR('',#2877,1000.);
#1729=VECTOR('',#2878,1000.);
#1730=VECTOR('',#2879,1000.);
#1731=VECTOR('',#2882,1000.);
#1732=VECTOR('',#2885,1000.);
#1733=VECTOR('',#2886,1000.);
#1734=VECTOR('',#2889,1000.);
#1735=VECTOR('',#2890,1000.);
#1736=VECTOR('',#2891,1000.);
#1737=VECTOR('',#2898,1000.);
#1738=VECTOR('',#2899,1000.);
#1739=VECTOR('',#2900,1000.);
#1740=VECTOR('',#2901,1000.);
#1741=VECTOR('',#2904,1000.);
#1742=VECTOR('',#2905,1000.);
#1743=VECTOR('',#2906,1000.);
#1744=VECTOR('',#2907,1000.);
#1745=VECTOR('',#2908,1000.);
#1746=VECTOR('',#2909,1000.);
#1747=VECTOR('',#2928,1000.);
#1748=VECTOR('',#2929,1000.);
#1749=VECTOR('',#2932,1000.);
#1750=VECTOR('',#2935,1000.);
#1751=EDGE_LOOP('',(#74,#75,#76,#77));
#1752=EDGE_LOOP('',(#78,#79,#80,#81));
#1753=EDGE_LOOP('',(#82,#83,#84,#85));
#1754=EDGE_LOOP('',(#86,#87,#88,#89));
#1755=EDGE_LOOP('',(#90,#91,#92,#93,#94,#95,#96,#97,#98,#99,#100,#101,#102,
#103,#104,#105,#106,#107,#108,#109));
#1756=EDGE_LOOP('',(#110,#111,#112,#113));
#1757=EDGE_LOOP('',(#114,#115,#116,#117,#118,#119));
#1758=EDGE_LOOP('',(#120,#121,#122,#123));
#1759=EDGE_LOOP('',(#124,#125,#126,#127));
#1760=EDGE_LOOP('',(#128,#129,#130,#131));
#1761=EDGE_LOOP('',(#132,#133,#134,#135));
#1762=EDGE_LOOP('',(#136,#137,#138,#139,#140,#141,#142,#143,#144,#145,#146,
#147,#148,#149,#150,#151,#152,#153,#154,#155,#156,#157));
#1763=EDGE_LOOP('',(#158,#159,#160,#161,#162,#163,#164,#165,#166));
#1764=EDGE_LOOP('',(#167,#168,#169,#170,#171,#172));
#1765=EDGE_LOOP('',(#173,#174,#175,#176));
#1766=EDGE_LOOP('',(#177,#178,#179,#180));
#1767=EDGE_LOOP('',(#181,#182,#183,#184));
#1768=EDGE_LOOP('',(#185,#186,#187,#188));
#1769=EDGE_LOOP('',(#189,#190,#191,#192));
#1770=EDGE_LOOP('',(#193,#194,#195,#196));
#1771=EDGE_LOOP('',(#197,#198,#199,#200));
#1772=EDGE_LOOP('',(#201,#202,#203,#204,#205));
#1773=EDGE_LOOP('',(#206,#207,#208,#209,#210,#211,#212,#213,#214,#215,#216,
#217,#218,#219,#220,#221));
#1774=EDGE_LOOP('',(#222,#223,#224,#225));
#1775=EDGE_LOOP('',(#226,#227,#228,#229));
#1776=EDGE_LOOP('',(#230,#231,#232,#233,#234,#235));
#1777=EDGE_LOOP('',(#236,#237,#238,#239,#240));
#1778=EDGE_LOOP('',(#241,#242,#243,#244));
#1779=EDGE_LOOP('',(#245,#246,#247,#248));
#1780=EDGE_LOOP('',(#249,#250,#251,#252));
#1781=EDGE_LOOP('',(#253,#254,#255,#256));
#1782=EDGE_LOOP('',(#257,#258,#259,#260));
#1783=EDGE_LOOP('',(#261,#262,#263,#264));
#1784=EDGE_LOOP('',(#265,#266,#267,#268,#269,#270,#271,#272));
#1785=EDGE_LOOP('',(#273,#274,#275,#276,#277,#278,#279,#280,#281,#282,#283,
#284,#285,#286,#287,#288));
#1786=EDGE_LOOP('',(#289,#290,#291,#292));
#1787=EDGE_LOOP('',(#293,#294,#295,#296));
#1788=EDGE_LOOP('',(#297,#298,#299,#300));
#1789=EDGE_LOOP('',(#301,#302,#303,#304,#305));
#1790=EDGE_LOOP('',(#306,#307,#308,#309));
#1791=EDGE_LOOP('',(#310,#311,#312,#313,#314));
#1792=EDGE_LOOP('',(#315,#316,#317,#318));
#1793=EDGE_LOOP('',(#319,#320,#321,#322,#323));
#1794=EDGE_LOOP('',(#324,#325,#326,#327));
#1795=EDGE_LOOP('',(#328,#329,#330,#331,#332));
#1796=EDGE_LOOP('',(#333,#334,#335,#336));
#1797=EDGE_LOOP('',(#337,#338,#339,#340,#341));
#1798=EDGE_LOOP('',(#342,#343,#344,#345));
#1799=EDGE_LOOP('',(#346,#347,#348,#349));
#1800=EDGE_LOOP('',(#350,#351,#352));
#1801=EDGE_LOOP('',(#353,#354,#355,#356));
#1802=EDGE_LOOP('',(#357,#358,#359,#360,#361));
#1803=EDGE_LOOP('',(#362,#363,#364,#365,#366));
#1804=EDGE_LOOP('',(#367,#368,#369,#370));
#1805=EDGE_LOOP('',(#371,#372,#373,#374,#375));
#1806=EDGE_LOOP('',(#376,#377,#378,#379,#380));
#1807=EDGE_LOOP('',(#381,#382,#383,#384));
#1808=EDGE_LOOP('',(#385,#386,#387,#388,#389));
#1809=EDGE_LOOP('',(#390,#391,#392,#393));
#1810=EDGE_LOOP('',(#394,#395,#396,#397,#398,#399,#400,#401,#402,#403,#404,
#405,#406,#407,#408,#409,#410,#411));
#1811=EDGE_LOOP('',(#412,#413,#414,#415,#416,#417,#418,#419,#420,#421,#422,
#423,#424,#425,#426,#427,#428,#429));
#1812=EDGE_LOOP('',(#430,#431,#432,#433));
#1813=EDGE_LOOP('',(#434,#435,#436,#437));
#1814=EDGE_LOOP('',(#438,#439,#440,#441));
#1815=EDGE_LOOP('',(#442,#443,#444,#445));
#1816=EDGE_LOOP('',(#446,#447,#448,#449));
#1817=EDGE_LOOP('',(#450,#451,#452,#453,#454,#455,#456,#457));
#1818=EDGE_LOOP('',(#458,#459,#460,#461));
#1819=EDGE_LOOP('',(#462,#463,#464,#465,#466,#467,#468,#469));
#1820=EDGE_LOOP('',(#470,#471,#472,#473));
#1821=EDGE_LOOP('',(#474,#475,#476,#477));
#1822=EDGE_LOOP('',(#478,#479,#480,#481,#482));
#1823=EDGE_LOOP('',(#483,#484,#485,#486));
#1824=EDGE_LOOP('',(#487,#488,#489,#490));
#1825=EDGE_LOOP('',(#491,#492,#493,#494));
#1826=EDGE_LOOP('',(#495,#496,#497,#498));
#1827=EDGE_LOOP('',(#499,#500,#501,#502));
#1828=EDGE_LOOP('',(#503,#504,#505,#506));
#1829=EDGE_LOOP('',(#507,#508,#509,#510));
#1830=EDGE_LOOP('',(#511,#512,#513,#514));
#1831=EDGE_LOOP('',(#515,#516,#517,#518));
#1832=EDGE_LOOP('',(#519,#520,#521,#522));
#1833=EDGE_LOOP('',(#523,#524,#525,#526));
#1834=EDGE_LOOP('',(#527,#528,#529,#530));
#1835=EDGE_LOOP('',(#531,#532,#533,#534));
#1836=EDGE_LOOP('',(#535,#536,#537,#538));
#1837=EDGE_LOOP('',(#539,#540,#541,#542));
#1838=EDGE_LOOP('',(#543,#544,#545,#546));
#1839=EDGE_LOOP('',(#547,#548,#549,#550));
#1840=EDGE_LOOP('',(#551,#552,#553,#554));
#1841=EDGE_LOOP('',(#555,#556,#557,#558));
#1842=EDGE_LOOP('',(#559,#560,#561,#562));
#1843=EDGE_LOOP('',(#563,#564,#565,#566));
#1844=EDGE_LOOP('',(#567,#568,#569,#570,#571));
#1845=EDGE_LOOP('',(#572,#573,#574,#575));
#1846=EDGE_LOOP('',(#576));
#1847=EDGE_LOOP('',(#577));
#1848=EDGE_LOOP('',(#578,#579,#580,#581,#582,#583,#584,#585,#586,#587,#588,
#589,#590,#591,#592,#593,#594,#595,#596,#597,#598,#599,#600,#601,#602,#603,
#604,#605));
#1849=EDGE_LOOP('',(#606,#607,#608,#609,#610,#611,#612,#613,#614,#615,#616,
#617,#618,#619,#620,#621,#622,#623,#624,#625,#626,#627,#628,#629,#630,#631,
#632,#633,#634,#635,#636,#637));
#1850=EDGE_LOOP('',(#638));
#1851=EDGE_LOOP('',(#639));
#1852=EDGE_LOOP('',(#640,#641,#642));
#1853=EDGE_LOOP('',(#643,#644,#645));
#1854=EDGE_LOOP('',(#646));
#1855=EDGE_LOOP('',(#647));
#1856=EDGE_LOOP('',(#648));
#1857=EDGE_LOOP('',(#649));
#1858=EDGE_LOOP('',(#650,#651,#652,#653));
#1859=EDGE_LOOP('',(#654,#655,#656,#657));
#1860=EDGE_LOOP('',(#658,#659,#660,#661));
#1861=EDGE_LOOP('',(#662,#663,#664,#665));
#1862=EDGE_LOOP('',(#666,#667,#668,#669));
#1863=EDGE_LOOP('',(#670,#671,#672,#673));
#1864=EDGE_LOOP('',(#674,#675,#676,#677));
#1865=EDGE_LOOP('',(#678,#679,#680,#681));
#1866=EDGE_LOOP('',(#682,#683,#684,#685,#686,#687,#688,#689));
#1867=EDGE_LOOP('',(#690,#691,#692,#693,#694,#695,#696,#697));
#1868=FACE_BOUND('',#1751,.T.);
#1869=FACE_BOUND('',#1752,.T.);
#1870=FACE_BOUND('',#1753,.T.);
#1871=FACE_BOUND('',#1754,.T.);
#1872=FACE_BOUND('',#1755,.T.);
#1873=FACE_BOUND('',#1756,.T.);
#1874=FACE_BOUND('',#1757,.T.);
#1875=FACE_BOUND('',#1758,.T.);
#1876=FACE_BOUND('',#1759,.T.);
#1877=FACE_BOUND('',#1760,.T.);
#1878=FACE_BOUND('',#1761,.T.);
#1879=FACE_BOUND('',#1762,.T.);
#1880=FACE_BOUND('',#1763,.T.);
#1881=FACE_BOUND('',#1764,.T.);
#1882=FACE_BOUND('',#1765,.T.);
#1883=FACE_BOUND('',#1766,.T.);
#1884=FACE_BOUND('',#1767,.T.);
#1885=FACE_BOUND('',#1768,.T.);
#1886=FACE_BOUND('',#1769,.T.);
#1887=FACE_BOUND('',#1770,.T.);
#1888=FACE_BOUND('',#1771,.T.);
#1889=FACE_BOUND('',#1772,.T.);
#1890=FACE_BOUND('',#1773,.T.);
#1891=FACE_BOUND('',#1774,.T.);
#1892=FACE_BOUND('',#1775,.T.);
#1893=FACE_BOUND('',#1776,.T.);
#1894=FACE_BOUND('',#1777,.T.);
#1895=FACE_BOUND('',#1778,.T.);
#1896=FACE_BOUND('',#1779,.T.);
#1897=FACE_BOUND('',#1780,.T.);
#1898=FACE_BOUND('',#1781,.T.);
#1899=FACE_BOUND('',#1782,.T.);
#1900=FACE_BOUND('',#1783,.T.);
#1901=FACE_BOUND('',#1784,.T.);
#1902=FACE_BOUND('',#1785,.T.);
#1903=FACE_BOUND('',#1786,.T.);
#1904=FACE_BOUND('',#1787,.T.);
#1905=FACE_BOUND('',#1788,.T.);
#1906=FACE_BOUND('',#1789,.T.);
#1907=FACE_BOUND('',#1790,.T.);
#1908=FACE_BOUND('',#1791,.T.);
#1909=FACE_BOUND('',#1792,.T.);
#1910=FACE_BOUND('',#1793,.T.);
#1911=FACE_BOUND('',#1794,.T.);
#1912=FACE_BOUND('',#1795,.T.);
#1913=FACE_BOUND('',#1796,.T.);
#1914=FACE_BOUND('',#1797,.T.);
#1915=FACE_BOUND('',#1798,.T.);
#1916=FACE_BOUND('',#1799,.T.);
#1917=FACE_BOUND('',#1800,.T.);
#1918=FACE_BOUND('',#1801,.T.);
#1919=FACE_BOUND('',#1802,.T.);
#1920=FACE_BOUND('',#1803,.T.);
#1921=FACE_BOUND('',#1804,.T.);
#1922=FACE_BOUND('',#1805,.T.);
#1923=FACE_BOUND('',#1806,.T.);
#1924=FACE_BOUND('',#1807,.T.);
#1925=FACE_BOUND('',#1808,.T.);
#1926=FACE_BOUND('',#1809,.T.);
#1927=FACE_BOUND('',#1810,.T.);
#1928=FACE_BOUND('',#1811,.T.);
#1929=FACE_BOUND('',#1812,.T.);
#1930=FACE_BOUND('',#1813,.T.);
#1931=FACE_BOUND('',#1814,.T.);
#1932=FACE_BOUND('',#1815,.T.);
#1933=FACE_BOUND('',#1816,.T.);
#1934=FACE_BOUND('',#1817,.T.);
#1935=FACE_BOUND('',#1818,.T.);
#1936=FACE_BOUND('',#1819,.T.);
#1937=FACE_BOUND('',#1820,.T.);
#1938=FACE_BOUND('',#1821,.T.);
#1939=FACE_BOUND('',#1822,.T.);
#1940=FACE_BOUND('',#1823,.T.);
#1941=FACE_BOUND('',#1824,.T.);
#1942=FACE_BOUND('',#1825,.T.);
#1943=FACE_BOUND('',#1826,.T.);
#1944=FACE_BOUND('',#1827,.T.);
#1945=FACE_BOUND('',#1828,.T.);
#1946=FACE_BOUND('',#1829,.T.);
#1947=FACE_BOUND('',#1830,.T.);
#1948=FACE_BOUND('',#1831,.T.);
#1949=FACE_BOUND('',#1832,.T.);
#1950=FACE_BOUND('',#1833,.T.);
#1951=FACE_BOUND('',#1834,.T.);
#1952=FACE_BOUND('',#1835,.T.);
#1953=FACE_BOUND('',#1836,.T.);
#1954=FACE_BOUND('',#1837,.T.);
#1955=FACE_BOUND('',#1838,.T.);
#1956=FACE_BOUND('',#1839,.T.);
#1957=FACE_BOUND('',#1840,.T.);
#1958=FACE_BOUND('',#1841,.T.);
#1959=FACE_BOUND('',#1842,.T.);
#1960=FACE_BOUND('',#1843,.T.);
#1961=FACE_BOUND('',#1844,.T.);
#1962=FACE_BOUND('',#1845,.T.);
#1963=FACE_BOUND('',#1846,.T.);
#1964=FACE_BOUND('',#1847,.T.);
#1965=FACE_BOUND('',#1848,.T.);
#1966=FACE_BOUND('',#1849,.T.);
#1967=FACE_BOUND('',#1850,.T.);
#1968=FACE_BOUND('',#1851,.T.);
#1969=FACE_BOUND('',#1852,.T.);
#1970=FACE_BOUND('',#1853,.T.);
#1971=FACE_BOUND('',#1854,.T.);
#1972=FACE_BOUND('',#1855,.T.);
#1973=FACE_BOUND('',#1856,.T.);
#1974=FACE_BOUND('',#1857,.T.);
#1975=FACE_BOUND('',#1858,.T.);
#1976=FACE_BOUND('',#1859,.T.);
#1977=FACE_BOUND('',#1860,.T.);
#1978=FACE_BOUND('',#1861,.T.);
#1979=FACE_BOUND('',#1862,.T.);
#1980=FACE_BOUND('',#1863,.T.);
#1981=FACE_BOUND('',#1864,.T.);
#1982=FACE_BOUND('',#1865,.T.);
#1983=FACE_BOUND('',#1866,.T.);
#1984=FACE_BOUND('',#1867,.T.);
#1985=PLANE('',#2214);
#1986=PLANE('',#2215);
#1987=PLANE('',#2216);
#1988=PLANE('',#2217);
#1989=PLANE('',#2218);
#1990=PLANE('',#2219);
#1991=PLANE('',#2220);
#1992=PLANE('',#2221);
#1993=PLANE('',#2222);
#1994=PLANE('',#2223);
#1995=PLANE('',#2224);
#1996=PLANE('',#2225);
#1997=PLANE('',#2230);
#1998=PLANE('',#2232);
#1999=PLANE('',#2233);
#2000=PLANE('',#2234);
#2001=PLANE('',#2235);
#2002=PLANE('',#2236);
#2003=PLANE('',#2237);
#2004=PLANE('',#2238);
#2005=PLANE('',#2239);
#2006=PLANE('',#2240);
#2007=PLANE('',#2241);
#2008=PLANE('',#2242);
#2009=PLANE('',#2243);
#2010=PLANE('',#2244);
#2011=PLANE('',#2245);
#2012=PLANE('',#2246);
#2013=PLANE('',#2247);
#2014=PLANE('',#2248);
#2015=PLANE('',#2249);
#2016=PLANE('',#2250);
#2017=PLANE('',#2251);
#2018=PLANE('',#2252);
#2019=PLANE('',#2257);
#2020=PLANE('',#2258);
#2021=PLANE('',#2259);
#2022=PLANE('',#2261);
#2023=PLANE('',#2262);
#2024=PLANE('',#2264);
#2025=PLANE('',#2265);
#2026=PLANE('',#2267);
#2027=PLANE('',#2268);
#2028=PLANE('',#2270);
#2029=PLANE('',#2271);
#2030=PLANE('',#2273);
#2031=PLANE('',#2274);
#2032=PLANE('',#2276);
#2033=PLANE('',#2277);
#2034=PLANE('',#2279);
#2035=PLANE('',#2281);
#2036=PLANE('',#2282);
#2037=PLANE('',#2284);
#2038=PLANE('',#2286);
#2039=PLANE('',#2287);
#2040=PLANE('',#2289);
#2041=PLANE('',#2291);
#2042=PLANE('',#2292);
#2043=PLANE('',#2294);
#2044=PLANE('',#2300);
#2045=PLANE('',#2301);
#2046=PLANE('',#2302);
#2047=PLANE('',#2309);
#2048=PLANE('',#2316);
#2049=PLANE('',#2317);
#2050=PLANE('',#2318);
#2051=PLANE('',#2320);
#2052=PLANE('',#2321);
#2053=PLANE('',#2322);
#2054=PLANE('',#2323);
#2055=PLANE('',#2324);
#2056=PLANE('',#2325);
#2057=PLANE('',#2326);
#2058=PLANE('',#2327);
#2059=PLANE('',#2328);
#2060=PLANE('',#2329);
#2061=PLANE('',#2331);
#2062=PLANE('',#2334);
#2063=PLANE('',#2336);
#2064=PLANE('',#2337);
#2065=PLANE('',#2338);
#2066=PLANE('',#2339);
#2067=PLANE('',#2340);
#2068=PLANE('',#2341);
#2069=PLANE('',#2342);
#2070=PLANE('',#2343);
#2071=PLANE('',#2344);
#2072=PLANE('',#2345);
#2073=PLANE('',#2347);
#2074=PLANE('',#2348);
#2075=PLANE('',#2351);
#2076=PLANE('',#2354);
#2077=PLANE('',#2356);
#2078=PLANE('',#2361);
#2079=PLANE('',#2362);
#2080=ADVANCED_FACE('',(#1868),#1985,.T.);
#2081=ADVANCED_FACE('',(#1869),#1986,.T.);
#2082=ADVANCED_FACE('',(#1870),#1987,.T.);
#2083=ADVANCED_FACE('',(#1871),#1988,.T.);
#2084=ADVANCED_FACE('',(#1872),#1989,.T.);
#2085=ADVANCED_FACE('',(#1873),#1990,.T.);
#2086=ADVANCED_FACE('',(#1874),#1991,.T.);
#2087=ADVANCED_FACE('',(#1875),#1992,.T.);
#2088=ADVANCED_FACE('',(#1876),#1993,.F.);
#2089=ADVANCED_FACE('',(#1877),#1994,.T.);
#2090=ADVANCED_FACE('',(#1878),#1995,.T.);
#2091=ADVANCED_FACE('',(#1879),#1996,.T.);
#2092=ADVANCED_FACE('',(#1880),#1997,.T.);
#2093=ADVANCED_FACE('',(#1881),#1998,.F.);
#2094=ADVANCED_FACE('',(#1882),#1999,.T.);
#2095=ADVANCED_FACE('',(#1883),#2000,.F.);
#2096=ADVANCED_FACE('',(#1884),#2001,.T.);
#2097=ADVANCED_FACE('',(#1885),#2002,.F.);
#2098=ADVANCED_FACE('',(#1886),#2003,.T.);
#2099=ADVANCED_FACE('',(#1887),#2004,.T.);
#2100=ADVANCED_FACE('',(#1888),#2005,.F.);
#2101=ADVANCED_FACE('',(#1889),#2006,.T.);
#2102=ADVANCED_FACE('',(#1890),#2007,.T.);
#2103=ADVANCED_FACE('',(#1891),#2008,.F.);
#2104=ADVANCED_FACE('',(#1892),#2009,.T.);
#2105=ADVANCED_FACE('',(#1893),#2010,.T.);
#2106=ADVANCED_FACE('',(#1894),#2011,.F.);
#2107=ADVANCED_FACE('',(#1895),#2012,.F.);
#2108=ADVANCED_FACE('',(#1896),#2013,.T.);
#2109=ADVANCED_FACE('',(#1897),#2014,.T.);
#2110=ADVANCED_FACE('',(#1898),#2015,.T.);
#2111=ADVANCED_FACE('',(#1899),#2016,.F.);
#2112=ADVANCED_FACE('',(#1900),#2017,.F.);
#2113=ADVANCED_FACE('',(#1901),#2018,.F.);
#2114=ADVANCED_FACE('',(#1902),#2019,.F.);
#2115=ADVANCED_FACE('',(#1903),#2020,.F.);
#2116=ADVANCED_FACE('',(#1904),#2021,.T.);
#2117=ADVANCED_FACE('',(#1905),#2022,.T.);
#2118=ADVANCED_FACE('',(#1906),#2023,.T.);
#2119=ADVANCED_FACE('',(#1907),#2024,.F.);
#2120=ADVANCED_FACE('',(#1908),#2025,.T.);
#2121=ADVANCED_FACE('',(#1909),#2026,.T.);
#2122=ADVANCED_FACE('',(#1910),#2027,.T.);
#2123=ADVANCED_FACE('',(#1911),#2028,.F.);
#2124=ADVANCED_FACE('',(#1912),#2029,.T.);
#2125=ADVANCED_FACE('',(#1913),#2030,.F.);
#2126=ADVANCED_FACE('',(#1914),#2031,.F.);
#2127=ADVANCED_FACE('',(#1915),#2032,.T.);
#2128=ADVANCED_FACE('',(#1916),#2033,.F.);
#2129=ADVANCED_FACE('',(#1917),#2034,.F.);
#2130=ADVANCED_FACE('',(#1918),#2035,.T.);
#2131=ADVANCED_FACE('',(#1919),#2036,.T.);
#2132=ADVANCED_FACE('',(#1920),#2037,.F.);
#2133=ADVANCED_FACE('',(#1921),#2038,.T.);
#2134=ADVANCED_FACE('',(#1922),#2039,.F.);
#2135=ADVANCED_FACE('',(#1923),#2040,.F.);
#2136=ADVANCED_FACE('',(#1924),#2041,.T.);
#2137=ADVANCED_FACE('',(#1925),#2042,.F.);
#2138=ADVANCED_FACE('',(#1926),#2043,.T.);
#2139=ADVANCED_FACE('',(#1927),#14,.T.);
#2140=ADVANCED_FACE('',(#1928),#15,.T.);
#2141=ADVANCED_FACE('',(#1929),#16,.T.);
#2142=ADVANCED_FACE('',(#1930),#17,.T.);
#2143=ADVANCED_FACE('',(#1931),#2044,.F.);
#2144=ADVANCED_FACE('',(#1932),#2045,.F.);
#2145=ADVANCED_FACE('',(#1933,#1934),#2046,.T.);
#2146=ADVANCED_FACE('',(#1935,#1936),#2047,.F.);
#2147=ADVANCED_FACE('',(#1937),#2048,.T.);
#2148=ADVANCED_FACE('',(#1938),#2049,.T.);
#2149=ADVANCED_FACE('',(#1939),#2050,.T.);
#2150=ADVANCED_FACE('',(#1940),#2051,.T.);
#2151=ADVANCED_FACE('',(#1941),#2052,.F.);
#2152=ADVANCED_FACE('',(#1942),#2053,.T.);
#2153=ADVANCED_FACE('',(#1943),#2054,.F.);
#2154=ADVANCED_FACE('',(#1944),#2055,.F.);
#2155=ADVANCED_FACE('',(#1945),#2056,.F.);
#2156=ADVANCED_FACE('',(#1946),#2057,.T.);
#2157=ADVANCED_FACE('',(#1947),#2058,.F.);
#2158=ADVANCED_FACE('',(#1948),#2059,.F.);
#2159=ADVANCED_FACE('',(#1949),#2060,.F.);
#2160=ADVANCED_FACE('',(#1950),#2061,.T.);
#2161=ADVANCED_FACE('',(#1951),#2062,.T.);
#2162=ADVANCED_FACE('',(#1952),#2063,.T.);
#2163=ADVANCED_FACE('',(#1953),#2064,.T.);
#2164=ADVANCED_FACE('',(#1954),#2065,.F.);
#2165=ADVANCED_FACE('',(#1955),#2066,.T.);
#2166=ADVANCED_FACE('',(#1956),#2067,.T.);
#2167=ADVANCED_FACE('',(#1957),#2068,.T.);
#2168=ADVANCED_FACE('',(#1958),#2069,.F.);
#2169=ADVANCED_FACE('',(#1959),#2070,.T.);
#2170=ADVANCED_FACE('',(#1960),#2071,.F.);
#2171=ADVANCED_FACE('',(#1961),#2072,.F.);
#2172=ADVANCED_FACE('',(#1962),#2073,.F.);
#2173=ADVANCED_FACE('',(#1963,#1964,#1965),#2074,.T.);
#2174=ADVANCED_FACE('',(#1966,#1967,#1968),#2075,.F.);
#2175=ADVANCED_FACE('',(#1969),#2076,.F.);
#2176=ADVANCED_FACE('',(#1970),#2077,.F.);
#2177=ADVANCED_FACE('',(#1971,#1972),#18,.F.);
#2178=ADVANCED_FACE('',(#1973,#1974),#19,.F.);
#2179=ADVANCED_FACE('',(#1975),#20,.F.);
#2180=ADVANCED_FACE('',(#1976),#2078,.T.);
#2181=ADVANCED_FACE('',(#1977),#2079,.F.);
#2182=ADVANCED_FACE('',(#1978),#21,.F.);
#2183=ADVANCED_FACE('',(#1979),#22,.T.);
#2184=ADVANCED_FACE('',(#1980),#23,.T.);
#2185=ADVANCED_FACE('',(#1981),#24,.T.);
#2186=ADVANCED_FACE('',(#1982),#25,.T.);
#2187=ADVANCED_FACE('',(#1983),#26,.T.);
#2188=ADVANCED_FACE('',(#1984),#27,.T.);
#2189=CLOSED_SHELL('',(#2080,#2081,#2082,#2083,#2084,#2085,#2086,#2087,
#2088,#2089,#2090,#2091,#2092,#2093,#2094,#2095,#2096,#2097,#2098,#2099,
#2100,#2101,#2102,#2103,#2104,#2105,#2106,#2107,#2108,#2109,#2110,#2111,
#2112,#2113,#2114,#2115,#2116,#2117,#2118,#2119,#2120,#2121,#2122,#2123,
#2124,#2125,#2126,#2127,#2128,#2129,#2130,#2131,#2132,#2133,#2134,#2135,
#2136,#2137,#2138,#2139,#2140,#2141,#2142));
#2190=CLOSED_SHELL('',(#2143,#2144,#2145,#2146,#2147,#2148,#2149,#2150,
#2151,#2152,#2153,#2154,#2155,#2156,#2157,#2158,#2159,#2160,#2161,#2162,
#2163,#2164,#2165,#2166,#2167,#2168,#2169,#2170,#2171,#2172,#2173,#2174,
#2175,#2176,#2177,#2178,#2179,#2180,#2181,#2182,#2183,#2184,#2185,#2186,
#2187,#2188));
#2191=STYLED_ITEM('',(#2193),#2207);
#2192=STYLED_ITEM('',(#2194),#2208);
#2193=PRESENTATION_STYLE_ASSIGNMENT((#2195));
#2194=PRESENTATION_STYLE_ASSIGNMENT((#2196));
#2195=SURFACE_STYLE_USAGE(.BOTH.,#2197);
#2196=SURFACE_STYLE_USAGE(.BOTH.,#2198);
#2197=SURFACE_SIDE_STYLE('',(#2199));
#2198=SURFACE_SIDE_STYLE('',(#2200));
#2199=SURFACE_STYLE_FILL_AREA(#2201);
#2200=SURFACE_STYLE_FILL_AREA(#2202);
#2201=FILL_AREA_STYLE('',(#2203));
#2202=FILL_AREA_STYLE('',(#2204));
#2203=FILL_AREA_STYLE_COLOUR('',#2205);
#2204=FILL_AREA_STYLE_COLOUR('',#2206);
#2205=COLOUR_RGB('',0.231372549019608,0.380392156862745,0.705882352941177);
#2206=COLOUR_RGB('',0.917647058823529,0.917647058823529,0.917647058823529);
#2207=MANIFOLD_SOLID_BREP('Part 65',#2189);
#2208=MANIFOLD_SOLID_BREP('Part 66',#2190);
#2209=SHAPE_DEFINITION_REPRESENTATION(#3594,#2211);
#2210=SHAPE_DEFINITION_REPRESENTATION(#3595,#2212);
#2211=SHAPE_REPRESENTATION('Part 65',(#2213),#3584);
#2212=SHAPE_REPRESENTATION('Part 66',(#2299),#3585);
#2213=AXIS2_PLACEMENT_3D('',#2950,#2370,#2371);
#2214=AXIS2_PLACEMENT_3D('',#2951,#2372,#2373);
#2215=AXIS2_PLACEMENT_3D('',#2960,#2378,#2379);
#2216=AXIS2_PLACEMENT_3D('',#2969,#2384,#2385);
#2217=AXIS2_PLACEMENT_3D('',#2978,#2390,#2391);
#2218=AXIS2_PLACEMENT_3D('',#2987,#2396,#2397);
#2219=AXIS2_PLACEMENT_3D('',#3028,#2418,#2419);
#2220=AXIS2_PLACEMENT_3D('',#3037,#2424,#2425);
#2221=AXIS2_PLACEMENT_3D('',#3050,#2432,#2433);
#2222=AXIS2_PLACEMENT_3D('',#3059,#2438,#2439);
#2223=AXIS2_PLACEMENT_3D('',#3068,#2444,#2445);
#2224=AXIS2_PLACEMENT_3D('',#3077,#2450,#2451);
#2225=AXIS2_PLACEMENT_3D('',#3086,#2456,#2457);
#2226=AXIS2_PLACEMENT_3D('',#3087,#2458,#2459);
#2227=AXIS2_PLACEMENT_3D('',#3091,#2461,#2462);
#2228=AXIS2_PLACEMENT_3D('',#3095,#2464,#2465);
#2229=AXIS2_PLACEMENT_3D('',#3099,#2467,#2468);
#2230=AXIS2_PLACEMENT_3D('',#3122,#2481,#2482);
#2231=AXIS2_PLACEMENT_3D('',#3126,#2484,#2485);
#2232=AXIS2_PLACEMENT_3D('',#3135,#2491,#2492);
#2233=AXIS2_PLACEMENT_3D('',#3140,#2496,#2497);
#2234=AXIS2_PLACEMENT_3D('',#3142,#2499,#2500);
#2235=AXIS2_PLACEMENT_3D('',#3148,#2504,#2505);
#2236=AXIS2_PLACEMENT_3D('',#3150,#2507,#2508);
#2237=AXIS2_PLACEMENT_3D('',#3156,#2512,#2513);
#2238=AXIS2_PLACEMENT_3D('',#3162,#2517,#2518);
#2239=AXIS2_PLACEMENT_3D('',#3166,#2521,#2522);
#2240=AXIS2_PLACEMENT_3D('',#3170,#2525,#2526);
#2241=AXIS2_PLACEMENT_3D('',#3174,#2529,#2530);
#2242=AXIS2_PLACEMENT_3D('',#3187,#2540,#2541);
#2243=AXIS2_PLACEMENT_3D('',#3191,#2544,#2545);
#2244=AXIS2_PLACEMENT_3D('',#3195,#2548,#2549);
#2245=AXIS2_PLACEMENT_3D('',#3199,#2552,#2553);
#2246=AXIS2_PLACEMENT_3D('',#3203,#2556,#2557);
#2247=AXIS2_PLACEMENT_3D('',#3205,#2559,#2560);
#2248=AXIS2_PLACEMENT_3D('',#3211,#2564,#2565);
#2249=AXIS2_PLACEMENT_3D('',#3215,#2568,#2569);
#2250=AXIS2_PLACEMENT_3D('',#3217,#2571,#2572);
#2251=AXIS2_PLACEMENT_3D('',#3221,#2575,#2576);
#2252=AXIS2_PLACEMENT_3D('',#3223,#2578,#2579);
#2253=AXIS2_PLACEMENT_3D('',#3224,#2580,#2581);
#2254=AXIS2_PLACEMENT_3D('',#3225,#2582,#2583);
#2255=AXIS2_PLACEMENT_3D('',#3226,#2584,#2585);
#2256=AXIS2_PLACEMENT_3D('',#3227,#2586,#2587);
#2257=AXIS2_PLACEMENT_3D('',#3228,#2588,#2589);
#2258=AXIS2_PLACEMENT_3D('',#3229,#2590,#2591);
#2259=AXIS2_PLACEMENT_3D('',#3233,#2594,#2595);
#2260=AXIS2_PLACEMENT_3D('',#3237,#2597,#2598);
#2261=AXIS2_PLACEMENT_3D('',#3239,#2600,#2601);
#2262=AXIS2_PLACEMENT_3D('',#3243,#2604,#2605);
#2263=AXIS2_PLACEMENT_3D('',#3246,#2607,#2608);
#2264=AXIS2_PLACEMENT_3D('',#3249,#2610,#2611);
#2265=AXIS2_PLACEMENT_3D('',#3253,#2614,#2615);
#2266=AXIS2_PLACEMENT_3D('',#3254,#2616,#2617);
#2267=AXIS2_PLACEMENT_3D('',#3256,#2619,#2620);
#2268=AXIS2_PLACEMENT_3D('',#3258,#2622,#2623);
#2269=AXIS2_PLACEMENT_3D('',#3261,#2625,#2626);
#2270=AXIS2_PLACEMENT_3D('',#3262,#2627,#2628);
#2271=AXIS2_PLACEMENT_3D('',#3266,#2631,#2632);
#2272=AXIS2_PLACEMENT_3D('',#3267,#2633,#2634);
#2273=AXIS2_PLACEMENT_3D('',#3269,#2636,#2637);
#2274=AXIS2_PLACEMENT_3D('',#3271,#2639,#2640);
#2275=AXIS2_PLACEMENT_3D('',#3272,#2641,#2642);
#2276=AXIS2_PLACEMENT_3D('',#3273,#2643,#2644);
#2277=AXIS2_PLACEMENT_3D('',#3275,#2646,#2647);
#2278=AXIS2_PLACEMENT_3D('',#3276,#2648,#2649);
#2279=AXIS2_PLACEMENT_3D('',#3277,#2650,#2651);
#2280=AXIS2_PLACEMENT_3D('',#3280,#2653,#2654);
#2281=AXIS2_PLACEMENT_3D('',#3281,#2655,#2656);
#2282=AXIS2_PLACEMENT_3D('',#3285,#2659,#2660);
#2283=AXIS2_PLACEMENT_3D('',#3288,#2662,#2663);
#2284=AXIS2_PLACEMENT_3D('',#3289,#2664,#2665);
#2285=AXIS2_PLACEMENT_3D('',#3292,#2667,#2668);
#2286=AXIS2_PLACEMENT_3D('',#3295,#2670,#2671);
#2287=AXIS2_PLACEMENT_3D('',#3299,#2674,#2675);
#2288=AXIS2_PLACEMENT_3D('',#3300,#2676,#2677);
#2289=AXIS2_PLACEMENT_3D('',#3301,#2678,#2679);
#2290=AXIS2_PLACEMENT_3D('',#3304,#2681,#2682);
#2291=AXIS2_PLACEMENT_3D('',#3305,#2683,#2684);
#2292=AXIS2_PLACEMENT_3D('',#3309,#2687,#2688);
#2293=AXIS2_PLACEMENT_3D('',#3310,#2689,#2690);
#2294=AXIS2_PLACEMENT_3D('',#3311,#2691,#2692);
#2295=AXIS2_PLACEMENT_3D('',#3313,#2694,#2695);
#2296=AXIS2_PLACEMENT_3D('',#3314,#2696,#2697);
#2297=AXIS2_PLACEMENT_3D('',#3315,#2698,#2699);
#2298=AXIS2_PLACEMENT_3D('',#3316,#2700,#2701);
#2299=AXIS2_PLACEMENT_3D('',#3317,#2702,#2703);
#2300=AXIS2_PLACEMENT_3D('',#3318,#2704,#2705);
#2301=AXIS2_PLACEMENT_3D('',#3327,#2710,#2711);
#2302=AXIS2_PLACEMENT_3D('',#3336,#2716,#2717);
#2303=AXIS2_PLACEMENT_3D('',#3337,#2718,#2719);
#2304=AXIS2_PLACEMENT_3D('',#3342,#2721,#2722);
#2305=AXIS2_PLACEMENT_3D('',#3348,#2725,#2726);
#2306=AXIS2_PLACEMENT_3D('',#3349,#2727,#2728);
#2307=AXIS2_PLACEMENT_3D('',#3350,#2729,#2730);
#2308=AXIS2_PLACEMENT_3D('',#3354,#2732,#2733);
#2309=AXIS2_PLACEMENT_3D('',#3355,#2734,#2735);
#2310=AXIS2_PLACEMENT_3D('',#3359,#2737,#2738);
#2311=AXIS2_PLACEMENT_3D('',#3363,#2740,#2741);
#2312=AXIS2_PLACEMENT_3D('',#3364,#2742,#2743);
#2313=AXIS2_PLACEMENT_3D('',#3368,#2745,#2746);
#2314=AXIS2_PLACEMENT_3D('',#3372,#2748,#2749);
#2315=AXIS2_PLACEMENT_3D('',#3373,#2750,#2751);
#2316=AXIS2_PLACEMENT_3D('',#3374,#2752,#2753);
#2317=AXIS2_PLACEMENT_3D('',#3377,#2756,#2757);
#2318=AXIS2_PLACEMENT_3D('',#3386,#2762,#2763);
#2319=AXIS2_PLACEMENT_3D('',#3390,#2765,#2766);
#2320=AXIS2_PLACEMENT_3D('',#3394,#2769,#2770);
#2321=AXIS2_PLACEMENT_3D('',#3400,#2774,#2775);
#2322=AXIS2_PLACEMENT_3D('',#3406,#2779,#2780);
#2323=AXIS2_PLACEMENT_3D('',#3412,#2784,#2785);
#2324=AXIS2_PLACEMENT_3D('',#3418,#2789,#2790);
#2325=AXIS2_PLACEMENT_3D('',#3424,#2794,#2795);
#2326=AXIS2_PLACEMENT_3D('',#3430,#2799,#2800);
#2327=AXIS2_PLACEMENT_3D('',#3436,#2804,#2805);
#2328=AXIS2_PLACEMENT_3D('',#3442,#2809,#2810);
#2329=AXIS2_PLACEMENT_3D('',#3448,#2814,#2815);
#2330=AXIS2_PLACEMENT_3D('',#3451,#2817,#2818);
#2331=AXIS2_PLACEMENT_3D('',#3454,#2820,#2821);
#2332=AXIS2_PLACEMENT_3D('',#3458,#2823,#2824);
#2333=AXIS2_PLACEMENT_3D('',#3462,#2826,#2827);
#2334=AXIS2_PLACEMENT_3D('',#3463,#2828,#2829);
#2335=AXIS2_PLACEMENT_3D('',#3467,#2831,#2832);
#2336=AXIS2_PLACEMENT_3D('',#3472,#2835,#2836);
#2337=AXIS2_PLACEMENT_3D('',#3478,#2840,#2841);
#2338=AXIS2_PLACEMENT_3D('',#3484,#2845,#2846);
#2339=AXIS2_PLACEMENT_3D('',#3490,#2850,#2851);
#2340=AXIS2_PLACEMENT_3D('',#3496,#2855,#2856);
#2341=AXIS2_PLACEMENT_3D('',#3502,#2860,#2861);
#2342=AXIS2_PLACEMENT_3D('',#3508,#2865,#2866);
#2343=AXIS2_PLACEMENT_3D('',#3514,#2870,#2871);
#2344=AXIS2_PLACEMENT_3D('',#3520,#2875,#2876);
#2345=AXIS2_PLACEMENT_3D('',#3526,#2880,#2881);
#2346=AXIS2_PLACEMENT_3D('',#3530,#2883,#2884);
#2347=AXIS2_PLACEMENT_3D('',#3534,#2887,#2888);
#2348=AXIS2_PLACEMENT_3D('',#3540,#2892,#2893);
#2349=AXIS2_PLACEMENT_3D('',#3541,#2894,#2895);
#2350=AXIS2_PLACEMENT_3D('',#3543,#2896,#2897);
#2351=AXIS2_PLACEMENT_3D('',#3549,#2902,#2903);
#2352=AXIS2_PLACEMENT_3D('',#3558,#2910,#2911);
#2353=AXIS2_PLACEMENT_3D('',#3560,#2912,#2913);
#2354=AXIS2_PLACEMENT_3D('',#3562,#2914,#2915);
#2355=AXIS2_PLACEMENT_3D('',#3563,#2916,#2917);
#2356=AXIS2_PLACEMENT_3D('',#3564,#2918,#2919);
#2357=AXIS2_PLACEMENT_3D('',#3565,#2920,#2921);
#2358=AXIS2_PLACEMENT_3D('',#3566,#2922,#2923);
#2359=AXIS2_PLACEMENT_3D('',#3567,#2924,#2925);
#2360=AXIS2_PLACEMENT_3D('',#3568,#2926,#2927);
#2361=AXIS2_PLACEMENT_3D('',#3571,#2930,#2931);
#2362=AXIS2_PLACEMENT_3D('',#3573,#2933,#2934);
#2363=AXIS2_PLACEMENT_3D('',#3575,#2936,#2937);
#2364=AXIS2_PLACEMENT_3D('',#3576,#2938,#2939);
#2365=AXIS2_PLACEMENT_3D('',#3577,#2940,#2941);
#2366=AXIS2_PLACEMENT_3D('',#3578,#2942,#2943);
#2367=AXIS2_PLACEMENT_3D('',#3579,#2944,#2945);
#2368=AXIS2_PLACEMENT_3D('',#3580,#2946,#2947);
#2369=AXIS2_PLACEMENT_3D('',#3581,#2948,#2949);
#2370=DIRECTION('',(0.,0.,1.));
#2371=DIRECTION('',(1.,0.,0.));
#2372=DIRECTION('',(0.,0.,1.));
#2373=DIRECTION('',(1.,0.,0.));
#2374=DIRECTION('',(1.,0.,0.));
#2375=DIRECTION('',(0.,1.,0.));
#2376=DIRECTION('',(1.,0.,0.));
#2377=DIRECTION('',(0.,-1.,0.));
#2378=DIRECTION('',(0.,0.,1.));
#2379=DIRECTION('',(1.,0.,0.));
#2380=DIRECTION('',(-1.,0.,0.));
#2381=DIRECTION('',(0.,1.,0.));
#2382=DIRECTION('',(1.,0.,0.));
#2383=DIRECTION('',(0.,1.,0.));
#2384=DIRECTION('',(0.,0.,1.));
#2385=DIRECTION('',(1.,0.,0.));
#2386=DIRECTION('',(-1.,0.,0.));
#2387=DIRECTION('',(0.,-1.,0.));
#2388=DIRECTION('',(1.,0.,0.));
#2389=DIRECTION('',(0.,1.,0.));
#2390=DIRECTION('',(0.,0.,1.));
#2391=DIRECTION('',(1.,0.,0.));
#2392=DIRECTION('',(-1.,0.,0.));
#2393=DIRECTION('',(0.,-1.,0.));
#2394=DIRECTION('',(1.,0.,0.));
#2395=DIRECTION('',(0.,1.,0.));
#2396=DIRECTION('',(0.,0.,1.));
#2397=DIRECTION('',(1.,0.,0.));
#2398=DIRECTION('',(1.,0.,0.));
#2399=DIRECTION('',(0.,-1.,0.));
#2400=DIRECTION('',(-1.,0.,0.));
#2401=DIRECTION('',(0.,-1.,0.));
#2402=DIRECTION('',(-1.,0.,0.));
#2403=DIRECTION('',(0.,-1.,0.));
#2404=DIRECTION('',(-1.,0.,0.));
#2405=DIRECTION('',(-1.66638645753284E-15,-1.,0.));
#2406=DIRECTION('',(1.,0.,0.));
#2407=DIRECTION('',(0.,-1.,0.));
#2408=DIRECTION('',(1.,0.,0.));
#2409=DIRECTION('',(0.,-1.,0.));
#2410=DIRECTION('',(-1.,0.,0.));
#2411=DIRECTION('',(0.,1.,0.));
#2412=DIRECTION('',(1.,0.,0.));
#2413=DIRECTION('',(0.,-1.,0.));
#2414=DIRECTION('',(-1.,0.,0.));
#2415=DIRECTION('',(0.,1.,0.));
#2416=DIRECTION('',(1.,0.,0.));
#2417=DIRECTION('',(0.,-1.,0.));
#2418=DIRECTION('',(0.,0.,1.));
#2419=DIRECTION('',(1.,0.,0.));
#2420=DIRECTION('',(1.,0.,0.));
#2421=DIRECTION('',(0.,-1.,0.));
#2422=DIRECTION('',(-1.,0.,0.));
#2423=DIRECTION('',(0.,-1.,0.));
#2424=DIRECTION('',(0.,0.,1.));
#2425=DIRECTION('',(1.,0.,0.));
#2426=DIRECTION('',(1.,0.,0.));
#2427=DIRECTION('',(0.,-1.,0.));
#2428=DIRECTION('',(-1.,0.,0.));
#2429=DIRECTION('',(0.,-1.,0.));
#2430=DIRECTION('',(-1.,0.,0.));
#2431=DIRECTION('',(1.28349482615625E-15,-1.,0.));
#2432=DIRECTION('',(0.,0.,1.));
#2433=DIRECTION('',(1.,0.,0.));
#2434=DIRECTION('',(1.,0.,0.));
#2435=DIRECTION('',(0.,-1.,0.));
#2436=DIRECTION('',(-1.,0.,0.));
#2437=DIRECTION('',(0.,-1.,0.));
#2438=DIRECTION('',(1.,0.,0.));
#2439=DIRECTION('',(0.,0.,-1.));
#2440=DIRECTION('',(0.,-1.,0.));
#2441=DIRECTION('',(0.,0.,-1.));
#2442=DIRECTION('',(0.,-1.,0.));
#2443=DIRECTION('',(0.,0.,-1.));
#2444=DIRECTION('',(1.,0.,0.));
#2445=DIRECTION('',(0.,0.,-1.));
#2446=DIRECTION('',(0.,0.,-1.));
#2447=DIRECTION('',(0.,-1.,0.));
#2448=DIRECTION('',(0.,0.,-1.));
#2449=DIRECTION('',(0.,1.,0.));
#2450=DIRECTION('',(0.,0.,1.));
#2451=DIRECTION('',(1.,0.,0.));
#2452=DIRECTION('',(-1.,0.,0.));
#2453=DIRECTION('',(0.,-1.,0.));
#2454=DIRECTION('',(1.,0.,0.));
#2455=DIRECTION('',(0.,1.,0.));
#2456=DIRECTION('',(0.,-1.,0.));
#2457=DIRECTION('',(0.,0.,-1.));
#2458=DIRECTION('',(0.,-1.,0.));
#2459=DIRECTION('',(0.,0.,-1.));
#2460=DIRECTION('',(0.,0.,-1.));
#2461=DIRECTION('',(0.,-1.,0.));
#2462=DIRECTION('',(0.,0.,-1.));
#2463=DIRECTION('',(-1.,0.,0.));
#2464=DIRECTION('',(0.,-1.,0.));
#2465=DIRECTION('',(0.,0.,-1.));
#2466=DIRECTION('',(0.,0.,-1.));
#2467=DIRECTION('',(0.,-1.,0.));
#2468=DIRECTION('',(0.,0.,-1.));
#2469=DIRECTION('',(-1.,0.,0.));
#2470=DIRECTION('',(0.,0.,-1.));
#2471=DIRECTION('',(0.,0.,-1.));
#2472=DIRECTION('',(1.,0.,0.));
#2473=DIRECTION('',(0.,0.,1.));
#2474=DIRECTION('',(1.,0.,0.));
#2475=DIRECTION('',(-1.,0.,0.));
#2476=DIRECTION('',(0.,0.,-1.));
#2477=DIRECTION('',(-1.,0.,0.));
#2478=DIRECTION('',(0.,0.,-1.));
#2479=DIRECTION('',(-1.,0.,-2.16840434497101E-16));
#2480=DIRECTION('',(0.,0.,-1.));
#2481=DIRECTION('',(0.,-1.,0.));
#2482=DIRECTION('',(0.,0.,-1.));
#2483=DIRECTION('',(1.,0.,0.));
#2484=DIRECTION('',(0.,-1.,0.));
#2485=DIRECTION('',(0.,0.,-1.));
#2486=DIRECTION('',(0.,0.,-1.));
#2487=DIRECTION('',(0.,0.,-1.));
#2488=DIRECTION('',(1.,0.,0.));
#2489=DIRECTION('',(0.,0.,-1.));
#2490=DIRECTION('',(0.,0.,-1.));
#2491=DIRECTION('',(0.,0.,-1.));
#2492=DIRECTION('',(1.,0.,0.));
#2493=DIRECTION('',(1.,0.,0.));
#2494=DIRECTION('',(0.,-1.,0.));
#2495=DIRECTION('',(-1.,0.,0.));
#2496=DIRECTION('',(-1.,0.,0.));
#2497=DIRECTION('',(0.,0.,1.));
#2498=DIRECTION('',(0.,1.,0.));
#2499=DIRECTION('',(-1.,0.,0.));
#2500=DIRECTION('',(0.,0.,1.));
#2501=DIRECTION('',(0.,0.,1.));
#2502=DIRECTION('',(0.,1.,0.));
#2503=DIRECTION('',(0.,1.,0.));
#2504=DIRECTION('',(0.,0.,1.));
#2505=DIRECTION('',(1.,0.,0.));
#2506=DIRECTION('',(0.,-1.,0.));
#2507=DIRECTION('',(0.,0.,1.));
#2508=DIRECTION('',(1.,0.,0.));
#2509=DIRECTION('',(-1.,0.,0.));
#2510=DIRECTION('',(0.,1.,0.));
#2511=DIRECTION('',(0.,1.,0.));
#2512=DIRECTION('',(-1.,0.,0.));
#2513=DIRECTION('',(0.,0.,1.));
#2514=DIRECTION('',(0.,-1.,0.));
#2515=DIRECTION('',(0.,0.,1.));
#2516=DIRECTION('',(0.,1.,0.));
#2517=DIRECTION('',(-1.,0.,0.));
#2518=DIRECTION('',(0.,0.,1.));
#2519=DIRECTION('',(0.,-1.,0.));
#2520=DIRECTION('',(0.,0.,1.));
#2521=DIRECTION('',(1.,0.,0.));
#2522=DIRECTION('',(0.,0.,-1.));
#2523=DIRECTION('',(0.,0.,-1.));
#2524=DIRECTION('',(0.,-1.,0.));
#2525=DIRECTION('',(0.,-1.,0.));
#2526=DIRECTION('',(0.,0.,-1.));
#2527=DIRECTION('',(1.,0.,-1.97127667724638E-16));
#2528=DIRECTION('',(0.,0.,1.));
#2529=DIRECTION('',(1.,0.,0.));
#2530=DIRECTION('',(0.,0.,-1.));
#2531=DIRECTION('',(0.,-1.,0.));
#2532=DIRECTION('',(0.,0.,-1.));
#2533=DIRECTION('',(0.,0.,-1.));
#2534=DIRECTION('',(0.,0.,-1.));
#2535=DIRECTION('',(0.,0.,-1.));
#2536=DIRECTION('',(0.,0.,-1.));
#2537=DIRECTION('',(0.,0.,-1.));
#2538=DIRECTION('',(0.,-1.,0.));
#2539=DIRECTION('',(0.,0.,-1.));
#2540=DIRECTION('',(-1.97127667724637E-16,0.,-1.));
#2541=DIRECTION('',(-1.,0.,1.97127667724637E-16));
#2542=DIRECTION('',(0.,-1.,0.));
#2543=DIRECTION('',(-1.,0.,1.97127667724637E-16));
#2544=DIRECTION('',(0.,0.,-1.));
#2545=DIRECTION('',(-1.,0.,0.));
#2546=DIRECTION('',(-1.,0.,0.));
#2547=DIRECTION('',(0.,-1.,0.));
#2548=DIRECTION('',(-1.,0.,0.));
#2549=DIRECTION('',(0.,0.,1.));
#2550=DIRECTION('',(0.,0.,1.));
#2551=DIRECTION('',(0.,-1.,0.));
#2552=DIRECTION('',(0.,0.,-1.));
#2553=DIRECTION('',(-1.,0.,0.));
#2554=DIRECTION('',(-1.,0.,0.));
#2555=DIRECTION('',(0.,-1.,0.));
#2556=DIRECTION('',(-1.,0.,0.));
#2557=DIRECTION('',(0.,0.,1.));
#2558=DIRECTION('',(0.,0.,1.));
#2559=DIRECTION('',(-1.,0.,0.));
#2560=DIRECTION('',(0.,0.,1.));
#2561=DIRECTION('',(0.,-1.,0.));
#2562=DIRECTION('',(0.,-1.,0.));
#2563=DIRECTION('',(0.,0.,1.));
#2564=DIRECTION('',(0.,0.,1.));
#2565=DIRECTION('',(1.,0.,0.));
#2566=DIRECTION('',(0.,-1.,0.));
#2567=DIRECTION('',(1.,0.,0.));
#2568=DIRECTION('',(0.,0.,1.));
#2569=DIRECTION('',(1.,0.,0.));
#2570=DIRECTION('',(1.,0.,0.));
#2571=DIRECTION('',(-1.,0.,0.));
#2572=DIRECTION('',(0.,0.,1.));
#2573=DIRECTION('',(0.,0.,1.));
#2574=DIRECTION('',(0.,-1.,0.));
#2575=DIRECTION('',(-2.16840434497101E-16,0.,1.));
#2576=DIRECTION('',(1.,0.,2.16840434497101E-16));
#2577=DIRECTION('',(1.,0.,2.16840434497101E-16));
#2578=DIRECTION('',(0.,-1.,0.));
#2579=DIRECTION('',(0.,0.,-1.));
#2580=DIRECTION('',(0.,-1.,0.));
#2581=DIRECTION('',(0.,0.,-1.));
#2582=DIRECTION('',(0.,-1.,0.));
#2583=DIRECTION('',(0.,0.,-1.));
#2584=DIRECTION('',(0.,-1.,0.));
#2585=DIRECTION('',(0.,0.,-1.));
#2586=DIRECTION('',(0.,-1.,0.));
#2587=DIRECTION('',(0.,0.,-1.));
#2588=DIRECTION('',(0.,1.,0.));
#2589=DIRECTION('',(0.,0.,1.));
#2590=DIRECTION('',(1.,-1.66638645753284E-15,0.));
#2591=DIRECTION('',(1.66638645753284E-15,1.,0.));
#2592=DIRECTION('',(0.,-1.,0.));
#2593=DIRECTION('',(0.,0.,-1.));
#2594=DIRECTION('',(0.,1.,0.));
#2595=DIRECTION('',(0.,0.,1.));
#2596=DIRECTION('',(1.,0.,0.));
#2597=DIRECTION('',(0.,1.,0.));
#2598=DIRECTION('',(0.,0.,1.));
#2599=DIRECTION('',(0.,0.,-1.));
#2600=DIRECTION('',(-1.,0.,0.));
#2601=DIRECTION('',(0.,0.,1.));
#2602=DIRECTION('',(0.,0.,-1.));
#2603=DIRECTION('',(0.,1.,0.));
#2604=DIRECTION('',(0.,-1.,0.));
#2605=DIRECTION('',(0.,0.,-1.));
#2606=DIRECTION('',(0.,0.,-1.));
#2607=DIRECTION('',(0.,-1.,0.));
#2608=DIRECTION('',(0.,0.,-1.));
#2609=DIRECTION('',(-1.,0.,0.));
#2610=DIRECTION('',(1.,0.,0.));
#2611=DIRECTION('',(0.,0.,-1.));
#2612=DIRECTION('',(0.,0.,-1.));
#2613=DIRECTION('',(0.,-1.,0.));
#2614=DIRECTION('',(0.,1.,0.));
#2615=DIRECTION('',(0.,0.,1.));
#2616=DIRECTION('',(0.,1.,0.));
#2617=DIRECTION('',(0.,0.,1.));
#2618=DIRECTION('',(0.,0.,-1.));
#2619=DIRECTION('',(-1.,0.,0.));
#2620=DIRECTION('',(0.,0.,1.));
#2621=DIRECTION('',(0.,0.,-1.));
#2622=DIRECTION('',(0.,-1.,0.));
#2623=DIRECTION('',(0.,0.,-1.));
#2624=DIRECTION('',(0.,0.,-1.));
#2625=DIRECTION('',(0.,-1.,0.));
#2626=DIRECTION('',(0.,0.,-1.));
#2627=DIRECTION('',(1.,0.,0.));
#2628=DIRECTION('',(0.,0.,-1.));
#2629=DIRECTION('',(0.,0.,-1.));
#2630=DIRECTION('',(0.,-1.,0.));
#2631=DIRECTION('',(0.,1.,0.));
#2632=DIRECTION('',(0.,0.,1.));
#2633=DIRECTION('',(0.,1.,0.));
#2634=DIRECTION('',(0.,0.,1.));
#2635=DIRECTION('',(0.,0.,-1.));
#2636=DIRECTION('',(1.,0.,0.));
#2637=DIRECTION('',(0.,0.,-1.));
#2638=DIRECTION('',(0.,0.,-1.));
#2639=DIRECTION('',(0.,1.,0.));
#2640=DIRECTION('',(0.,0.,1.));
#2641=DIRECTION('',(0.,1.,0.));
#2642=DIRECTION('',(0.,0.,1.));
#2643=DIRECTION('',(0.,0.,1.));
#2644=DIRECTION('',(1.,0.,0.));
#2645=DIRECTION('',(0.,1.,0.));
#2646=DIRECTION('',(0.,-1.,0.));
#2647=DIRECTION('',(0.,0.,-1.));
#2648=DIRECTION('',(0.,-1.,0.));
#2649=DIRECTION('',(0.,0.,-1.));
#2650=DIRECTION('',(0.,1.,0.));
#2651=DIRECTION('',(0.,0.,1.));
#2652=DIRECTION('',(0.,0.,-1.));
#2653=DIRECTION('',(0.,1.,0.));
#2654=DIRECTION('',(0.,0.,1.));
#2655=DIRECTION('',(1.,1.28349482615625E-15,0.));
#2656=DIRECTION('',(-1.28349482615625E-15,1.,0.));
#2657=DIRECTION('',(0.,0.,-1.));
#2658=DIRECTION('',(0.,-1.,0.));
#2659=DIRECTION('',(0.,-1.,0.));
#2660=DIRECTION('',(0.,0.,-1.));
#2661=DIRECTION('',(-1.,0.,0.));
#2662=DIRECTION('',(0.,-1.,0.));
#2663=DIRECTION('',(0.,0.,-1.));
#2664=DIRECTION('',(0.,-1.,0.));
#2665=DIRECTION('',(0.,0.,-1.));
#2666=DIRECTION('',(0.,0.,-1.));
#2667=DIRECTION('',(0.,-1.,0.));
#2668=DIRECTION('',(0.,0.,-1.));
#2669=DIRECTION('',(-1.,0.,0.));
#2670=DIRECTION('',(1.,0.,0.));
#2671=DIRECTION('',(0.,0.,-1.));
#2672=DIRECTION('',(0.,0.,-1.));
#2673=DIRECTION('',(0.,-1.,0.));
#2674=DIRECTION('',(0.,1.,0.));
#2675=DIRECTION('',(0.,0.,1.));
#2676=DIRECTION('',(0.,1.,0.));
#2677=DIRECTION('',(0.,0.,1.));
#2678=DIRECTION('',(0.,-1.,0.));
#2679=DIRECTION('',(0.,0.,-1.));
#2680=DIRECTION('',(0.,0.,-1.));
#2681=DIRECTION('',(0.,-1.,0.));
#2682=DIRECTION('',(0.,0.,-1.));
#2683=DIRECTION('',(1.,0.,0.));
#2684=DIRECTION('',(0.,0.,-1.));
#2685=DIRECTION('',(0.,0.,-1.));
#2686=DIRECTION('',(0.,-1.,0.));
#2687=DIRECTION('',(0.,1.,0.));
#2688=DIRECTION('',(0.,0.,1.));
#2689=DIRECTION('',(0.,1.,0.));
#2690=DIRECTION('',(0.,0.,1.));
#2691=DIRECTION('',(0.,0.,1.));
#2692=DIRECTION('',(1.,0.,0.));
#2693=DIRECTION('',(0.,-1.,0.));
#2694=DIRECTION('',(0.,-1.,0.));
#2695=DIRECTION('',(0.,0.,-1.));
#2696=DIRECTION('',(0.,-1.,0.));
#2697=DIRECTION('',(0.,0.,-1.));
#2698=DIRECTION('',(0.,1.,0.));
#2699=DIRECTION('',(0.,0.,1.));
#2700=DIRECTION('',(0.,-1.,0.));
#2701=DIRECTION('',(0.,0.,-1.));
#2702=DIRECTION('',(0.,0.,1.));
#2703=DIRECTION('',(1.,0.,0.));
#2704=DIRECTION('',(0.,0.,1.));
#2705=DIRECTION('',(1.,0.,0.));
#2706=DIRECTION('',(-1.,0.,0.));
#2707=DIRECTION('',(0.,1.,0.));
#2708=DIRECTION('',(-1.,0.,0.));
#2709=DIRECTION('',(0.,1.,0.));
#2710=DIRECTION('',(-1.,0.,0.));
#2711=DIRECTION('',(0.,0.,1.));
#2712=DIRECTION('',(0.,0.,1.));
#2713=DIRECTION('',(0.,1.,0.));
#2714=DIRECTION('',(0.,0.,1.));
#2715=DIRECTION('',(0.,1.,0.));
#2716=DIRECTION('',(0.,-1.,0.));
#2717=DIRECTION('',(0.,0.,-1.));
#2718=DIRECTION('',(0.,-1.,0.));
#2719=DIRECTION('',(0.,0.,-1.));
#2720=DIRECTION('',(-1.,0.,0.));
#2721=DIRECTION('',(0.,-1.,0.));
#2722=DIRECTION('',(0.,0.,-1.));
#2723=DIRECTION('',(-1.,0.,0.));
#2724=DIRECTION('',(0.,0.,1.));
#2725=DIRECTION('',(0.,-1.,0.));
#2726=DIRECTION('',(0.,0.,-1.));
#2727=DIRECTION('',(0.,-1.,0.));
#2728=DIRECTION('',(0.,0.,-1.));
#2729=DIRECTION('',(0.,-1.,0.));
#2730=DIRECTION('',(0.,0.,-1.));
#2731=DIRECTION('',(-1.,0.,0.));
#2732=DIRECTION('',(0.,-1.,0.));
#2733=DIRECTION('',(0.,0.,-1.));
#2734=DIRECTION('',(0.,-1.,0.));
#2735=DIRECTION('',(0.,0.,-1.));
#2736=DIRECTION('',(-1.,0.,0.));
#2737=DIRECTION('',(0.,1.,0.));
#2738=DIRECTION('',(0.,0.,-1.));
#2739=DIRECTION('',(-1.,0.,0.));
#2740=DIRECTION('',(0.,1.,0.));
#2741=DIRECTION('',(0.,0.,-1.));
#2742=DIRECTION('',(0.,-1.,0.));
#2743=DIRECTION('',(0.,0.,-1.));
#2744=DIRECTION('',(0.,0.,1.));
#2745=DIRECTION('',(0.,-1.,0.));
#2746=DIRECTION('',(0.,0.,-1.));
#2747=DIRECTION('',(1.,0.,0.));
#2748=DIRECTION('',(0.,-1.,0.));
#2749=DIRECTION('',(0.,0.,-1.));
#2750=DIRECTION('',(0.,-1.,0.));
#2751=DIRECTION('',(0.,0.,-1.));
#2752=DIRECTION('',(-1.,0.,0.));
#2753=DIRECTION('',(0.,0.,1.));
#2754=DIRECTION('',(0.,1.,0.));
#2755=DIRECTION('',(0.,1.,0.));
#2756=DIRECTION('',(1.,-1.28349482615625E-15,0.));
#2757=DIRECTION('',(1.28349482615625E-15,1.,0.));
#2758=DIRECTION('',(0.,0.,-1.));
#2759=DIRECTION('',(0.,-1.,0.));
#2760=DIRECTION('',(0.,0.,1.));
#2761=DIRECTION('',(-1.28349482615625E-15,-1.,0.));
#2762=DIRECTION('',(0.,1.,0.));
#2763=DIRECTION('',(0.,0.,1.));
#2764=DIRECTION('',(1.,0.,0.));
#2765=DIRECTION('',(0.,1.,0.));
#2766=DIRECTION('',(0.,0.,1.));
#2767=DIRECTION('',(1.,0.,0.));
#2768=DIRECTION('',(0.,0.,-1.));
#2769=DIRECTION('',(1.,0.,0.));
#2770=DIRECTION('',(0.,0.,-1.));
#2771=DIRECTION('',(0.,-1.,0.));
#2772=DIRECTION('',(0.,0.,-1.));
#2773=DIRECTION('',(0.,-1.,0.));
#2774=DIRECTION('',(0.,1.,0.));
#2775=DIRECTION('',(0.,0.,1.));
#2776=DIRECTION('',(1.,0.,0.));
#2777=DIRECTION('',(0.,0.,-1.));
#2778=DIRECTION('',(1.,0.,0.));
#2779=DIRECTION('',(1.,0.,0.));
#2780=DIRECTION('',(0.,0.,-1.));
#2781=DIRECTION('',(0.,-1.,0.));
#2782=DIRECTION('',(0.,0.,-1.));
#2783=DIRECTION('',(0.,-1.,0.));
#2784=DIRECTION('',(0.,-1.,0.));
#2785=DIRECTION('',(0.,0.,-1.));
#2786=DIRECTION('',(-1.,0.,0.));
#2787=DIRECTION('',(0.,0.,-1.));
#2788=DIRECTION('',(-1.,0.,0.));
#2789=DIRECTION('',(-1.,0.,0.));
#2790=DIRECTION('',(0.,0.,1.));
#2791=DIRECTION('',(0.,1.,0.));
#2792=DIRECTION('',(0.,0.,-1.));
#2793=DIRECTION('',(0.,1.,0.));
#2794=DIRECTION('',(0.,1.,0.));
#2795=DIRECTION('',(0.,0.,1.));
#2796=DIRECTION('',(1.,0.,0.));
#2797=DIRECTION('',(0.,0.,-1.));
#2798=DIRECTION('',(1.,0.,0.));
#2799=DIRECTION('',(1.,0.,0.));
#2800=DIRECTION('',(0.,0.,-1.));
#2801=DIRECTION('',(0.,-1.,0.));
#2802=DIRECTION('',(0.,0.,-1.));
#2803=DIRECTION('',(0.,-1.,0.));
#2804=DIRECTION('',(0.,-1.,0.));
#2805=DIRECTION('',(0.,0.,-1.));
#2806=DIRECTION('',(-1.,0.,0.));
#2807=DIRECTION('',(0.,0.,-1.));
#2808=DIRECTION('',(-1.,0.,0.));
#2809=DIRECTION('',(-1.,0.,0.));
#2810=DIRECTION('',(0.,0.,1.));
#2811=DIRECTION('',(0.,1.,0.));
#2812=DIRECTION('',(0.,0.,-1.));
#2813=DIRECTION('',(0.,1.,0.));
#2814=DIRECTION('',(0.,1.,0.));
#2815=DIRECTION('',(0.,0.,1.));
#2816=DIRECTION('',(1.,0.,0.));
#2817=DIRECTION('',(0.,1.,0.));
#2818=DIRECTION('',(0.,0.,1.));
#2819=DIRECTION('',(1.,0.,0.));
#2820=DIRECTION('',(0.,1.,0.));
#2821=DIRECTION('',(0.,0.,1.));
#2822=DIRECTION('',(1.,0.,0.));
#2823=DIRECTION('',(0.,1.,0.));
#2824=DIRECTION('',(0.,0.,1.));
#2825=DIRECTION('',(1.,0.,0.));
#2826=DIRECTION('',(0.,1.,0.));
#2827=DIRECTION('',(0.,0.,1.));
#2828=DIRECTION('',(0.,-1.,0.));
#2829=DIRECTION('',(0.,0.,-1.));
#2830=DIRECTION('',(-1.,0.,0.));
#2831=DIRECTION('',(0.,-1.,0.));
#2832=DIRECTION('',(0.,0.,-1.));
#2833=DIRECTION('',(-1.,0.,0.));
#2834=DIRECTION('',(0.,0.,-1.));
#2835=DIRECTION('',(-1.,0.,0.));
#2836=DIRECTION('',(0.,0.,1.));
#2837=DIRECTION('',(0.,1.,0.));
#2838=DIRECTION('',(0.,0.,-1.));
#2839=DIRECTION('',(0.,1.,0.));
#2840=DIRECTION('',(0.,1.,0.));
#2841=DIRECTION('',(0.,0.,1.));
#2842=DIRECTION('',(1.,0.,0.));
#2843=DIRECTION('',(0.,0.,-1.));
#2844=DIRECTION('',(1.,0.,0.));
#2845=DIRECTION('',(1.,0.,0.));
#2846=DIRECTION('',(0.,0.,-1.));
#2847=DIRECTION('',(0.,-1.,0.));
#2848=DIRECTION('',(0.,0.,-1.));
#2849=DIRECTION('',(0.,-1.,0.));
#2850=DIRECTION('',(0.,-1.,0.));
#2851=DIRECTION('',(0.,0.,-1.));
#2852=DIRECTION('',(-1.,0.,0.));
#2853=DIRECTION('',(0.,0.,-1.));
#2854=DIRECTION('',(-1.,0.,0.));
#2855=DIRECTION('',(-1.,0.,0.));
#2856=DIRECTION('',(0.,0.,1.));
#2857=DIRECTION('',(0.,1.,0.));
#2858=DIRECTION('',(0.,0.,-1.));
#2859=DIRECTION('',(0.,1.,0.));
#2860=DIRECTION('',(0.,1.,0.));
#2861=DIRECTION('',(0.,0.,1.));
#2862=DIRECTION('',(1.,0.,0.));
#2863=DIRECTION('',(0.,0.,-1.));
#2864=DIRECTION('',(1.,0.,0.));
#2865=DIRECTION('',(1.,0.,0.));
#2866=DIRECTION('',(0.,0.,-1.));
#2867=DIRECTION('',(0.,-1.,0.));
#2868=DIRECTION('',(0.,0.,-1.));
#2869=DIRECTION('',(0.,-1.,0.));
#2870=DIRECTION('',(0.,-1.,0.));
#2871=DIRECTION('',(0.,0.,-1.));
#2872=DIRECTION('',(-1.,0.,0.));
#2873=DIRECTION('',(0.,0.,-1.));
#2874=DIRECTION('',(-1.,0.,0.));
#2875=DIRECTION('',(1.,0.,0.));
#2876=DIRECTION('',(0.,0.,-1.));
#2877=DIRECTION('',(0.,-1.,0.));
#2878=DIRECTION('',(0.,0.,-1.));
#2879=DIRECTION('',(0.,-1.,0.));
#2880=DIRECTION('',(0.,-1.,0.));
#2881=DIRECTION('',(0.,0.,-1.));
#2882=DIRECTION('',(0.,0.,-1.));
#2883=DIRECTION('',(0.,-1.,0.));
#2884=DIRECTION('',(0.,0.,-1.));
#2885=DIRECTION('',(-1.,0.,0.));
#2886=DIRECTION('',(-1.,0.,0.));
#2887=DIRECTION('',(1.,1.28349482615625E-15,0.));
#2888=DIRECTION('',(-1.28349482615625E-15,1.,0.));
#2889=DIRECTION('',(0.,0.,1.));
#2890=DIRECTION('',(0.,1.,0.));
#2891=DIRECTION('',(1.28349482615625E-15,-1.,0.));
#2892=DIRECTION('',(0.,0.,1.));
#2893=DIRECTION('',(1.,0.,0.));
#2894=DIRECTION('',(0.,0.,1.));
#2895=DIRECTION('',(1.,0.,0.));
#2896=DIRECTION('',(0.,0.,1.));
#2897=DIRECTION('',(1.,0.,0.));
#2898=DIRECTION('',(0.,1.,0.));
#2899=DIRECTION('',(0.,1.,0.));
#2900=DIRECTION('',(0.,1.,0.));
#2901=DIRECTION('',(0.,-1.,0.));
#2902=DIRECTION('',(0.,0.,1.));
#2903=DIRECTION('',(1.,0.,0.));
#2904=DIRECTION('',(0.,1.,0.));
#2905=DIRECTION('',(0.,-1.,0.));
#2906=DIRECTION('',(-1.,0.,0.));
#2907=DIRECTION('',(0.,-1.,0.));
#2908=DIRECTION('',(0.,1.,0.));
#2909=DIRECTION('',(-1.,0.,0.));
#2910=DIRECTION('',(0.,0.,1.));
#2911=DIRECTION('',(1.,0.,0.));
#2912=DIRECTION('',(0.,0.,1.));
#2913=DIRECTION('',(1.,0.,0.));
#2914=DIRECTION('',(0.,-1.,0.));
#2915=DIRECTION('',(0.,0.,-1.));
#2916=DIRECTION('',(0.,-1.,0.));
#2917=DIRECTION('',(0.,0.,-1.));
#2918=DIRECTION('',(0.,-1.,0.));
#2919=DIRECTION('',(0.,0.,-1.));
#2920=DIRECTION('',(0.,-1.,0.));
#2921=DIRECTION('',(0.,0.,-1.));
#2922=DIRECTION('',(0.,0.,-1.));
#2923=DIRECTION('',(-1.,0.,0.));
#2924=DIRECTION('',(0.,0.,-1.));
#2925=DIRECTION('',(-1.,0.,0.));
#2926=DIRECTION('',(0.,1.,0.));
#2927=DIRECTION('',(0.,0.,1.));
#2928=DIRECTION('',(0.,1.,0.));
#2929=DIRECTION('',(0.,1.,0.));
#2930=DIRECTION('',(0.,0.,-1.));
#2931=DIRECTION('',(-1.,0.,0.));
#2932=DIRECTION('',(0.,1.,0.));
#2933=DIRECTION('',(0.,0.,-1.));
#2934=DIRECTION('',(-1.,0.,0.));
#2935=DIRECTION('',(0.,1.,0.));
#2936=DIRECTION('',(0.,1.,0.));
#2937=DIRECTION('',(0.,0.,1.));
#2938=DIRECTION('',(0.,1.,0.));
#2939=DIRECTION('',(0.,0.,1.));
#2940=DIRECTION('',(0.,-1.,0.));
#2941=DIRECTION('',(0.,0.,-1.));
#2942=DIRECTION('',(0.,1.,0.));
#2943=DIRECTION('',(0.,0.,1.));
#2944=DIRECTION('',(0.,-1.,0.));
#2945=DIRECTION('',(0.,0.,-1.));
#2946=DIRECTION('',(0.,-1.,0.));
#2947=DIRECTION('',(0.,0.,-1.));
#2948=DIRECTION('',(0.,1.,0.));
#2949=DIRECTION('',(0.,0.,1.));
#2950=CARTESIAN_POINT('',(0.,0.,0.));
#2951=CARTESIAN_POINT('',(196.,-132.5,16.51));
#2952=CARTESIAN_POINT('',(219.5,-174.75,16.51));
#2953=CARTESIAN_POINT('',(217.5,-174.75,16.51));
#2954=CARTESIAN_POINT('',(219.5,-174.75,16.51));
#2955=CARTESIAN_POINT('',(219.5,-66.6255,16.51));
#2956=CARTESIAN_POINT('',(219.5,-153.125,16.51));
#2957=CARTESIAN_POINT('',(219.5,-153.125,16.51));
#2958=CARTESIAN_POINT('',(217.5,-153.125,16.51));
#2959=CARTESIAN_POINT('',(217.5,-163.9375,16.51));
#2960=CARTESIAN_POINT('',(196.,-132.5,16.51));
#2961=CARTESIAN_POINT('',(219.5,-131.5,16.51));
#2962=CARTESIAN_POINT('',(219.5,-131.5,16.51));
#2963=CARTESIAN_POINT('',(217.5,-131.5,16.51));
#2964=CARTESIAN_POINT('',(219.5,-66.6255,16.51));
#2965=CARTESIAN_POINT('',(219.5,-109.8755,16.51));
#2966=CARTESIAN_POINT('',(219.5,-109.8755,16.51));
#2967=CARTESIAN_POINT('',(217.5,-109.8755,16.51));
#2968=CARTESIAN_POINT('',(217.5,-120.68775,16.51));
#2969=CARTESIAN_POINT('',(196.,-132.5,16.51));
#2970=CARTESIAN_POINT('',(172.5,-66.6255,16.51));
#2971=CARTESIAN_POINT('',(174.5,-66.6255,16.51));
#2972=CARTESIAN_POINT('',(172.5,-66.6255,16.51));
#2973=CARTESIAN_POINT('',(172.5,-132.5,16.51));
#2974=CARTESIAN_POINT('',(172.5,-88.2505,16.51));
#2975=CARTESIAN_POINT('',(172.5,-88.2505,16.51));
#2976=CARTESIAN_POINT('',(174.5,-88.2505,16.51));
#2977=CARTESIAN_POINT('',(174.5,-77.438,16.51));
#2978=CARTESIAN_POINT('',(196.,-132.5,16.51));
#2979=CARTESIAN_POINT('',(172.5,-109.8755,16.51));
#2980=CARTESIAN_POINT('',(174.5,-109.8755,16.51));
#2981=CARTESIAN_POINT('',(172.5,-109.8755,16.51));
#2982=CARTESIAN_POINT('',(172.5,-132.5,16.51));
#2983=CARTESIAN_POINT('',(172.5,-131.5,16.51));
#2984=CARTESIAN_POINT('',(172.5,-131.5,16.51));
#2985=CARTESIAN_POINT('',(174.5,-131.5,16.51));
#2986=CARTESIAN_POINT('',(174.5,-120.68775,16.51));
#2987=CARTESIAN_POINT('',(196.,-131.5,12.51));
#2988=CARTESIAN_POINT('',(196.,-47.,12.51));
#2989=CARTESIAN_POINT('',(165.571796769725,-47.,12.51));
#2990=CARTESIAN_POINT('',(226.428203230275,-47.,12.51));
#2991=CARTESIAN_POINT('',(165.571796769725,-47.,12.51));
#2992=CARTESIAN_POINT('',(165.571796769725,-66.6255,12.51));
#2993=CARTESIAN_POINT('',(172.5,-66.6255,12.51));
#2994=CARTESIAN_POINT('',(174.5,-66.6255,12.51));
#2995=CARTESIAN_POINT('',(174.5,-131.5,12.51));
#2996=CARTESIAN_POINT('',(174.5,-49.,12.51));
#2997=CARTESIAN_POINT('',(167.5,-49.,12.51));
#2998=CARTESIAN_POINT('',(215.1,-49.,12.51));
#2999=CARTESIAN_POINT('',(215.1,-120.203072845936,12.51));
#3000=CARTESIAN_POINT('',(215.1,-191.406145691872,12.51));
#3001=CARTESIAN_POINT('',(219.3,-191.406145691872,12.51));
#3002=CARTESIAN_POINT('',(221.5,-191.406145691872,12.51));
#3003=CARTESIAN_POINT('',(221.5,-183.078072845936,12.51));
#3004=CARTESIAN_POINT('',(221.5,-174.75,12.51));
#3005=CARTESIAN_POINT('',(219.5,-174.75,12.51));
#3006=CARTESIAN_POINT('',(217.5,-174.75,12.51));
#3007=CARTESIAN_POINT('',(217.5,-163.9375,12.51));
#3008=CARTESIAN_POINT('',(217.5,-153.125,12.51));
#3009=CARTESIAN_POINT('',(219.5,-153.125,12.51));
#3010=CARTESIAN_POINT('',(221.5,-153.125,12.51));
#3011=CARTESIAN_POINT('',(221.5,-142.3125,12.51));
#3012=CARTESIAN_POINT('',(221.5,-131.5,12.51));
#3013=CARTESIAN_POINT('',(219.5,-131.5,12.51));
#3014=CARTESIAN_POINT('',(217.5,-131.5,12.51));
#3015=CARTESIAN_POINT('',(217.5,-120.68775,12.51));
#3016=CARTESIAN_POINT('',(217.5,-109.8755,12.51));
#3017=CARTESIAN_POINT('',(219.5,-109.8755,12.51));
#3018=CARTESIAN_POINT('',(221.5,-109.8755,12.51));
#3019=CARTESIAN_POINT('',(221.5,-99.063,12.51));
#3020=CARTESIAN_POINT('',(221.5,-88.2505,12.51));
#3021=CARTESIAN_POINT('',(219.5,-88.2505,12.51));
#3022=CARTESIAN_POINT('',(217.5,-88.2505,12.51));
#3023=CARTESIAN_POINT('',(217.5,-77.438,12.51));
#3024=CARTESIAN_POINT('',(217.5,-66.6255,12.51));
#3025=CARTESIAN_POINT('',(222.5,-66.6255,12.51));
#3026=CARTESIAN_POINT('',(226.428203230275,-66.6255,12.51));
#3027=CARTESIAN_POINT('',(226.428203230275,-66.6255,12.51));
#3028=CARTESIAN_POINT('',(196.,-131.5,12.51));
#3029=CARTESIAN_POINT('',(172.5,-88.2505,12.51));
#3030=CARTESIAN_POINT('',(170.5,-88.2505,12.51));
#3031=CARTESIAN_POINT('',(174.5,-88.2505,12.51));
#3032=CARTESIAN_POINT('',(170.5,-99.063,12.51));
#3033=CARTESIAN_POINT('',(170.5,-109.8755,12.51));
#3034=CARTESIAN_POINT('',(172.5,-109.8755,12.51));
#3035=CARTESIAN_POINT('',(174.5,-109.8755,12.51));
#3036=CARTESIAN_POINT('',(174.5,-131.5,12.51));
#3037=CARTESIAN_POINT('',(196.,-131.5,12.51));
#3038=CARTESIAN_POINT('',(167.5,-191.406145691872,12.51));
#3039=CARTESIAN_POINT('',(165.571796769725,-191.406145691872,12.51));
#3040=CARTESIAN_POINT('',(170.5,-191.406145691872,12.51));
#3041=CARTESIAN_POINT('',(165.571796769725,-191.406145691872,12.51));
#3042=CARTESIAN_POINT('',(165.571796769725,-214.,12.51));
#3043=CARTESIAN_POINT('',(166.5,-214.,12.51));
#3044=CARTESIAN_POINT('',(174.5,-214.,12.51));
#3045=CARTESIAN_POINT('',(174.5,-131.5,12.51));
#3046=CARTESIAN_POINT('',(174.5,-174.75,12.51));
#3047=CARTESIAN_POINT('',(172.5,-174.75,12.51));
#3048=CARTESIAN_POINT('',(170.5,-174.75,12.51));
#3049=CARTESIAN_POINT('',(170.5,-185.5625,12.51));
#3050=CARTESIAN_POINT('',(196.,-131.5,12.51));
#3051=CARTESIAN_POINT('',(172.5,-131.5,12.51));
#3052=CARTESIAN_POINT('',(170.5,-131.5,12.51));
#3053=CARTESIAN_POINT('',(174.5,-131.5,12.51));
#3054=CARTESIAN_POINT('',(170.5,-142.3125,12.51));
#3055=CARTESIAN_POINT('',(170.5,-153.125,12.51));
#3056=CARTESIAN_POINT('',(172.5,-153.125,12.51));
#3057=CARTESIAN_POINT('',(174.5,-153.125,12.51));
#3058=CARTESIAN_POINT('',(174.5,-131.5,12.51));
#3059=CARTESIAN_POINT('',(215.1,-120.203072845936,12.512));
#3060=CARTESIAN_POINT('',(215.1,-48.998,1.51));
#3061=CARTESIAN_POINT('',(215.1,-49.,1.51));
#3062=CARTESIAN_POINT('',(215.1,-191.406145691872,1.51));
#3063=CARTESIAN_POINT('',(215.1,-49.,12.512));
#3064=CARTESIAN_POINT('',(215.1,-49.,-3.49));
#3065=CARTESIAN_POINT('',(215.1,-120.203072845936,-3.49));
#3066=CARTESIAN_POINT('',(215.1,-191.406145691872,-3.49));
#3067=CARTESIAN_POINT('',(215.1,-191.406145691872,12.512));
#3068=CARTESIAN_POINT('',(174.5,-131.5,12.512));
#3069=CARTESIAN_POINT('',(174.5,-49.,12.512));
#3070=CARTESIAN_POINT('',(174.5,-49.,1.51));
#3071=CARTESIAN_POINT('',(174.5,-49.,-3.49));
#3072=CARTESIAN_POINT('',(174.5,-48.998,1.51));
#3073=CARTESIAN_POINT('',(174.5,-214.,1.51));
#3074=CARTESIAN_POINT('',(174.5,-214.,12.512));
#3075=CARTESIAN_POINT('',(174.5,-214.,-3.49));
#3076=CARTESIAN_POINT('',(174.5,-131.5,-3.49));
#3077=CARTESIAN_POINT('',(196.,-131.5,1.51));
#3078=CARTESIAN_POINT('',(219.3,-191.406145691872,1.51));
#3079=CARTESIAN_POINT('',(223.5,-191.406145691872,1.51));
#3080=CARTESIAN_POINT('',(219.9,-191.406145691872,1.51));
#3081=CARTESIAN_POINT('',(219.9,-131.5,1.51));
#3082=CARTESIAN_POINT('',(219.9,-214.,1.51));
#3083=CARTESIAN_POINT('',(196.,-214.,1.51));
#3084=CARTESIAN_POINT('',(223.5,-214.,1.51));
#3085=CARTESIAN_POINT('',(223.5,-131.5,1.51));
#3086=CARTESIAN_POINT('',(225.5,-214.,12.51));
#3087=CARTESIAN_POINT('',(172.5,-214.,8.51));
#3088=CARTESIAN_POINT('',(164.5,-214.,8.51));
#3089=CARTESIAN_POINT('',(164.5,-214.,12.51));
#3090=CARTESIAN_POINT('',(164.5,-214.,-1.49));
#3091=CARTESIAN_POINT('',(172.5,-214.,-1.49));
#3092=CARTESIAN_POINT('',(172.5,-214.,-9.49));
#3093=CARTESIAN_POINT('',(225.5,-214.,-9.49));
#3094=CARTESIAN_POINT('',(219.5,-214.,-9.49));
#3095=CARTESIAN_POINT('',(219.5,-214.,-1.49));
#3096=CARTESIAN_POINT('',(227.5,-214.,-1.49));
#3097=CARTESIAN_POINT('',(227.5,-214.,12.51));
#3098=CARTESIAN_POINT('',(227.5,-214.,8.51));
#3099=CARTESIAN_POINT('',(219.5,-214.,8.51));
#3100=CARTESIAN_POINT('',(226.428203230275,-214.,12.51));
#3101=CARTESIAN_POINT('',(225.5,-214.,12.51));
#3102=CARTESIAN_POINT('',(223.5,-214.,12.51));
#3103=CARTESIAN_POINT('',(223.5,-214.,12.51));
#3104=CARTESIAN_POINT('',(219.9,-214.,0.955));
#3105=CARTESIAN_POINT('',(219.9,-214.,0.));
#3106=CARTESIAN_POINT('',(219.7,-214.,0.));
#3107=CARTESIAN_POINT('',(219.5,-214.,-3.25260651745652E-16));
#3108=CARTESIAN_POINT('',(219.5,-214.,-3.492));
#3109=CARTESIAN_POINT('',(219.5,-214.,-3.49));
#3110=CARTESIAN_POINT('',(196.,-214.,-3.49));
#3111=CARTESIAN_POINT('',(173.5,-214.,1.51));
#3112=CARTESIAN_POINT('',(172.5,-214.,1.51));
#3113=CARTESIAN_POINT('',(172.5,-214.,0.755));
#3114=CARTESIAN_POINT('',(172.5,-214.,0.));
#3115=CARTESIAN_POINT('',(172.3,-214.,0.));
#3116=CARTESIAN_POINT('',(172.1,-214.,0.));
#3117=CARTESIAN_POINT('',(172.1,-214.,0.955));
#3118=CARTESIAN_POINT('',(172.1,-214.,1.91));
#3119=CARTESIAN_POINT('',(173.5,-214.,1.91));
#3120=CARTESIAN_POINT('',(174.5,-214.,1.91));
#3121=CARTESIAN_POINT('',(174.5,-214.,12.512));
#3122=CARTESIAN_POINT('',(219.3,-191.406145691872,12.512));
#3123=CARTESIAN_POINT('',(224.5,-191.406145691872,12.51));
#3124=CARTESIAN_POINT('',(223.5,-191.406145691872,12.51));
#3125=CARTESIAN_POINT('',(226.428203230275,-191.406145691872,12.51));
#3126=CARTESIAN_POINT('',(219.5,-191.406145691872,8.51));
#3127=CARTESIAN_POINT('',(221.5,-191.406145691872,16.2559666924148));
#3128=CARTESIAN_POINT('',(221.5,-191.406145691872,16.512));
#3129=CARTESIAN_POINT('',(215.1,-191.406145691872,12.512));
#3130=CARTESIAN_POINT('',(215.1,-191.406145691872,1.91));
#3131=CARTESIAN_POINT('',(219.3,-191.406145691872,1.91));
#3132=CARTESIAN_POINT('',(219.9,-191.406145691872,1.91));
#3133=CARTESIAN_POINT('',(219.9,-191.406145691872,12.512));
#3134=CARTESIAN_POINT('',(223.5,-191.406145691872,12.512));
#3135=CARTESIAN_POINT('',(196.,-131.5,-3.49));
#3136=CARTESIAN_POINT('',(196.,-49.,-3.49));
#3137=CARTESIAN_POINT('',(219.5,-49.,-3.49));
#3138=CARTESIAN_POINT('',(219.5,-191.406145691872,-3.49));
#3139=CARTESIAN_POINT('',(217.3,-191.406145691872,-3.49));
#3140=CARTESIAN_POINT('',(223.5,-131.5,12.51));
#3141=CARTESIAN_POINT('',(223.5,-131.5,12.51));
#3142=CARTESIAN_POINT('',(227.5,-131.5,12.51));
#3143=CARTESIAN_POINT('',(227.5,-47.,-9.492));
#3144=CARTESIAN_POINT('',(227.5,-47.,-1.49));
#3145=CARTESIAN_POINT('',(227.5,-47.,8.51));
#3146=CARTESIAN_POINT('',(227.5,-191.406145691872,8.51));
#3147=CARTESIAN_POINT('',(227.5,-131.5,-1.49));
#3148=CARTESIAN_POINT('',(196.,-131.5,12.51));
#3149=CARTESIAN_POINT('',(226.428203230275,-214.,12.51));
#3150=CARTESIAN_POINT('',(196.,-131.5,-9.49));
#3151=CARTESIAN_POINT('',(196.,-47.,-9.49));
#3152=CARTESIAN_POINT('',(219.5,-47.,-9.49));
#3153=CARTESIAN_POINT('',(172.5,-47.,-9.49));
#3154=CARTESIAN_POINT('',(219.5,-131.5,-9.49));
#3155=CARTESIAN_POINT('',(172.5,-47.,-9.49));
#3156=CARTESIAN_POINT('',(164.5,-131.5,12.51));
#3157=CARTESIAN_POINT('',(164.5,-131.5,8.51));
#3158=CARTESIAN_POINT('',(164.5,-47.,8.51));
#3159=CARTESIAN_POINT('',(164.5,-47.,-9.492));
#3160=CARTESIAN_POINT('',(164.5,-47.,-1.49));
#3161=CARTESIAN_POINT('',(164.5,-214.,-1.49));
#3162=CARTESIAN_POINT('',(219.5,-49.,-3.492));
#3163=CARTESIAN_POINT('',(219.5,-48.998,-3.25260651745652E-16));
#3164=CARTESIAN_POINT('',(219.5,-191.406133191872,-2.16840434475448E-16));
#3165=CARTESIAN_POINT('',(219.5,-191.406145691872,-3.492));
#3166=CARTESIAN_POINT('',(215.1,-120.203072845936,12.512));
#3167=CARTESIAN_POINT('',(215.1,-49.,12.512));
#3168=CARTESIAN_POINT('',(215.1,-49.,1.91));
#3169=CARTESIAN_POINT('',(215.1,-48.998,1.91));
#3170=CARTESIAN_POINT('',(219.3,-191.406145691872,12.512));
#3171=CARTESIAN_POINT('',(219.3,-191.406145691872,1.51));
#3172=CARTESIAN_POINT('',(219.5,-191.406133191872,1.51));
#3173=CARTESIAN_POINT('',(219.5,-191.406145691872,-3.492));
#3174=CARTESIAN_POINT('',(174.5,-131.5,12.512));
#3175=CARTESIAN_POINT('',(174.5,-48.998,1.91));
#3176=CARTESIAN_POINT('',(174.5,-49.,1.91));
#3177=CARTESIAN_POINT('',(174.5,-49.,12.512));
#3178=CARTESIAN_POINT('',(174.5,-66.6255,16.512));
#3179=CARTESIAN_POINT('',(174.5,-88.2505,16.512));
#3180=CARTESIAN_POINT('',(174.5,-109.8755,16.512));
#3181=CARTESIAN_POINT('',(174.5,-131.5,16.512));
#3182=CARTESIAN_POINT('',(174.5,-153.125,16.512));
#3183=CARTESIAN_POINT('',(174.5,-153.125,16.51));
#3184=CARTESIAN_POINT('',(174.5,-163.9375,16.51));
#3185=CARTESIAN_POINT('',(174.5,-174.75,16.51));
#3186=CARTESIAN_POINT('',(174.5,-174.75,16.512));
#3187=CARTESIAN_POINT('',(217.3,-48.998,1.51));
#3188=CARTESIAN_POINT('',(219.5,-48.998,1.51));
#3189=CARTESIAN_POINT('',(219.5,-49.,1.51));
#3190=CARTESIAN_POINT('',(217.3,-49.,1.51));
#3191=CARTESIAN_POINT('',(219.7,-48.998,1.91));
#3192=CARTESIAN_POINT('',(219.7,-49.,1.91));
#3193=CARTESIAN_POINT('',(219.9,-49.,1.91));
#3194=CARTESIAN_POINT('',(219.9,-48.998,1.91));
#3195=CARTESIAN_POINT('',(219.9,-48.998,0.955));
#3196=CARTESIAN_POINT('',(219.9,-49.,0.955));
#3197=CARTESIAN_POINT('',(219.9,-49.,0.));
#3198=CARTESIAN_POINT('',(219.9,-48.998,0.));
#3199=CARTESIAN_POINT('',(219.7,-48.998,0.));
#3200=CARTESIAN_POINT('',(219.7,-49.,0.));
#3201=CARTESIAN_POINT('',(219.5,-49.,-2.16840434497101E-16));
#3202=CARTESIAN_POINT('',(219.5,-48.998,-3.25260651745652E-16));
#3203=CARTESIAN_POINT('',(219.5,-48.998,1.51));
#3204=CARTESIAN_POINT('',(219.5,-49.,1.51));
#3205=CARTESIAN_POINT('',(172.5,-48.998,0.755));
#3206=CARTESIAN_POINT('',(172.5,-48.998,0.));
#3207=CARTESIAN_POINT('',(172.5,-49.,0.));
#3208=CARTESIAN_POINT('',(172.5,-48.998,1.51));
#3209=CARTESIAN_POINT('',(172.5,-49.,1.51));
#3210=CARTESIAN_POINT('',(172.5,-49.,0.755));
#3211=CARTESIAN_POINT('',(172.3,-48.998,0.));
#3212=CARTESIAN_POINT('',(172.1,-48.998,0.));
#3213=CARTESIAN_POINT('',(172.1,-49.,0.));
#3214=CARTESIAN_POINT('',(172.3,-49.,0.));
#3215=CARTESIAN_POINT('',(173.5,-48.998,1.51));
#3216=CARTESIAN_POINT('',(173.5,-49.,1.51));
#3217=CARTESIAN_POINT('',(172.1,-48.998,0.955));
#3218=CARTESIAN_POINT('',(172.1,-49.,0.955));
#3219=CARTESIAN_POINT('',(172.1,-49.,1.91));
#3220=CARTESIAN_POINT('',(172.1,-48.998,1.91));
#3221=CARTESIAN_POINT('',(173.5,-48.998,1.91));
#3222=CARTESIAN_POINT('',(173.5,-49.,1.91));
#3223=CARTESIAN_POINT('',(196.,-47.,-9.492));
#3224=CARTESIAN_POINT('',(172.5,-47.,8.51));
#3225=CARTESIAN_POINT('',(219.5,-47.,8.51));
#3226=CARTESIAN_POINT('',(219.5,-47.,-1.49));
#3227=CARTESIAN_POINT('',(172.5,-47.,-1.49));
#3228=CARTESIAN_POINT('',(167.5,-49.,-9.492));
#3229=CARTESIAN_POINT('',(221.5,-183.078072845936,16.512));
#3230=CARTESIAN_POINT('',(221.5,-191.406145691872,16.2559666924148));
#3231=CARTESIAN_POINT('',(221.5,-174.75,16.2559666924148));
#3232=CARTESIAN_POINT('',(221.5,-174.75,16.512));
#3233=CARTESIAN_POINT('',(222.5,-66.6255,16.512));
#3234=CARTESIAN_POINT('',(222.5,-66.6255,16.51));
#3235=CARTESIAN_POINT('',(217.5,-66.6255,16.51));
#3236=CARTESIAN_POINT('',(219.5,-66.6255,16.51));
#3237=CARTESIAN_POINT('',(219.5,-66.6255,8.51));
#3238=CARTESIAN_POINT('',(217.5,-66.6255,16.512));
#3239=CARTESIAN_POINT('',(217.5,-77.438,16.512));
#3240=CARTESIAN_POINT('',(217.5,-88.2505,16.512));
#3241=CARTESIAN_POINT('',(217.5,-88.2505,16.51));
#3242=CARTESIAN_POINT('',(217.5,-77.438,16.51));
#3243=CARTESIAN_POINT('',(219.5,-88.2505,16.512));
#3244=CARTESIAN_POINT('',(221.5,-88.2505,16.512));
#3245=CARTESIAN_POINT('',(221.5,-88.2505,16.2559666924148));
#3246=CARTESIAN_POINT('',(219.5,-88.2505,8.51));
#3247=CARTESIAN_POINT('',(219.5,-88.2505,16.51));
#3248=CARTESIAN_POINT('',(219.5,-88.2505,16.51));
#3249=CARTESIAN_POINT('',(221.5,-99.063,16.512));
#3250=CARTESIAN_POINT('',(221.5,-109.8755,16.512));
#3251=CARTESIAN_POINT('',(221.5,-109.8755,16.2559666924148));
#3252=CARTESIAN_POINT('',(221.5,-109.8755,16.2559666924148));
#3253=CARTESIAN_POINT('',(219.5,-109.8755,16.512));
#3254=CARTESIAN_POINT('',(219.5,-109.8755,8.51));
#3255=CARTESIAN_POINT('',(217.5,-109.8755,16.512));
#3256=CARTESIAN_POINT('',(217.5,-120.68775,16.512));
#3257=CARTESIAN_POINT('',(217.5,-131.5,16.512));
#3258=CARTESIAN_POINT('',(219.5,-131.5,16.512));
#3259=CARTESIAN_POINT('',(221.5,-131.5,16.512));
#3260=CARTESIAN_POINT('',(221.5,-131.5,16.2559666924148));
#3261=CARTESIAN_POINT('',(219.5,-131.5,8.51));
#3262=CARTESIAN_POINT('',(221.5,-142.3125,16.512));
#3263=CARTESIAN_POINT('',(221.5,-153.125,16.512));
#3264=CARTESIAN_POINT('',(221.5,-153.125,16.2559666924148));
#3265=CARTESIAN_POINT('',(221.5,-153.125,16.2559666924148));
#3266=CARTESIAN_POINT('',(219.5,-153.125,16.512));
#3267=CARTESIAN_POINT('',(219.5,-153.125,8.51));
#3268=CARTESIAN_POINT('',(217.5,-153.125,16.512));
#3269=CARTESIAN_POINT('',(217.5,-163.9375,16.512));
#3270=CARTESIAN_POINT('',(217.5,-174.75,16.512));
#3271=CARTESIAN_POINT('',(219.5,-174.75,16.512));
#3272=CARTESIAN_POINT('',(219.5,-174.75,8.51));
#3273=CARTESIAN_POINT('',(196.,-132.5,16.51));
#3274=CARTESIAN_POINT('',(219.5,-66.6255,16.51));
#3275=CARTESIAN_POINT('',(172.5,-66.6255,16.512));
#3276=CARTESIAN_POINT('',(172.5,-66.6255,8.51));
#3277=CARTESIAN_POINT('',(167.5,-191.406145691872,16.512));
#3278=CARTESIAN_POINT('',(170.5,-191.406145691872,16.512));
#3279=CARTESIAN_POINT('',(170.5,-191.406145691872,16.2559666924148));
#3280=CARTESIAN_POINT('',(172.5,-191.406145691872,8.51));
#3281=CARTESIAN_POINT('',(170.5,-185.5625,16.512));
#3282=CARTESIAN_POINT('',(170.5,-174.75,16.512));
#3283=CARTESIAN_POINT('',(170.5,-174.75,16.2559666924148));
#3284=CARTESIAN_POINT('',(170.5,-174.75,16.2559666924148));
#3285=CARTESIAN_POINT('',(172.5,-174.75,16.512));
#3286=CARTESIAN_POINT('',(172.5,-174.75,16.51));
#3287=CARTESIAN_POINT('',(172.5,-174.75,16.51));
#3288=CARTESIAN_POINT('',(172.5,-174.75,8.51));
#3289=CARTESIAN_POINT('',(172.5,-153.125,16.512));
#3290=CARTESIAN_POINT('',(170.5,-153.125,16.512));
#3291=CARTESIAN_POINT('',(170.5,-153.125,16.2559666924148));
#3292=CARTESIAN_POINT('',(172.5,-153.125,8.51));
#3293=CARTESIAN_POINT('',(172.5,-153.125,16.51));
#3294=CARTESIAN_POINT('',(172.5,-153.125,16.51));
#3295=CARTESIAN_POINT('',(170.5,-142.3125,16.512));
#3296=CARTESIAN_POINT('',(170.5,-131.5,16.512));
#3297=CARTESIAN_POINT('',(170.5,-131.5,16.2559666924148));
#3298=CARTESIAN_POINT('',(170.5,-131.5,16.2559666924148));
#3299=CARTESIAN_POINT('',(172.5,-131.5,16.512));
#3300=CARTESIAN_POINT('',(172.5,-131.5,8.51));
#3301=CARTESIAN_POINT('',(172.5,-109.8755,16.512));
#3302=CARTESIAN_POINT('',(170.5,-109.8755,16.512));
#3303=CARTESIAN_POINT('',(170.5,-109.8755,16.2559666924148));
#3304=CARTESIAN_POINT('',(172.5,-109.8755,8.51));
#3305=CARTESIAN_POINT('',(170.5,-99.063,16.512));
#3306=CARTESIAN_POINT('',(170.5,-88.2505,16.512));
#3307=CARTESIAN_POINT('',(170.5,-88.2505,16.2559666924148));
#3308=CARTESIAN_POINT('',(170.5,-88.2505,16.2559666924148));
#3309=CARTESIAN_POINT('',(172.5,-88.2505,16.512));
#3310=CARTESIAN_POINT('',(172.5,-88.2505,8.51));
#3311=CARTESIAN_POINT('',(196.,-132.5,16.51));
#3312=CARTESIAN_POINT('',(172.5,-132.5,16.51));
#3313=CARTESIAN_POINT('',(172.5,-132.5,8.51));
#3314=CARTESIAN_POINT('',(219.5,-132.5,8.51));
#3315=CARTESIAN_POINT('',(219.5,-131.5,-1.49));
#3316=CARTESIAN_POINT('',(172.5,-131.5,-1.49));
#3317=CARTESIAN_POINT('',(0.,0.,0.));
#3318=CARTESIAN_POINT('',(196.,-131.5,-9.49));
#3319=CARTESIAN_POINT('',(196.,-218.,-9.49));
#3320=CARTESIAN_POINT('',(219.5,-218.,-9.49));
#3321=CARTESIAN_POINT('',(172.5,-218.,-9.49));
#3322=CARTESIAN_POINT('',(172.5,-214.,-9.49));
#3323=CARTESIAN_POINT('',(172.5,-214.,-9.49));
#3324=CARTESIAN_POINT('',(196.,-214.,-9.49));
#3325=CARTESIAN_POINT('',(219.5,-214.,-9.49));
#3326=CARTESIAN_POINT('',(219.5,-131.5,-9.49));
#3327=CARTESIAN_POINT('',(227.5,-216.,-9.492));
#3328=CARTESIAN_POINT('',(227.5,-218.,-9.492));
#3329=CARTESIAN_POINT('',(227.5,-218.,-1.49));
#3330=CARTESIAN_POINT('',(227.5,-218.,8.51));
#3331=CARTESIAN_POINT('',(227.5,-216.,-1.49));
#3332=CARTESIAN_POINT('',(227.5,-214.,-1.49));
#3333=CARTESIAN_POINT('',(227.5,-214.,-9.492));
#3334=CARTESIAN_POINT('',(227.5,-214.,8.51));
#3335=CARTESIAN_POINT('',(227.5,-218.,8.51));
#3336=CARTESIAN_POINT('',(196.,-218.,-9.492));
#3337=CARTESIAN_POINT('',(194.98,-218.,3.325));
#3338=CARTESIAN_POINT('',(194.98,-218.,5.825));
#3339=CARTESIAN_POINT('',(194.98,-218.,0.825));
#3340=CARTESIAN_POINT('',(190.18,-218.,0.825));
#3341=CARTESIAN_POINT('',(185.38,-218.,0.825));
#3342=CARTESIAN_POINT('',(185.38,-218.,3.325));
#3343=CARTESIAN_POINT('',(185.38,-218.,5.825));
#3344=CARTESIAN_POINT('',(190.18,-218.,5.825));
#3345=CARTESIAN_POINT('',(164.5,-218.,-9.492));
#3346=CARTESIAN_POINT('',(164.5,-218.,-1.49));
#3347=CARTESIAN_POINT('',(164.5,-218.,8.51));
#3348=CARTESIAN_POINT('',(172.5,-218.,-1.49));
#3349=CARTESIAN_POINT('',(219.5,-218.,-1.49));
#3350=CARTESIAN_POINT('',(219.5,-218.,8.51));
#3351=CARTESIAN_POINT('',(219.5,-218.,16.51));
#3352=CARTESIAN_POINT('',(196.,-218.,16.51));
#3353=CARTESIAN_POINT('',(172.5,-218.,16.51));
#3354=CARTESIAN_POINT('',(172.5,-218.,8.51));
#3355=CARTESIAN_POINT('',(196.,-214.,-9.492));
#3356=CARTESIAN_POINT('',(190.18,-214.,0.825));
#3357=CARTESIAN_POINT('',(194.98,-214.,0.825));
#3358=CARTESIAN_POINT('',(185.38,-214.,0.825));
#3359=CARTESIAN_POINT('',(194.98,-214.,3.325));
#3360=CARTESIAN_POINT('',(194.98,-214.,5.825));
#3361=CARTESIAN_POINT('',(190.18,-214.,5.825));
#3362=CARTESIAN_POINT('',(185.38,-214.,5.825));
#3363=CARTESIAN_POINT('',(185.38,-214.,3.325));
#3364=CARTESIAN_POINT('',(172.5,-214.,-1.49));
#3365=CARTESIAN_POINT('',(164.5,-214.,-1.49));
#3366=CARTESIAN_POINT('',(164.5,-214.,-9.492));
#3367=CARTESIAN_POINT('',(164.5,-214.,8.51));
#3368=CARTESIAN_POINT('',(172.5,-214.,8.51));
#3369=CARTESIAN_POINT('',(165.571796769725,-214.,12.51));
#3370=CARTESIAN_POINT('',(196.,-214.,12.51));
#3371=CARTESIAN_POINT('',(226.428203230275,-214.,12.51));
#3372=CARTESIAN_POINT('',(219.5,-214.,8.51));
#3373=CARTESIAN_POINT('',(219.5,-214.,-1.49));
#3374=CARTESIAN_POINT('',(164.5,-216.,-9.492));
#3375=CARTESIAN_POINT('',(164.5,-218.,-1.49));
#3376=CARTESIAN_POINT('',(164.5,-216.,8.51));
#3377=CARTESIAN_POINT('',(221.5,-185.5625,16.51));
#3378=CARTESIAN_POINT('',(221.5,-174.75,16.51));
#3379=CARTESIAN_POINT('',(221.5,-174.75,16.2559666924148));
#3380=CARTESIAN_POINT('',(221.5,-174.75,12.51));
#3381=CARTESIAN_POINT('',(221.5,-174.75,16.2559666924148));
#3382=CARTESIAN_POINT('',(221.5,-191.406145691872,16.2559666924148));
#3383=CARTESIAN_POINT('',(221.5,-191.406145691872,12.508));
#3384=CARTESIAN_POINT('',(221.5,-191.406145691872,12.51));
#3385=CARTESIAN_POINT('',(221.5,-185.5625,12.51));
#3386=CARTESIAN_POINT('',(219.5,-174.75,16.51));
#3387=CARTESIAN_POINT('',(219.5,-174.75,16.51));
#3388=CARTESIAN_POINT('',(217.5,-174.75,16.51));
#3389=CARTESIAN_POINT('',(219.5,-174.75,16.51));
#3390=CARTESIAN_POINT('',(219.5,-174.75,8.51));
#3391=CARTESIAN_POINT('',(219.5,-174.75,12.51));
#3392=CARTESIAN_POINT('',(217.5,-174.75,12.51));
#3393=CARTESIAN_POINT('',(217.5,-174.75,16.51));
#3394=CARTESIAN_POINT('',(217.5,-163.9375,16.51));
#3395=CARTESIAN_POINT('',(217.5,-163.9375,12.51));
#3396=CARTESIAN_POINT('',(217.5,-153.125,12.51));
#3397=CARTESIAN_POINT('',(217.5,-153.125,16.51));
#3398=CARTESIAN_POINT('',(217.5,-153.125,16.51));
#3399=CARTESIAN_POINT('',(217.5,-163.9375,16.51));
#3400=CARTESIAN_POINT('',(219.5,-153.125,16.51));
#3401=CARTESIAN_POINT('',(219.5,-153.125,12.51));
#3402=CARTESIAN_POINT('',(221.5,-153.125,12.51));
#3403=CARTESIAN_POINT('',(221.5,-153.125,16.51));
#3404=CARTESIAN_POINT('',(221.5,-153.125,16.51));
#3405=CARTESIAN_POINT('',(219.5,-153.125,16.51));
#3406=CARTESIAN_POINT('',(221.5,-142.3125,16.51));
#3407=CARTESIAN_POINT('',(221.5,-142.3125,12.51));
#3408=CARTESIAN_POINT('',(221.5,-131.5,12.51));
#3409=CARTESIAN_POINT('',(221.5,-131.5,16.51));
#3410=CARTESIAN_POINT('',(221.5,-131.5,16.51));
#3411=CARTESIAN_POINT('',(221.5,-142.3125,16.51));
#3412=CARTESIAN_POINT('',(219.5,-131.5,16.51));
#3413=CARTESIAN_POINT('',(219.5,-131.5,12.51));
#3414=CARTESIAN_POINT('',(217.5,-131.5,12.51));
#3415=CARTESIAN_POINT('',(217.5,-131.5,16.51));
#3416=CARTESIAN_POINT('',(217.5,-131.5,16.51));
#3417=CARTESIAN_POINT('',(219.5,-131.5,16.51));
#3418=CARTESIAN_POINT('',(217.5,-120.68775,16.51));
#3419=CARTESIAN_POINT('',(217.5,-120.68775,12.51));
#3420=CARTESIAN_POINT('',(217.5,-109.8755,12.51));
#3421=CARTESIAN_POINT('',(217.5,-109.8755,16.51));
#3422=CARTESIAN_POINT('',(217.5,-109.8755,16.51));
#3423=CARTESIAN_POINT('',(217.5,-120.68775,16.51));
#3424=CARTESIAN_POINT('',(219.5,-109.8755,16.51));
#3425=CARTESIAN_POINT('',(219.5,-109.8755,12.51));
#3426=CARTESIAN_POINT('',(221.5,-109.8755,12.51));
#3427=CARTESIAN_POINT('',(221.5,-109.8755,16.51));
#3428=CARTESIAN_POINT('',(221.5,-109.8755,16.51));
#3429=CARTESIAN_POINT('',(219.5,-109.8755,16.51));
#3430=CARTESIAN_POINT('',(221.5,-99.063,16.51));
#3431=CARTESIAN_POINT('',(221.5,-99.063,12.51));
#3432=CARTESIAN_POINT('',(221.5,-88.2505,12.51));
#3433=CARTESIAN_POINT('',(221.5,-88.2505,16.51));
#3434=CARTESIAN_POINT('',(221.5,-88.2505,16.51));
#3435=CARTESIAN_POINT('',(221.5,-99.063,16.51));
#3436=CARTESIAN_POINT('',(219.5,-88.2505,16.51));
#3437=CARTESIAN_POINT('',(219.5,-88.2505,12.51));
#3438=CARTESIAN_POINT('',(217.5,-88.2505,12.51));
#3439=CARTESIAN_POINT('',(217.5,-88.2505,16.51));
#3440=CARTESIAN_POINT('',(217.5,-88.2505,16.51));
#3441=CARTESIAN_POINT('',(219.5,-88.2505,16.51));
#3442=CARTESIAN_POINT('',(217.5,-77.438,16.51));
#3443=CARTESIAN_POINT('',(217.5,-77.438,12.51));
#3444=CARTESIAN_POINT('',(217.5,-66.6255,12.51));
#3445=CARTESIAN_POINT('',(217.5,-66.6255,16.51));
#3446=CARTESIAN_POINT('',(217.5,-66.6255,16.51));
#3447=CARTESIAN_POINT('',(217.5,-77.438,16.51));
#3448=CARTESIAN_POINT('',(219.5,-66.6255,16.51));
#3449=CARTESIAN_POINT('',(219.5,-66.6255,12.51));
#3450=CARTESIAN_POINT('',(226.428203230275,-66.6255,12.51));
#3451=CARTESIAN_POINT('',(219.5,-66.6255,8.51));
#3452=CARTESIAN_POINT('',(219.5,-66.6255,16.51));
#3453=CARTESIAN_POINT('',(219.5,-66.6255,16.51));
#3454=CARTESIAN_POINT('',(196.,-47.,16.51));
#3455=CARTESIAN_POINT('',(196.,-47.,12.51));
#3456=CARTESIAN_POINT('',(165.571796769725,-47.,12.51));
#3457=CARTESIAN_POINT('',(226.428203230275,-47.,12.51));
#3458=CARTESIAN_POINT('',(172.5,-47.,8.51));
#3459=CARTESIAN_POINT('',(172.5,-47.,16.51));
#3460=CARTESIAN_POINT('',(196.,-47.,16.51));
#3461=CARTESIAN_POINT('',(219.5,-47.,16.51));
#3462=CARTESIAN_POINT('',(219.5,-47.,8.51));
#3463=CARTESIAN_POINT('',(172.5,-66.6255,16.51));
#3464=CARTESIAN_POINT('',(172.5,-66.6255,16.51));
#3465=CARTESIAN_POINT('',(174.5,-66.6255,16.51));
#3466=CARTESIAN_POINT('',(172.5,-66.6255,16.51));
#3467=CARTESIAN_POINT('',(172.5,-66.6255,8.51));
#3468=CARTESIAN_POINT('',(165.571796769725,-66.6255,12.51));
#3469=CARTESIAN_POINT('',(172.5,-66.6255,12.51));
#3470=CARTESIAN_POINT('',(174.5,-66.6255,12.51));
#3471=CARTESIAN_POINT('',(174.5,-66.6255,16.51));
#3472=CARTESIAN_POINT('',(174.5,-77.438,16.51));
#3473=CARTESIAN_POINT('',(174.5,-77.438,12.51));
#3474=CARTESIAN_POINT('',(174.5,-88.2505,12.51));
#3475=CARTESIAN_POINT('',(174.5,-88.2505,16.51));
#3476=CARTESIAN_POINT('',(174.5,-88.2505,16.51));
#3477=CARTESIAN_POINT('',(174.5,-77.438,16.51));
#3478=CARTESIAN_POINT('',(172.5,-88.2505,16.51));
#3479=CARTESIAN_POINT('',(172.5,-88.2505,12.51));
#3480=CARTESIAN_POINT('',(170.5,-88.2505,12.51));
#3481=CARTESIAN_POINT('',(170.5,-88.2505,16.51));
#3482=CARTESIAN_POINT('',(170.5,-88.2505,16.51));
#3483=CARTESIAN_POINT('',(172.5,-88.2505,16.51));
#3484=CARTESIAN_POINT('',(170.5,-99.063,16.51));
#3485=CARTESIAN_POINT('',(170.5,-99.063,12.51));
#3486=CARTESIAN_POINT('',(170.5,-109.8755,12.51));
#3487=CARTESIAN_POINT('',(170.5,-109.8755,16.51));
#3488=CARTESIAN_POINT('',(170.5,-109.8755,16.51));
#3489=CARTESIAN_POINT('',(170.5,-99.063,16.51));
#3490=CARTESIAN_POINT('',(172.5,-109.8755,16.51));
#3491=CARTESIAN_POINT('',(172.5,-109.8755,12.51));
#3492=CARTESIAN_POINT('',(174.5,-109.8755,12.51));
#3493=CARTESIAN_POINT('',(174.5,-109.8755,16.51));
#3494=CARTESIAN_POINT('',(174.5,-109.8755,16.51));
#3495=CARTESIAN_POINT('',(172.5,-109.8755,16.51));
#3496=CARTESIAN_POINT('',(174.5,-120.68775,16.51));
#3497=CARTESIAN_POINT('',(174.5,-120.68775,12.51));
#3498=CARTESIAN_POINT('',(174.5,-131.5,12.51));
#3499=CARTESIAN_POINT('',(174.5,-131.5,16.51));
#3500=CARTESIAN_POINT('',(174.5,-131.5,16.51));
#3501=CARTESIAN_POINT('',(174.5,-120.68775,16.51));
#3502=CARTESIAN_POINT('',(172.5,-131.5,16.51));
#3503=CARTESIAN_POINT('',(172.5,-131.5,12.51));
#3504=CARTESIAN_POINT('',(170.5,-131.5,12.51));
#3505=CARTESIAN_POINT('',(170.5,-131.5,16.51));
#3506=CARTESIAN_POINT('',(170.5,-131.5,16.51));
#3507=CARTESIAN_POINT('',(172.5,-131.5,16.51));
#3508=CARTESIAN_POINT('',(170.5,-142.3125,16.51));
#3509=CARTESIAN_POINT('',(170.5,-142.3125,12.51));
#3510=CARTESIAN_POINT('',(170.5,-153.125,12.51));
#3511=CARTESIAN_POINT('',(170.5,-153.125,16.51));
#3512=CARTESIAN_POINT('',(170.5,-153.125,16.51));
#3513=CARTESIAN_POINT('',(170.5,-142.3125,16.51));
#3514=CARTESIAN_POINT('',(172.5,-153.125,16.51));
#3515=CARTESIAN_POINT('',(172.5,-153.125,12.51));
#3516=CARTESIAN_POINT('',(174.5,-153.125,12.51));
#3517=CARTESIAN_POINT('',(174.5,-153.125,16.51));
#3518=CARTESIAN_POINT('',(174.5,-153.125,16.51));
#3519=CARTESIAN_POINT('',(172.5,-153.125,16.51));
#3520=CARTESIAN_POINT('',(174.5,-163.9375,16.51));
#3521=CARTESIAN_POINT('',(174.5,-163.9375,12.51));
#3522=CARTESIAN_POINT('',(174.5,-174.75,12.51));
#3523=CARTESIAN_POINT('',(174.5,-174.75,16.51));
#3524=CARTESIAN_POINT('',(174.5,-174.75,16.51));
#3525=CARTESIAN_POINT('',(174.5,-163.9375,16.51));
#3526=CARTESIAN_POINT('',(172.5,-174.75,16.51));
#3527=CARTESIAN_POINT('',(170.5,-174.75,16.51));
#3528=CARTESIAN_POINT('',(170.5,-174.75,16.2559666924148));
#3529=CARTESIAN_POINT('',(170.5,-174.75,12.51));
#3530=CARTESIAN_POINT('',(172.5,-174.75,8.51));
#3531=CARTESIAN_POINT('',(172.5,-174.75,16.51));
#3532=CARTESIAN_POINT('',(172.5,-174.75,16.51));
#3533=CARTESIAN_POINT('',(172.5,-174.75,12.51));
#3534=CARTESIAN_POINT('',(170.5,-185.5625,16.51));
#3535=CARTESIAN_POINT('',(170.5,-191.406145691872,12.508));
#3536=CARTESIAN_POINT('',(170.5,-191.406145691872,12.51));
#3537=CARTESIAN_POINT('',(170.5,-191.406145691872,16.2559666924148));
#3538=CARTESIAN_POINT('',(170.5,-191.406145691872,16.2559666924148));
#3539=CARTESIAN_POINT('',(170.5,-185.5625,12.51));
#3540=CARTESIAN_POINT('',(196.,-132.5,16.51));
#3541=CARTESIAN_POINT('',(187.65,-148.75,16.51));
#3542=CARTESIAN_POINT('',(193.65,-148.75,16.51));
#3543=CARTESIAN_POINT('',(204.9,-148.75,16.51));
#3544=CARTESIAN_POINT('',(210.9,-148.75,16.51));
#3545=CARTESIAN_POINT('',(172.5,-132.5,16.51));
#3546=CARTESIAN_POINT('',(172.5,-132.5,16.51));
#3547=CARTESIAN_POINT('',(219.5,-191.406145691872,16.51));
#3548=CARTESIAN_POINT('',(219.5,-132.5,16.51));
#3549=CARTESIAN_POINT('',(196.,-132.5,12.51));
#3550=CARTESIAN_POINT('',(165.571796769725,-56.81275,12.51));
#3551=CARTESIAN_POINT('',(226.428203230275,-56.81275,12.51));
#3552=CARTESIAN_POINT('',(196.,-191.406145691872,12.51));
#3553=CARTESIAN_POINT('',(226.428203230275,-191.406145691872,12.51));
#3554=CARTESIAN_POINT('',(226.428203230275,-191.406145691872,12.51));
#3555=CARTESIAN_POINT('',(165.571796769725,-214.,12.51));
#3556=CARTESIAN_POINT('',(165.571796769725,-191.406145691872,12.51));
#3557=CARTESIAN_POINT('',(196.,-191.406145691872,12.51));
#3558=CARTESIAN_POINT('',(187.65,-148.75,12.51));
#3559=CARTESIAN_POINT('',(193.65,-148.75,12.51));
#3560=CARTESIAN_POINT('',(204.9,-148.75,12.51));
#3561=CARTESIAN_POINT('',(210.9,-148.75,12.51));
#3562=CARTESIAN_POINT('',(196.,-191.406145691872,12.508));
#3563=CARTESIAN_POINT('',(172.5,-191.406145691872,8.51));
#3564=CARTESIAN_POINT('',(196.,-191.406145691872,12.508));
#3565=CARTESIAN_POINT('',(219.5,-191.406145691872,8.51));
#3566=CARTESIAN_POINT('',(204.9,-148.75,16.512));
#3567=CARTESIAN_POINT('',(187.65,-148.75,16.512));
#3568=CARTESIAN_POINT('',(194.98,-218.002,3.325));
#3569=CARTESIAN_POINT('',(194.98,-218.002,5.825));
#3570=CARTESIAN_POINT('',(194.98,-218.002,0.825));
#3571=CARTESIAN_POINT('',(190.18,-218.002,5.825));
#3572=CARTESIAN_POINT('',(185.38,-218.002,5.825));
#3573=CARTESIAN_POINT('',(190.18,-218.002,0.825));
#3574=CARTESIAN_POINT('',(185.38,-218.002,0.825));
#3575=CARTESIAN_POINT('',(185.38,-218.002,3.325));
#3576=CARTESIAN_POINT('',(172.5,-48.,8.51));
#3577=CARTESIAN_POINT('',(172.5,-131.5,-1.49));
#3578=CARTESIAN_POINT('',(219.5,-216.,-1.49));
#3579=CARTESIAN_POINT('',(219.5,-48.,8.51));
#3580=CARTESIAN_POINT('',(219.5,-132.5,8.51));
#3581=CARTESIAN_POINT('',(172.5,-216.,8.51));
#3582=MECHANICAL_DESIGN_GEOMETRIC_PRESENTATION_REPRESENTATION('',(#2191),
#3584);
#3583=MECHANICAL_DESIGN_GEOMETRIC_PRESENTATION_REPRESENTATION('',(#2192),
#3585);
#3584=(
GEOMETRIC_REPRESENTATION_CONTEXT(3)
GLOBAL_UNCERTAINTY_ASSIGNED_CONTEXT((#3586))
GLOBAL_UNIT_ASSIGNED_CONTEXT((#3592,#3590,#3588))
REPRESENTATION_CONTEXT('Part 65','TOP_LEVEL_ASSEMBLY_PART')
);
#3585=(
GEOMETRIC_REPRESENTATION_CONTEXT(3)
GLOBAL_UNCERTAINTY_ASSIGNED_CONTEXT((#3587))
GLOBAL_UNIT_ASSIGNED_CONTEXT((#3593,#3591,#3589))
REPRESENTATION_CONTEXT('Part 66','TOP_LEVEL_ASSEMBLY_PART')
);
#3586=UNCERTAINTY_MEASURE_WITH_UNIT(LENGTH_MEASURE(1.E-5),#3592,
'DISTANCE_ACCURACY_VALUE','Maximum Tolerance applied to model');
#3587=UNCERTAINTY_MEASURE_WITH_UNIT(LENGTH_MEASURE(1.E-5),#3593,
'DISTANCE_ACCURACY_VALUE','Maximum Tolerance applied to model');
#3588=(
NAMED_UNIT(*)
SI_UNIT($,.STERADIAN.)
SOLID_ANGLE_UNIT()
);
#3589=(
NAMED_UNIT(*)
SI_UNIT($,.STERADIAN.)
SOLID_ANGLE_UNIT()
);
#3590=(
NAMED_UNIT(*)
PLANE_ANGLE_UNIT()
SI_UNIT($,.RADIAN.)
);
#3591=(
NAMED_UNIT(*)
PLANE_ANGLE_UNIT()
SI_UNIT($,.RADIAN.)
);
#3592=(
LENGTH_UNIT()
NAMED_UNIT(*)
SI_UNIT(.MILLI.,.METRE.)
);
#3593=(
LENGTH_UNIT()
NAMED_UNIT(*)
SI_UNIT(.MILLI.,.METRE.)
);
#3594=PRODUCT_DEFINITION_SHAPE('','',#3596);
#3595=PRODUCT_DEFINITION_SHAPE('','',#3597);
#3596=PRODUCT_DEFINITION('','',#3600,#3598);
#3597=PRODUCT_DEFINITION('','',#3601,#3599);
#3598=PRODUCT_DEFINITION_CONTEXT('',#3612,'design');
#3599=PRODUCT_DEFINITION_CONTEXT('',#3613,'design');
#3600=PRODUCT_DEFINITION_FORMATION_WITH_SPECIFIED_SOURCE('','',#3604,
 .NOT_KNOWN.);
#3601=PRODUCT_DEFINITION_FORMATION_WITH_SPECIFIED_SOURCE('','',#3605,
 .NOT_KNOWN.);
#3602=PRODUCT_RELATED_PRODUCT_CATEGORY('','',(#3604));
#3603=PRODUCT_RELATED_PRODUCT_CATEGORY('','',(#3605));
#3604=PRODUCT('Part 65','Part 65','Part 65',(#3608));
#3605=PRODUCT('Part 66','Part 66','Part 66',(#3609));
#3606=PRODUCT_CATEGORY('','');
#3607=PRODUCT_CATEGORY('','');
#3608=PRODUCT_CONTEXT('',#3612,'mechanical');
#3609=PRODUCT_CONTEXT('',#3613,'mechanical');
#3610=APPLICATION_PROTOCOL_DEFINITION('international standard',
'ap242_managed_model_based_3d_engineering',2020,#3612);
#3611=APPLICATION_PROTOCOL_DEFINITION('international standard',
'ap242_managed_model_based_3d_engineering',2020,#3613);
#3612=APPLICATION_CONTEXT('managed model based 3d engineering');
#3613=APPLICATION_CONTEXT('managed model based 3d engineering');
ENDSEC;
END-ISO-10303-21;
